Workbook

Sheet Base de Dados
A1: Área | B1: Sistema | C1: Tipo | D1: TAG | E1: Descrição | F1: (PC) Etapa | G1: (PC) Pergunta 01 | H1: (PC) Pergunta 01 [Monitoramento] | I1: (PC) Pergunta 02 | J1: (PC) Pergunta 02 [Monitoramento] | K1: (PC) Pergunta 03 | L1: (PC) Pergunta 03 [Monitoramento] | M1: (PC) Pergunta 04 | N1: (PC) Pergunta 04 [Monitoramento] | O1: (PC) Pergunta 05 | P1: (PC) Pergunta 05 [Monitoramento] | Q1: (PC) Pergunta 06 | R1: (PC) Pergunta 06 [Monitoramento] | S1: (PC) Pergunta 07 | T1: (PC) Pergunta 07 [Monitoramento] | U1: (PC) Pergunta 08 | V1: (PC) Pergunta 08 [Monitoramento] | W1: (PC) Pergunta 09 | X1: (PC) Pergunta 09 [Monitoramento] | Y1: (PC) Pergunta 10 | Z1: (PC) Pergunta 10 [Monitoramento] | AA1: (PC) Pergunta 11 | AB1: (PC) Pergunta 11 [Monitoramento] | AC1: (PC) Pergunta 12 | AD1: (PC) Pergunta 12 [Monitoramento] | AE1: (PC) Pergunta 13 | AF1: (PC) Pergunta 13 [Monitoramento] | AG1: (PC) Pergunta 14 | AH1: (PC) Pergunta 14 [Monitoramento] | AI1: (PC) Pergunta 15 | AJ1: (PC) Pergunta 15 [Monitoramento] | AK1: (PC) Pergunta 16 | AL1: (PC) Pergunta 16 [Monitoramento] | AM1: (PC) Pergunta 17 | AN1: (PC) Pergunta 17 [Monitoramento] | AO1: (PC) Pergunta 18 | AP1: (PC) Pergunta 18 [Monitoramento] | AQ1: (PC) Pergunta 19 | AR1: (PC) Pergunta 19 [Monitoramento] | AS1: (PC) Pergunta 20 | AT1: (PC) Pergunta 20 [Monitoramento] | AU1: (PC) Pergunta 21 | AV1: (PC) Pergunta 21 [Monitoramento] | AW1: (PC) Pergunta 22 | AX1: (PC) Pergunta 22 [Monitoramento] | AY1: (PC) Pergunta 23 | AZ1: (PC) Pergunta 23 [Monitoramento] | BA1: (PC) Pergunta 24 | BB1: (PC) Pergunta 24 [Monitoramento] | BC1: (PC) Pergunta 25 | BD1: (PC) Pergunta 25 [Monitoramento] | BE1: (PC) Pergunta 26 | BF1: (PC) Pergunta 26 [Monitoramento] | BG1: (PC) Pergunta 27 | BH1: (PC) Pergunta 27 [Monitoramento] | BI1: (PC) Pergunta 28 | BJ1: (PC) Pergunta 28 [Monitoramento] | BK1: (PC) Pergunta 29 | BL1: (PC) Pergunta 29 [Monitoramento] | BM1: (PC) Pergunta 30 | BN1: (PC) Pergunta 30 [Monitoramento] | BO1: (PC) Não Conformidade ? | BP1: (PC) Status Mecânica | BQ1: (PC) Mecânica Concluída: | BR1: (PC) Status Elétrica | BS1: (PC) Elétrica Concluída: | BT1: (PC) Status Checklist | BU1: (PC) Checklist Concluído: | BV1: (CE) Etapa | BW1: (CE) Pergunta 01 | BX1: (CE) Pergunta 01 [Monitoramento] | BY1: (CE) Pergunta 02 | BZ1: (CE) Pergunta 02 [Monitoramento] | CA1: (CE) Pergunta 03 | CB1: (CE) Pergunta 03 [Monitoramento] | CC1: (CE) Pergunta 04 | CD1: (CE) Pergunta 04 [Monitoramento] | CE1: (CE) Pergunta 05 | CF1: (CE) Pergunta 05 [Monitoramento] | CG1: (CE) Pergunta 06 | CH1: (CE) Pergunta 06 [Monitoramento] | CI1: (CE) Pergunta 07 | CJ1: (CE) Pergunta 07 [Monitoramento] | CK1: (CE) Pergunta 08 | CL1: (CE) Pergunta 08 [Monitoramento] | CM1: (CE) Pergunta 09 | CN1: (CE) Pergunta 09 [Monitoramento] | CO1: (CE) Pergunta 10 | CP1: (CE) Pergunta 10 [Monitoramento] | CQ1: (CE) Pergunta 11 | CR1: (CE) Pergunta 11 [Monitoramento] | CS1: (CE) Pergunta 12 | CT1: (CE) Pergunta 12 [Monitoramento] | CU1: (CE) Pergunta 13 | CV1: (CE) Pergunta 13 [Monitoramento] | CW1: (CE) Pergunta 14 | CX1: (CE) Pergunta 14 [Monitoramento] | CY1: (CE) Pergunta 15 | CZ1: (CE) Pergunta 15 [Monitoramento] | DA1: (CE) Não Conformidade ? | DB1: (CE) Status Mecânica | DC1: (CE) Mecânica Concluída: | DD1: (CE) Status Elétrica | DE1: (CE) Elétrica Concluída: | DF1: (CE) Status Checklist | DG1: (CE) Checklist Concluído: | DH1: (DF) Etapa | DI1: (DF) Pergunta 01 | DJ1: (DF) Pergunta 01 [Monitoramento] | DK1: (DF) Pergunta 02 | DL1: (DF) Pergunta 02 [Monitoramento] | DM1: (DF) Pergunta 03 | DN1: (DF) Pergunta 03 [Monitoramento] | DO1: (DF) Pergunta 04 | DP1: (DF) Pergunta 04 [Monitoramento] | DQ1: (DF) Pergunta 05 | DR1: (DF) Pergunta 05 [Monitoramento] | DS1: (DF) Pergunta 06 | DT1: (DF) Pergunta 06 [Monitoramento] | DU1: (DF) Pergunta 07 | DV1: (DF) Pergunta 07 [Monitoramento] | DW1: (DF) Pergunta 08 | DX1: (DF) Pergunta 08 [Monitoramento] | DY1: (DF) Pergunta 09 | DZ1: (DF) Pergunta 09 [Monitoramento] | EA1: (DF) Pergunta 10 | EB1: (DF) Pergunta 10 [Monitoramento] | EC1: (DF) Não Conformidade ? | ED1: (DF) Status Checklist | EE1: (DF) Checklist Concluído: | EF1: (DQ) Etapa | EG1: (DQ) Pergunta 01 | EH1: (DQ) Pergunta 01 [Monitoramento] | EI1: (DQ) Pergunta 02 | EJ1: (DQ) Pergunta 02 [Monitoramento] | EK1: (DQ) Pergunta 03 | EL1: (DQ) Pergunta 03 [Monitoramento] | EM1: (DQ) Pergunta 04 | EN1: (DQ) Pergunta 04 [Monitoramento] | EO1: (DQ) Pergunta 05 | EP1: (DQ) Pergunta 05 [Monitoramento] | EQ1: (DQ) Pergunta 06 | ER1: (DQ) Pergunta 06 [Monitoramento] | ES1: (DQ) Pergunta 07 | ET1: (DQ) Pergunta 07 [Monitoramento] | EU1: (DQ) Pergunta 08 | EV1: (DQ) Pergunta 08 [Monitoramento] | EW1: (DQ) Pergunta 09 | EX1: (DQ) Pergunta 09 [Monitoramento] | EY1: (DQ) Pergunta 10 | EZ1: (DQ) Pergunta 10 [Monitoramento] | FA1: (DQ) Pergunta 11 | FB1: (DQ) Pergunta 11 [Monitoramento] | FC1: (DQ) Não Conformidade ? | FD1: (DQ) Status Checklist | FE1: (DQ) Checklist Concluído: | FF1: Observação: | FG1: Observação Registrada em: | FH1: Tem Observação? | FI1: Status do Questionário | FJ1: Status do Questionário Concluído: | FK1: Última atualização: | FL1: Imagem do Equipamento: | FM1: Imagem do Equipamento Registrada em: | FN1: Imagem da Plaqueta do Motor: | FO1: Imagem da Plaqueta do Motor Registrada em: | FP1: Imagem (Display) | FQ1: Imagem Indisponível | FR1: Imagem Indisponível [Monitoramento]
A2: 10&20 - R.P.E | B2: Hilo | C2: Motoredutor | D2: HL-1001 | E2: DESCARREGADOR DE CANA | F2: Pré-Comissionamento | G2: Conforme | H2: Rafael De Carvalho Vasconcelos - 20/02/2025 13:55:41 | I2: Conforme | J2: Rafael De Carvalho Vasconcelos - 22/01/2025 16:03:56 | K2: Conforme | L2: Rafael De Carvalho Vasconcelos - 22/01/2025 16:04:02 | M2: Conforme | N2: Rafael De Carvalho Vasconcelos - 22/01/2025 16:04:08 | O2: Conforme | P2: Rafael De Carvalho Vasconcelos - 22/01/2025 16:04:18 | Q2: Conforme | R2: Rafael De Carvalho Vasconcelos - 22/01/2025 16:04:21 | S2: Conforme | T2: Danilo Estanislau Pereira - 21/01/2025 09:13:19 | U2: Conforme | V2: Danilo Estanislau Pereira - 21/01/2025 09:13:20 | W2: Conforme | X2: Danilo Estanislau Pereira - 21/01/2025 09:13:22 | Y2: Conforme | Z2: Danilo Estanislau Pereira - 21/01/2025 09:13:24 | AA2: Conforme | AB2: Danilo Estanislau Pereira - 21/01/2025 09:13:25 | AC2: Conforme | AD2: Danilo Estanislau Pereira - 21/01/2025 09:13:26 | BO2: Não | BP2: Sim | BQ2: 45708.58 | BR2: Sim | BS2: 45678.384 | BT2: Sim | BU2: 45708.58 | BV2: Comissionamento Estático | BW2: Conforme | BX2: Denis Ueslei Lopes Romero - 12/03/2025 08:11:21 | BY2: Conforme | BZ2: Denis Ueslei Lopes Romero - 12/03/2025 08:11:23 | CA2: Conforme | CB2: Denis Ueslei Lopes Romero - 12/03/2025 08:11:25 | CC2: Conforme | CD2: Denis Ueslei Lopes Romero - 12/03/2025 08:11:27 | DA2: Não | DB2: Sim | DC2: 45728.341 | DD2: Sim | DE2: 45728.341 | DF2: Sim | DG2: 45728.341 | DH2: Dinâmico Frio | DI2: Conforme | DJ2: Rafael Schafaschek - 15/03/2025 10:31:44 | DK2: Conforme | DL2: Rafael Schafaschek - 15/03/2025 10:31:43 | DM2: Conforme | DN2: Rafael Schafaschek - 15/03/2025 10:31:43 | DO2: Conforme | DP2: Rafael Schafaschek - 15/03/2025 10:31:42 | DQ2: Conforme | DR2: Rafael Schafaschek - 15/03/2025 10:31:45 | EC2: Não | ED2: Sim | EE2: 45731.439 | EF2: Dinâmico Quente | EG2: Não Aplicável | EH2: Rafael Schafaschek - 15/03/2025 12:59:42 | EI2: Conforme | EJ2: Rafael Schafaschek - 15/03/2025 12:59:43 | EK2: Conforme | EL2: Rafael Schafaschek - 15/03/2025 12:59:43 | EM2: Conforme | EN2: Rafael Schafaschek - 15/03/2025 12:59:43 | FC2: Não | FD2: Sim | FE2: 45731.541 | FH2: Não | FI2: Feito | FJ2: 45731.541 | FK2: Rafael Schafaschek - 15/03/2025 12:59:43 | FL2: Base de Dados_Images/HL-1001.Imagem do Equipamento-.121315.jpg | FM2: Danilo Estanislau Pereira - 21/01/2025 09:12:58 | FN2: Base de Dados_Images/HL-1001.Imagem da Plaqueta do Motor-.121315.jpg | FO2: Danilo Estanislau Pereira - 21/01/2025 09:13:08 | FP2: =FL2 -> Base de Dados_Images/HL-1001.Imagem do Equipamento-.121315.jpg
A3: 10&20 - R.P.E | B3: Hilo | C3: Motor e Bomba | D3: HL-1001B | E3: BOMBA DE LUBRIFICAÇÃO HILO | F3: Pré-Comissionamento | G3: Conforme | H3: Rafael De Carvalho Vasconcelos - 20/02/2025 13:56:06 | I3: Conforme | J3: Rafael De Carvalho Vasconcelos - 22/01/2025 16:03:09 | K3: Conforme | L3: Rafael De Carvalho Vasconcelos - 22/01/2025 16:03:15 | M3: Conforme | N3: Rafael De Carvalho Vasconcelos - 22/01/2025 16:03:24 | O3: Conforme | P3: Rafael De Carvalho Vasconcelos - 22/01/2025 16:03:26 | Q3: Conforme | R3: Rafael De Carvalho Vasconcelos - 22/01/2025 16:03:28 | S3: Conforme | T3: Rafael De Carvalho Vasconcelos - 22/01/2025 16:03:30 | U3: Conforme | V3: Rafael De Carvalho Vasconcelos - 22/01/2025 16:03:32 | W3: Não Aplicável | X3: Rafael De Carvalho Vasconcelos - 22/01/2025 16:03:37 | Y3: Não Aplicável | Z3: Rafael De Carvalho Vasconcelos - 22/01/2025 16:03:38 | AA3: Conforme | AB3: Danilo Estanislau Pereira - 21/01/2025 09:15:19 | AC3: Conforme | AD3: Danilo Estanislau Pereira - 21/01/2025 09:15:20 | AE3: Conforme | AF3: Danilo Estanislau Pereira - 21/01/2025 09:15:23 | AG3: Conforme | AH3: Danilo Estanislau Pereira - 21/01/2025 09:15:27 | AI3: Conforme | AJ3: Danilo Estanislau Pereira - 21/01/2025 09:15:28 | AK3: Conforme | AL3: Danilo Estanislau Pereira - 21/01/2025 09:15:31 | BO3: Não | BP3: Sim | BQ3: 45679.669 | BR3: Sim | BS3: 45708.581 | BT3: Sim | BU3: 45708.581 | BV3: Comissionamento Estático | BW3: Conforme | BX3: Denis Ueslei Lopes Romero - 12/03/2025 08:10:37 | BY3: Conforme | BZ3: Denis Ueslei Lopes Romero - 12/03/2025 08:10:38 | CA3: Conforme | CB3: Denis Ueslei Lopes Romero - 12/03/2025 08:10:41 | CC3: Conforme | CD3: Denis Ueslei Lopes Romero - 12/03/2025 08:10:47 | CE3: Conforme | CF3: Denis Ueslei Lopes Romero - 12/03/2025 08:10:51 | CG3: Conforme | CH3: Denis Ueslei Lopes Romero - 12/03/2025 08:10:53 | DA3: Não | DB3: Sim | DC3: 45728.341 | DD3: Sim | DE3: 45728.341 | DF3: Sim | DG3: 45728.341 | DH3: Dinâmico Frio | DI3: Conforme | DJ3: Rafael Schafaschek - 15/03/2025 10:31:37 | DK3: Conforme | DL3: Rafael Schafaschek - 15/03/2025 10:31:37 | DM3: Conforme | DN3: Rafael Schafaschek - 15/03/2025 10:31:36 | DO3: Conforme | DP3: Rafael Schafaschek - 15/03/2025 10:31:36 | EC3: Não | ED3: Sim | EE3: 45731.439 | EF3: Dinâmico Quente | EG3: Não Aplicável | EH3: Rafael Schafaschek - 15/03/2025 12:59:36 | EI3: Conforme | EJ3: Rafael Schafaschek - 15/03/2025 12:59:38 | EK3: Conforme | EL3: Rafael Schafaschek - 15/03/2025 12:59:37 | EM3: Conforme | EN3: Rafael Schafaschek - 15/03/2025 12:59:37 | FC3: Não | FD3: Sim | FE3: 45731.541 | FH3: Não | FI3: Feito | FJ3: 45731.541 | FK3: Rafael Schafaschek - 15/03/2025 12:59:38 | FL3: Base de Dados_Images/HL-1001B.Imagem do Equipamento-.121507.jpg | FM3: Danilo Estanislau Pereira - 21/01/2025 09:14:37 | FN3: Base de Dados_Images/HL-1001B.Imagem da Plaqueta do Motor-.121507.jpg | FO3: Danilo Estanislau Pereira - 21/01/2025 09:15:01 | FP3: =FL3 -> Base de Dados_Images/HL-1001B.Imagem do Equipamento-.121507.jpg
A4: 10&20 - R.P.E | B4: Cush Cush | C4: Esteira Metálica | D4: ER-1001 | E4: ESTEIRA CUSH X CUSH DE PALHA | F4: Pré-Comissionamento | G4: Conforme | H4: Denis Ueslei Lopes Romero - 12/03/2025 08:18:04 | I4: Conforme | J4: Denis Ueslei Lopes Romero - 12/03/2025 08:18:04 | K4: Conforme | L4: Denis Ueslei Lopes Romero - 12/03/2025 08:18:06 | M4: Conforme | N4: Denis Ueslei Lopes Romero - 12/03/2025 08:18:08 | O4: Conforme | P4: Denis Ueslei Lopes Romero - 12/03/2025 08:18:10 | Q4: Conforme | R4: Denis Ueslei Lopes Romero - 12/03/2025 08:18:11 | S4: Conforme | T4: Denis Ueslei Lopes Romero - 12/03/2025 08:18:14 | U4: Conforme | V4: Denis Ueslei Lopes Romero - 12/03/2025 08:18:16 | W4: Conforme | X4: Denis Ueslei Lopes Romero - 12/03/2025 08:18:20 | Y4: Conforme | Z4: Denis Ueslei Lopes Romero - 12/03/2025 08:18:22 | AA4: Conforme | AB4: Denis Ueslei Lopes Romero - 12/03/2025 08:18:25 | AC4: Conforme | AD4: Denis Ueslei Lopes Romero - 12/03/2025 08:18:27 | AE4: Conforme | AF4: Denis Ueslei Lopes Romero - 12/03/2025 08:18:28 | AG4: Conforme | AH4: Denis Ueslei Lopes Romero - 12/03/2025 08:18:32 | AI4: Conforme | AJ4: Luis Antonio Batista - 11/03/2025 14:57:46 | AK4: Conforme | AL4: Denis Ueslei Lopes Romero - 12/03/2025 08:18:37 | AM4: Conforme | AN4: Luis Antonio Batista - 11/03/2025 14:57:53 | AO4: Conforme | AP4: Rafael Schafaschek - 14/03/2025 17:55:12 | AQ4: Conforme | AR4: Luis Antonio Batista - 11/03/2025 14:57:58 | AS4: Conforme | AT4: Luis Antonio Batista - 11/03/2025 14:58:01 | BO4: Não | BP4: Sim | BQ4: 45728.346 | BR4: Sim | BS4: 45730.747 | BT4: Sim | BU4: 45730.747 | BV4: Comissionamento Estático | BW4: Conforme | BX4: Rafael Schafaschek - 15/03/2025 09:49:54 | BY4: Conforme | BZ4: Rafael Schafaschek - 15/03/2025 09:49:54 | CA4: Conforme | CB4: Rafael Schafaschek - 15/03/2025 09:49:53 | CC4: Conforme | CD4: Rafael Schafaschek - 15/03/2025 09:49:55 | DA4: Não | DB4: Sim | DC4: 45731.41 | DD4: Sim | DE4: 45731.41 | DF4: Sim | DG4: 45731.41 | DH4: Dinâmico Frio | DI4: Conforme | DJ4: Rafael Schafaschek - 15/03/2025 09:50:05 | DK4: Conforme | DL4: Rafael Schafaschek - 15/03/2025 09:50:05 | DM4: Conforme | DN4: Rafael Schafaschek - 15/03/2025 09:50:05 | DO4: Conforme | DP4: Rafael Schafaschek - 15/03/2025 09:50:08 | DQ4: Conforme | DR4: Rafael Schafaschek - 15/03/2025 09:50:07 | DS4: Conforme | DT4: Rafael Schafaschek - 15/03/2025 09:50:09 | EC4: Não | ED4: Sim | EE4: 45731.41 | EF4: Dinâmico Quente | EG4: Conforme | EH4: Rafael Schafaschek - 15/03/2025 12:59:53 | EI4: Conforme | EJ4: Rafael Schafaschek - 15/03/2025 12:59:54 | FC4: Não | FD4: Sim | FE4: 45731.542 | FH4: Não | FI4: Feito | FJ4: 45731.542 | FK4: Rafael Schafaschek - 15/03/2025 12:59:54 | FL4: Base de Dados_Images/ER-1001.Imagem do Equipamento-.175735.jpg | FM4: Luis Antonio Batista - 11/03/2025 14:57:30 | FP4: =FL4 -> Base de Dados_Images/ER-1001.Imagem do Equipamento-.175735.jpg
A5: 10&20 - R.P.E | B5: Mesa N°1 | C5: Mesa Alimentadora | D5: MA-1001-A | E5: ACIONAMENTO MESA Nº1 LD | F5: Pré-Comissionamento | G5: Conforme | H5: Denis Ueslei Lopes Romero - 12/03/2025 08:13:52 | I5: Conforme | J5: Denis Ueslei Lopes Romero - 12/03/2025 08:13:53 | K5: Conforme | L5: Denis Ueslei Lopes Romero - 12/03/2025 08:13:58 | M5: Conforme | N5: Denis Ueslei Lopes Romero - 12/03/2025 08:13:59 | O5: Conforme | P5: Denis Ueslei Lopes Romero - 12/03/2025 08:14:02 | Q5: Conforme | R5: Denis Ueslei Lopes Romero - 12/03/2025 08:14:03 | S5: Conforme | T5: Denis Ueslei Lopes Romero - 12/03/2025 08:14:26 | U5: Conforme | V5: Denis Ueslei Lopes Romero - 12/03/2025 08:14:27 | W5: Conforme | X5: Denis Ueslei Lopes Romero - 12/03/2025 08:14:30 | Y5: Conforme | Z5: Denis Ueslei Lopes Romero - 12/03/2025 08:14:32 | AA5: Conforme | AB5: Rafael Schafaschek - 14/03/2025 17:55:26 | AC5: Conforme | AD5: Denis Ueslei Lopes Romero - 12/03/2025 08:14:53 | AE5: Conforme | AF5: Denis Ueslei Lopes Romero - 12/03/2025 08:14:54 | AG5: Conforme | AH5: Denis Ueslei Lopes Romero - 12/03/2025 08:14:56 | AI5: Conforme | AJ5: Denis Ueslei Lopes Romero - 12/03/2025 08:14:58 | AK5: Conforme | AL5: Denis Ueslei Lopes Romero - 12/03/2025 08:15:00 | AM5: Conforme | AN5: Denis Ueslei Lopes Romero - 12/03/2025 08:15:01 | AO5: Conforme | AP5: Denis Ueslei Lopes Romero - 12/03/2025 08:15:02 | AQ5: Conforme | AR5: Denis Ueslei Lopes Romero - 12/03/2025 08:15:03 | AS5: Conforme | AT5: Denis Ueslei Lopes Romero - 12/03/2025 08:15:04 | AU5: Conforme | AV5: Denis Ueslei Lopes Romero - 12/03/2025 08:15:06 | BO5: Não | BP5: Sim | BQ5: 45730.747 | BR5: Sim | BS5: 45728.344 | BT5: Sim | BU5: 45730.747 | BV5: Comissionamento Estático | BW5: Conforme | BX5: Gabriel Batista Cousso - 12/03/2025 13:35:12 | BY5: Conforme | BZ5: Denis Ueslei Lopes Romero - 15/03/2025 08:22:55 | CA5: Conforme | CB5: Denis Ueslei Lopes Romero - 15/03/2025 08:22:55 | CC5: Conforme | CD5: Denis Ueslei Lopes Romero - 15/03/2025 08:22:55 | DA5: Não | DB5: Sim | DC5: 45728.566 | DD5: Sim | DE5: 45731.349 | DF5: Sim | DG5: 45731.349 | DH5: Dinâmico Frio | DI5: Conforme | DJ5: Rafael Schafaschek - 15/03/2025 10:18:06 | DK5: Conforme | DL5: Rafael Schafaschek - 15/03/2025 10:18:06 | DM5: Conforme | DN5: Rafael Schafaschek - 15/03/2025 10:18:06 | EC5: Não | ED5: Sim | EE5: 45731.429 | EF5: Dinâmico Quente | FC5: Não | FD5: Não Aplica | FH5: Não | FI5: Feito | FJ5: 45731.429 | FK5: Rafael Schafaschek - 15/03/2025 10:18:06 | FP5: =FL5
A6: 10&20 - R.P.E | B6: Mesa N°1 | C6: Mesa Alimentadora | D6: MA-1001-B | E6: ACIONAMENTO MESA Nº1 LE | F6: Pré-Comissionamento | G6: Conforme | H6: Denis Ueslei Lopes Romero - 12/03/2025 08:15:58 | I6: Conforme | J6: Denis Ueslei Lopes Romero - 12/03/2025 08:15:58 | K6: Conforme | L6: Denis Ueslei Lopes Romero - 12/03/2025 08:16:01 | M6: Conforme | N6: Denis Ueslei Lopes Romero - 12/03/2025 08:16:03 | O6: Conforme | P6: Denis Ueslei Lopes Romero - 12/03/2025 08:16:28 | Q6: Conforme | R6: Denis Ueslei Lopes Romero - 12/03/2025 08:16:30 | S6: Conforme | T6: Denis Ueslei Lopes Romero - 12/03/2025 08:16:31 | U6: Conforme | V6: Denis Ueslei Lopes Romero - 12/03/2025 08:16:33 | W6: Conforme | X6: Denis Ueslei Lopes Romero - 12/03/2025 08:16:34 | Y6: Conforme | Z6: Denis Ueslei Lopes Romero - 12/03/2025 08:16:41 | AA6: Conforme | AB6: Rafael Schafaschek - 14/03/2025 17:55:34 | AC6: Conforme | AD6: Denis Ueslei Lopes Romero - 12/03/2025 08:16:46 | AE6: Conforme | AF6: Denis Ueslei Lopes Romero - 12/03/2025 08:16:48 | AG6: Conforme | AH6: Denis Ueslei Lopes Romero - 12/03/2025 08:16:48 | AI6: Conforme | AJ6: Denis Ueslei Lopes Romero - 12/03/2025 08:16:49 | AK6: Conforme | AL6: Luis Antonio Batista - 11/03/2025 15:01:41 | AM6: Conforme | AN6: Luis Antonio Batista - 11/03/2025 15:01:46 | AO6: Conforme | AP6: Luis Antonio Batista - 11/03/2025 15:01:47 | AQ6: Conforme | AR6: Luis Antonio Batista - 11/03/2025 15:01:52 | AS6: Conforme | AT6: Luis Antonio Batista - 11/03/2025 15:01:55 | AU6: Conforme | AV6: Luis Antonio Batista - 11/03/2025 15:01:57 | BO6: Não | BP6: Sim | BQ6: 45730.747 | BR6: Sim | BS6: 45727.626 | BT6: Sim | BU6: 45730.747 | BV6: Comissionamento Estático | BW6: Conforme | BX6: Gabriel Batista Cousso - 12/03/2025 13:35:20 | BY6: Conforme | BZ6: Denis Ueslei Lopes Romero - 15/03/2025 08:22:44 | CA6: Conforme | CB6: Denis Ueslei Lopes Romero - 15/03/2025 08:22:44 | CC6: Conforme | CD6: Denis Ueslei Lopes Romero - 15/03/2025 08:22:43 | DA6: Não | DB6: Sim | DC6: 45728.566 | DD6: Sim | DE6: 45731.349 | DF6: Sim | DG6: 45731.349 | DH6: Dinâmico Frio | DI6: Conforme | DJ6: Rafael Schafaschek - 15/03/2025 10:18:13 | DK6: Conforme | DL6: Rafael Schafaschek - 15/03/2025 10:18:12 | DM6: Conforme | DN6: Rafael Schafaschek - 15/03/2025 10:18:12 | EC6: Não | ED6: Sim | EE6: 45731.429 | EF6: Dinâmico Quente | FC6: Não | FD6: Não Aplica | FH6: Não | FI6: Feito | FJ6: 45731.429 | FK6: Rafael Schafaschek - 15/03/2025 10:18:13 | FL6: Base de Dados_Images/MA-1001-B.Imagem do Equipamento-.180111.jpg | FM6: Luis Antonio Batista - 11/03/2025 15:01:05 | FP6: =FL6 -> Base de Dados_Images/MA-1001-B.Imagem do Equipamento-.180111.jpg
A7: 10&20 - R.P.E | B7: Mesa N°2 | C7: Mesa Alimentadora | D7: MA-1002-A | E7: ACIONAMENTO MESA Nº2 LD | F7: Pré-Comissionamento | G7: Conforme | H7: Denis Ueslei Lopes Romero - 12/03/2025 08:17:23 | I7: Conforme | J7: Denis Ueslei Lopes Romero - 12/03/2025 08:17:27 | K7: Conforme | L7: Denis Ueslei Lopes Romero - 12/03/2025 08:17:25 | M7: Conforme | N7: Denis Ueslei Lopes Romero - 12/03/2025 08:17:30 | O7: Conforme | P7: Denis Ueslei Lopes Romero - 12/03/2025 08:17:31 | Q7: Conforme | R7: Denis Ueslei Lopes Romero - 12/03/2025 08:17:33 | S7: Conforme | T7: Denis Ueslei Lopes Romero - 12/03/2025 08:17:34 | U7: Conforme | V7: Denis Ueslei Lopes Romero - 12/03/2025 08:17:46 | W7: Conforme | X7: Denis Ueslei Lopes Romero - 12/03/2025 08:17:47 | Y7: Conforme | Z7: Rafael Schafaschek - 14/03/2025 17:53:47 | AA7: Conforme | AB7: Rafael Schafaschek - 14/03/2025 17:53:47 | AC7: Conforme | AD7: Denis Ueslei Lopes Romero - 12/03/2025 09:34:15 | AE7: Conforme | AF7: Denis Ueslei Lopes Romero - 12/03/2025 09:33:49 | AG7: Conforme | AH7: Denis Ueslei Lopes Romero - 12/03/2025 09:33:47 | AI7: Conforme | AJ7: Denis Ueslei Lopes Romero - 12/03/2025 09:33:48 | AK7: Conforme | AL7: Denis Ueslei Lopes Romero - 12/03/2025 09:33:59 | AM7: Conforme | AN7: Denis Ueslei Lopes Romero - 12/03/2025 09:34:01 | AO7: Conforme | AP7: Denis Ueslei Lopes Romero - 12/03/2025 09:34:02 | AQ7: Conforme | AR7: Denis Ueslei Lopes Romero - 12/03/2025 09:34:09 | AS7: Conforme | AT7: Denis Ueslei Lopes Romero - 12/03/2025 09:34:06 | AU7: Conforme | AV7: Denis Ueslei Lopes Romero - 12/03/2025 09:34:11 | BO7: Não | BP7: Sim | BQ7: 45730.746 | BR7: Sim | BS7: 45728.399 | BT7: Sim | BU7: 45730.746 | BV7: Comissionamento Estático | BW7: Conforme | BX7: Denis Ueslei Lopes Romero - 15/03/2025 08:23:18 | BY7: Conforme | BZ7: Denis Ueslei Lopes Romero - 15/03/2025 08:23:17 | CA7: Conforme | CB7: Denis Ueslei Lopes Romero - 15/03/2025 08:23:17 | CC7: Conforme | CD7: Denis Ueslei Lopes Romero - 15/03/2025 08:23:17 | DA7: Não | DB7: Sim | DC7: 45731.35 | DD7: Sim | DE7: 45731.35 | DF7: Sim | DG7: 45731.35 | DH7: Dinâmico Frio | DI7: Conforme | DJ7: Rafael Schafaschek - 15/03/2025 10:18:22 | DK7: Conforme | DL7: Rafael Schafaschek - 15/03/2025 10:18:22 | DM7: Conforme | DN7: Rafael Schafaschek - 15/03/2025 10:18:21 | EC7: Não | ED7: Sim | EE7: 45731.429 | EF7: Dinâmico Quente | FC7: Não | FD7: Não Aplica | FH7: Não | FI7: Feito | FJ7: 45731.429 | FK7: Rafael Schafaschek - 15/03/2025 10:18:22 | FP7: =FL7
A8: 10&20 - R.P.E | B8: Mesa N°2 | C8: Mesa Alimentadora | D8: MA-1002-B | E8: ACIONAMENTO MESA Nº2 LE | F8: Pré-Comissionamento | G8: Conforme | H8: Denis Ueslei Lopes Romero - 12/03/2025 09:34:27 | I8: Conforme | J8: Denis Ueslei Lopes Romero - 12/03/2025 09:34:29 | K8: Conforme | L8: Denis Ueslei Lopes Romero - 12/03/2025 09:34:31 | M8: Conforme | N8: Denis Ueslei Lopes Romero - 12/03/2025 09:34:32 | O8: Conforme | P8: Denis Ueslei Lopes Romero - 12/03/2025 09:34:34 | Q8: Conforme | R8: Denis Ueslei Lopes Romero - 12/03/2025 09:34:35 | S8: Conforme | T8: Denis Ueslei Lopes Romero - 12/03/2025 09:34:37 | U8: Conforme | V8: Denis Ueslei Lopes Romero - 12/03/2025 09:34:38 | W8: Conforme | X8: Denis Ueslei Lopes Romero - 12/03/2025 09:34:40 | Y8: Conforme | Z8: Denis Ueslei Lopes Romero - 12/03/2025 09:34:42 | AA8: Conforme | AB8: Rafael Schafaschek - 14/03/2025 17:53:57 | AC8: Conforme | AD8: Denis Ueslei Lopes Romero - 12/03/2025 09:34:46 | AE8: Conforme | AF8: Denis Ueslei Lopes Romero - 12/03/2025 09:34:48 | AG8: Conforme | AH8: Denis Ueslei Lopes Romero - 12/03/2025 09:34:49 | AI8: Conforme | AJ8: Denis Ueslei Lopes Romero - 12/03/2025 09:34:51 | AK8: Conforme | AL8: Luis Antonio Batista - 11/03/2025 15:03:16 | AM8: Conforme | AN8: Luis Antonio Batista - 11/03/2025 15:03:19 | AO8: Conforme | AP8: Luis Antonio Batista - 11/03/2025 15:03:23 | AQ8: Conforme | AR8: Luis Antonio Batista - 11/03/2025 15:03:27 | AS8: Conforme | AT8: Luis Antonio Batista - 11/03/2025 15:03:29 | AU8: Conforme | AV8: Luis Antonio Batista - 11/03/2025 15:03:31 | BO8: Não | BP8: Sim | BQ8: 45730.746 | BR8: Sim | BS8: 45727.627 | BT8: Sim | BU8: 45730.746 | BV8: Comissionamento Estático | BW8: Conforme | BX8: Denis Ueslei Lopes Romero - 15/03/2025 08:23:26 | BY8: Conforme | BZ8: Denis Ueslei Lopes Romero - 15/03/2025 08:23:25 | CA8: Conforme | CB8: Denis Ueslei Lopes Romero - 15/03/2025 08:23:25 | CC8: Conforme | CD8: Denis Ueslei Lopes Romero - 15/03/2025 08:23:25 | DA8: Não | DB8: Sim | DC8: 45731.35 | DD8: Sim | DE8: 45731.35 | DF8: Sim | DG8: 45731.35 | DH8: Dinâmico Frio | DI8: Conforme | DJ8: Rafael Schafaschek - 15/03/2025 10:18:27 | DK8: Conforme | DL8: Rafael Schafaschek - 15/03/2025 10:18:26 | DM8: Conforme | DN8: Rafael Schafaschek - 15/03/2025 10:18:26 | EC8: Não | ED8: Sim | EE8: 45731.429 | EF8: Dinâmico Quente | FC8: Não | FD8: Não Aplica | FH8: Não | FI8: Feito | FJ8: 45731.429 | FK8: Rafael Schafaschek - 15/03/2025 10:18:27 | FL8: Base de Dados_Images/MA-1002-B.Imagem do Equipamento-.180254.jpg | FM8: Luis Antonio Batista - 11/03/2025 15:02:50 | FP8: =FL8 -> Base de Dados_Images/MA-1002-B.Imagem do Equipamento-.180254.jpg
A9: 10&20 - R.P.E | B9: Picador 2 | C9: Transmissor | D9: TRM-123-01 | E9: PRESSÃO ÓLEO DA TURBINA DO PICADOR 2 | F9: Pré-Comissionamento | G9: Conforme | H9: Gabriel Batista Cousso - 11/03/2025 11:27:24 | I9: Conforme | J9: Gabriel Batista Cousso - 11/03/2025 11:27:24 | K9: Conforme | L9: Gabriel Batista Cousso - 11/03/2025 11:27:25 | M9: Conforme | N9: Gabriel Batista Cousso - 11/03/2025 11:27:26 | BO9: Não | BP9: Sim | BQ9: 45727.477 | BR9: Sim | BS9: 45727.477 | BT9: Sim | BU9: 45727.477 | BV9: Comissionamento Estático | BW9: Conforme | BX9: Gabriel Batista Cousso - 11/03/2025 12:56:36 | BY9: Conforme | BZ9: Gabriel Batista Cousso - 11/03/2025 12:56:36 | CA9: Conforme | CB9: Gabriel Batista Cousso - 11/03/2025 12:56:37 | DA9: Não | DB9: Não Aplica | DD9: Sim | DE9: 45727.539 | DF9: Sim | DG9: 45727.539 | DH9: Dinâmico Frio | DI9: Conforme | DJ9: Gabriel Batista Cousso - 12/03/2025 14:29:42 | DK9: Conforme | DL9: Gabriel Batista Cousso - 12/03/2025 14:29:42 | EC9: Não | ED9: Sim | EE9: 45728.604 | EF9: Dinâmico Quente | EG9: Conforme | EH9: Rafael Schafaschek - 15/03/2025 13:00:17 | EI9: Conforme | EJ9: Rafael Schafaschek - 15/03/2025 13:00:17 | FC9: Não | FD9: Sim | FE9: 45731.542 | FH9: Não | FI9: Feito | FJ9: 45731.542 | FK9: Rafael Schafaschek - 15/03/2025 13:00:17 | FL9: Base de Dados_Images/TRM-123-01.Imagem do Equipamento-.194910.jpg | FM9: Eliezer Vieira Dutra - 12/03/2025 16:49:03 | FP9: =FL9 -> Base de Dados_Images/TRM-123-01.Imagem do Equipamento-.194910.jpg
A10: 10&20 - R.P.E | B10: Picador 2 | C10: Transmissor | D10: TRM-119-01 | E10: PRESSÃO VAPOR DE ADMISSÃO DO PICADOR 2 | F10: Pré-Comissionamento | G10: Conforme | H10: Gabriel Batista Cousso - 11/03/2025 11:27:29 | I10: Conforme | J10: Gabriel Batista Cousso - 11/03/2025 11:27:30 | K10: Conforme | L10: Gabriel Batista Cousso - 11/03/2025 11:27:31 | M10: Conforme | N10: Gabriel Batista Cousso - 11/03/2025 11:27:31 | BO10: Não | BP10: Sim | BQ10: 45727.477 | BR10: Sim | BS10: 45727.477 | BT10: Sim | BU10: 45727.477 | BV10: Comissionamento Estático | BW10: Conforme | BX10: Gabriel Batista Cousso - 11/03/2025 12:56:42 | BY10: Conforme | BZ10: Gabriel Batista Cousso - 11/03/2025 12:56:42 | CA10: Conforme | CB10: Gabriel Batista Cousso - 11/03/2025 12:56:42 | DA10: Não | DB10: Não Aplica | DD10: Sim | DE10: 45727.539 | DF10: Sim | DG10: 45727.539 | DH10: Dinâmico Frio | DI10: Conforme | DJ10: Gabriel Batista Cousso - 12/03/2025 14:29:46 | DK10: Conforme | DL10: Gabriel Batista Cousso - 12/03/2025 14:29:47 | EC10: Não | ED10: Sim | EE10: 45728.604 | EF10: Dinâmico Quente | EG10: Conforme | EH10: Rafael Schafaschek - 15/03/2025 13:00:20 | EI10: Conforme | EJ10: Rafael Schafaschek - 15/03/2025 13:00:20 | FC10: Não | FD10: Sim | FE10: 45731.542 | FH10: Não | FI10: Feito | FJ10: 45731.542 | FK10: Rafael Schafaschek - 15/03/2025 13:00:20 | FL10: Base de Dados_Images/TRM-119-01.Imagem do Equipamento-.194935.jpg | FM10: Eliezer Vieira Dutra - 12/03/2025 16:49:27 | FP10: =FL10 -> Base de Dados_Images/TRM-119-01.Imagem do Equipamento-.194935.jpg
A11: 10&20 - R.P.E | B11: Picador 2 | C11: Transmissor | D11: TRM-121-01 | E11: PRESSÃO VAPOR DE ESCAPE DO PICADOR 2 | F11: Pré-Comissionamento | G11: Conforme | H11: Gabriel Batista Cousso - 11/03/2025 11:27:35 | I11: Conforme | J11: Gabriel Batista Cousso - 11/03/2025 11:27:36 | K11: Conforme | L11: Gabriel Batista Cousso - 11/03/2025 11:27:36 | M11: Conforme | N11: Gabriel Batista Cousso - 11/03/2025 11:27:37 | BO11: Não | BP11: Sim | BQ11: 45727.477 | BR11: Sim | BS11: 45727.478 | BT11: Sim | BU11: 45727.478 | BV11: Comissionamento Estático | BW11: Conforme | BX11: Gabriel Batista Cousso - 11/03/2025 12:56:46 | BY11: Conforme | BZ11: Gabriel Batista Cousso - 11/03/2025 12:56:47 | CA11: Conforme | CB11: Gabriel Batista Cousso - 11/03/2025 12:56:47 | DA11: Não | DB11: Não Aplica | DD11: Sim | DE11: 45727.539 | DF11: Sim | DG11: 45727.539 | DH11: Dinâmico Frio | DI11: Conforme | DJ11: Gabriel Batista Cousso - 12/03/2025 14:29:50 | DK11: Conforme | DL11: Gabriel Batista Cousso - 12/03/2025 14:29:50 | EC11: Não | ED11: Sim | EE11: 45728.604 | EF11: Dinâmico Quente | EG11: Conforme | EH11: Rafael Schafaschek - 15/03/2025 13:00:24 | EI11: Conforme | EJ11: Rafael Schafaschek - 15/03/2025 13:00:24 | FC11: Não | FD11: Sim | FE11: 45731.542 | FH11: Não | FI11: Feito | FJ11: 45731.542 | FK11: Rafael Schafaschek - 15/03/2025 13:00:24 | FL11: Base de Dados_Images/TRM-121-01.Imagem do Equipamento-.195023.jpg | FM11: Eliezer Vieira Dutra - 12/03/2025 16:50:14 | FP11: =FL11 -> Base de Dados_Images/TRM-121-01.Imagem do Equipamento-.195023.jpg
A12: 10&20 - R.P.E | B12: Picador 2 | C12: Transmissor | D12: TRM-120-01 | E12: PRESSÃOCÂMARA DA RODA DO PICADOR 2 | F12: Pré-Comissionamento | G12: Conforme | H12: Gabriel Batista Cousso - 11/03/2025 11:27:41 | I12: Conforme | J12: Gabriel Batista Cousso - 11/03/2025 11:27:42 | K12: Conforme | L12: Gabriel Batista Cousso - 11/03/2025 11:27:43 | M12: Conforme | N12: Gabriel Batista Cousso - 11/03/2025 11:27:44 | BO12: Não | BP12: Sim | BQ12: 45727.478 | BR12: Sim | BS12: 45727.478 | BT12: Sim | BU12: 45727.478 | BV12: Comissionamento Estático | BW12: Conforme | BX12: Gabriel Batista Cousso - 11/03/2025 12:57:16 | BY12: Conforme | BZ12: Gabriel Batista Cousso - 11/03/2025 12:57:16 | CA12: Conforme | CB12: Gabriel Batista Cousso - 11/03/2025 12:57:17 | DA12: Não | DB12: Não Aplica | DD12: Sim | DE12: 45727.54 | DF12: Sim | DG12: 45727.54 | DH12: Dinâmico Frio | DI12: Conforme | DJ12: Gabriel Batista Cousso - 12/03/2025 14:29:54 | DK12: Conforme | DL12: Gabriel Batista Cousso - 12/03/2025 14:29:54 | EC12: Não | ED12: Sim | EE12: 45728.604 | EF12: Dinâmico Quente | EG12: Conforme | EH12: Rafael Schafaschek - 15/03/2025 13:00:29 | EI12: Conforme | EJ12: Rafael Schafaschek - 15/03/2025 13:00:28 | FC12: Não | FD12: Sim | FE12: 45731.542 | FH12: Não | FI12: Feito | FJ12: 45731.542 | FK12: Rafael Schafaschek - 15/03/2025 13:00:29 | FP12: =FL12
A13: 10&20 - R.P.E | B13: Picador 2 | C13: Transmissor | D13: TRM-150-01 | E13: PRESSÃO DE ÓLEO P1 | F13: Pré-Comissionamento | G13: Conforme | H13: Gabriel Batista Cousso - 11/03/2025 11:27:48 | I13: Conforme | J13: Gabriel Batista Cousso - 11/03/2025 11:27:49 | K13: Conforme | L13: Gabriel Batista Cousso - 11/03/2025 11:27:49 | M13: Conforme | N13: Gabriel Batista Cousso - 11/03/2025 11:27:50 | BO13: Não | BP13: Sim | BQ13: 45727.478 | BR13: Sim | BS13: 45727.478 | BT13: Sim | BU13: 45727.478 | BV13: Comissionamento Estático | BW13: Conforme | BX13: Gabriel Batista Cousso - 11/03/2025 12:57:22 | BY13: Conforme | BZ13: Gabriel Batista Cousso - 11/03/2025 12:57:22 | CA13: Conforme | CB13: Gabriel Batista Cousso - 11/03/2025 12:57:22 | DA13: Não | DB13: Não Aplica | DD13: Sim | DE13: 45727.54 | DF13: Sim | DG13: 45727.54 | DH13: Dinâmico Frio | DI13: Conforme | DJ13: Gabriel Batista Cousso - 12/03/2025 14:29:59 | DK13: Conforme | DL13: Gabriel Batista Cousso - 12/03/2025 14:29:59 | EC13: Não | ED13: Sim | EE13: 45728.604 | EF13: Dinâmico Quente | EG13: Conforme | EH13: Rafael Schafaschek - 15/03/2025 13:00:33 | EI13: Conforme | EJ13: Rafael Schafaschek - 15/03/2025 13:00:32 | FC13: Não | FD13: Sim | FE13: 45731.542 | FH13: Não | FI13: Feito | FJ13: 45731.542 | FK13: Rafael Schafaschek - 15/03/2025 13:00:33 | FP13: =FL13
A14: 10&20 - R.P.E | B14: Picador 2 | C14: Desfibrador/Picador | D14: PC-2002 | E14: PICADOR DE CANA Nº 2 | F14: Pré-Comissionamento | G14: Conforme | H14: Gabriel Batista Cousso - 12/03/2025 14:30:10 | I14: Conforme | J14: Denis Ueslei Lopes Romero - 12/03/2025 07:56:25 | K14: Conforme | L14: Denis Ueslei Lopes Romero - 12/03/2025 07:56:29 | M14: Conforme | N14: Denis Ueslei Lopes Romero - 12/03/2025 07:56:31 | O14: Conforme | P14: Denis Ueslei Lopes Romero - 12/03/2025 07:56:35 | Q14: Conforme | R14: Denis Ueslei Lopes Romero - 12/03/2025 07:56:44 | S14: Conforme | T14: Denis Ueslei Lopes Romero - 12/03/2025 07:56:54 | U14: Conforme | V14: Denis Ueslei Lopes Romero - 12/03/2025 07:57:00 | W14: Conforme | X14: Denis Ueslei Lopes Romero - 12/03/2025 07:57:03 | Y14: Não Aplicável | Z14: Denis Ueslei Lopes Romero - 12/03/2025 07:57:18 | AA14: Não Aplicável | AB14: Denis Ueslei Lopes Romero - 12/03/2025 07:57:29 | AC14: Conforme | AD14: Denis Ueslei Lopes Romero - 12/03/2025 07:57:52 | AE14: Conforme | AF14: Denis Ueslei Lopes Romero - 12/03/2025 07:58:18 | AG14: Conforme | AH14: Denis Ueslei Lopes Romero - 12/03/2025 07:58:21 | AI14: Não Aplicável | AJ14: Denis Ueslei Lopes Romero - 12/03/2025 07:58:27 | BO14: Não | BP14: Sim | BQ14: 45728.604 | BR14: Sim | BS14: 45728.332 | BT14: Sim | BU14: 45728.604 | BV14: Comissionamento Estático | BW14: Conforme | BX14: Denis Ueslei Lopes Romero - 12/03/2025 07:58:52 | BY14: Conforme | BZ14: Denis Ueslei Lopes Romero - 12/03/2025 07:58:58 | CA14: Conforme | CB14: Denis Ueslei Lopes Romero - 12/03/2025 07:59:02 | CC14: Conforme | CD14: Denis Ueslei Lopes Romero - 12/03/2025 07:59:11 | CE14: Conforme | CF14: Denis Ueslei Lopes Romero - 12/03/2025 07:59:16 | CG14: Conforme | CH14: Denis Ueslei Lopes Romero - 12/03/2025 07:59:20 | CI14: Conforme | CJ14: Denis Ueslei Lopes Romero - 12/03/2025 07:59:30 | CK14: Conforme | CL14: Denis Ueslei Lopes Romero - 12/03/2025 07:59:41 | DA14: Não | DB14: Sim | DC14: 45728.333 | DD14: Sim | DE14: 45728.333 | DF14: Sim | DG14: 45728.333 | DH14: Dinâmico Frio | DI14: Conforme | DJ14: Gabriel Batista Cousso - 12/03/2025 14:30:21 | DK14: Conforme | DL14: Gabriel Batista Cousso - 12/03/2025 14:30:22 | DM14: Conforme | DN14: Gabriel Batista Cousso - 12/03/2025 14:30:24 | DO14: Conforme | DP14: Gabriel Batista Cousso - 12/03/2025 14:30:28 | DQ14: Conforme | DR14: Rafael Schafaschek - 15/03/2025 10:34:08 | DS14: Conforme | DT14: Rafael Schafaschek - 15/03/2025 10:34:08 | DU14: Conforme | DV14: Rafael Schafaschek - 15/03/2025 10:34:07 | EC14: Não | ED14: Sim | EE14: 45731.44 | EF14: Dinâmico Quente | FC14: Não | FD14: Não Aplica | FH14: Não | FI14: Feito | FJ14: 45731.44 | FK14: Rafael Schafaschek - 15/03/2025 10:34:08 | FP14: =FL14
A15: 10&20 - R.P.E | B15: Picador 2 | C15: Indicador | D15: SENSOR_VIBRACAO_L_N_A_PICADOR_2 | E15: VIBRAÇÃO M L A PICADOR N°2 | F15: Pré-Comissionamento | G15: Conforme | H15: Gabriel Batista Cousso - 11/03/2025 10:47:00 | I15: Conforme | J15: Gabriel Batista Cousso - 11/03/2025 10:47:01 | K15: Conforme | L15: Gabriel Batista Cousso - 11/03/2025 10:47:02 | M15: Conforme | N15: Gabriel Batista Cousso - 11/03/2025 10:47:04 | BO15: Não | BP15: Sim | BQ15: 45727.449 | BR15: Sim | BS15: 45727.449 | BT15: Sim | BU15: 45727.449 | BV15: Comissionamento Estático | BW15: Conforme | BX15: Gabriel Batista Cousso - 11/03/2025 12:56:15 | BY15: Conforme | BZ15: Gabriel Batista Cousso - 11/03/2025 12:56:16 | CA15: Conforme | CB15: Gabriel Batista Cousso - 11/03/2025 12:56:16 | DA15: Não | DB15: Não Aplica | DD15: Sim | DE15: 45727.539 | DF15: Sim | DG15: 45727.539 | DH15: Dinâmico Frio | DI15: Conforme | DJ15: Gabriel Batista Cousso - 12/03/2025 14:27:06 | DK15: Conforme | DL15: Gabriel Batista Cousso - 12/03/2025 14:27:07 | EC15: Não | ED15: Sim | EE15: 45728.602 | EF15: Dinâmico Quente | EG15: Conforme | EH15: Rafael Schafaschek - 15/03/2025 13:00:02 | EI15: Conforme | EJ15: Rafael Schafaschek - 15/03/2025 13:00:02 | FC15: Não | FD15: Sim | FE15: 45731.542 | FH15: Não | FI15: Feito | FJ15: 45731.542 | FK15: Rafael Schafaschek - 15/03/2025 13:00:02 | FP15: =FL15
A16: 10&20 - R.P.E | B16: Picador 2 | C16: Indicador | D16: SENSOR_VIBRACAO_L_A_PICADOR_2 | E16: VIBRAÇÃO M L N A PICADOR N°2 | F16: Pré-Comissionamento | G16: Conforme | H16: Gabriel Batista Cousso - 11/03/2025 10:47:20 | I16: Conforme | J16: Gabriel Batista Cousso - 11/03/2025 10:47:21 | K16: Conforme | L16: Gabriel Batista Cousso - 11/03/2025 10:47:22 | M16: Conforme | N16: Gabriel Batista Cousso - 11/03/2025 11:27:08 | BO16: Não | BP16: Sim | BQ16: 45727.45 | BR16: Sim | BS16: 45727.477 | BT16: Sim | BU16: 45727.477 | BV16: Comissionamento Estático | BW16: Conforme | BX16: Gabriel Batista Cousso - 11/03/2025 12:56:21 | BY16: Conforme | BZ16: Gabriel Batista Cousso - 11/03/2025 12:56:21 | CA16: Conforme | CB16: Gabriel Batista Cousso - 11/03/2025 12:56:21 | DA16: Não | DB16: Não Aplica | DD16: Sim | DE16: 45727.539 | DF16: Sim | DG16: 45727.539 | DH16: Dinâmico Frio | DI16: Conforme | DJ16: Gabriel Batista Cousso - 12/03/2025 14:27:11 | DK16: Conforme | DL16: Gabriel Batista Cousso - 12/03/2025 14:27:12 | EC16: Não | ED16: Sim | EE16: 45728.602 | EF16: Dinâmico Quente | EG16: Conforme | EH16: Rafael Schafaschek - 15/03/2025 13:00:06 | EI16: Conforme | EJ16: Rafael Schafaschek - 15/03/2025 13:00:06 | FC16: Não | FD16: Sim | FE16: 45731.542 | FH16: Não | FI16: Feito | FJ16: 45731.542 | FK16: Rafael Schafaschek - 15/03/2025 13:00:06 | FP16: =FL16
A17: 10&20 - R.P.E | B17: Picador 2 | C17: Indicador | D17: SENSOR_VIBRA_REDUT_PIC_2_LNA | E17: VIBRAÇÃO REDUTOR M A L N A PICADOR 2 | F17: Pré-Comissionamento | G17: Conforme | H17: Gabriel Batista Cousso - 11/03/2025 11:27:12 | I17: Conforme | J17: Gabriel Batista Cousso - 11/03/2025 11:27:13 | K17: Conforme | L17: Gabriel Batista Cousso - 11/03/2025 11:27:13 | M17: Conforme | N17: Gabriel Batista Cousso - 11/03/2025 11:27:14 | BO17: Não | BP17: Sim | BQ17: 45727.477 | BR17: Sim | BS17: 45727.477 | BT17: Sim | BU17: 45727.477 | BV17: Comissionamento Estático | BW17: Conforme | BX17: Gabriel Batista Cousso - 11/03/2025 12:56:26 | BY17: Conforme | BZ17: Gabriel Batista Cousso - 11/03/2025 12:56:26 | CA17: Conforme | CB17: Gabriel Batista Cousso - 11/03/2025 12:56:26 | DA17: Não | DB17: Não Aplica | DD17: Sim | DE17: 45727.539 | DF17: Sim | DG17: 45727.539 | DH17: Dinâmico Frio | DI17: Conforme | DJ17: Gabriel Batista Cousso - 12/03/2025 14:29:32 | DK17: Conforme | DL17: Gabriel Batista Cousso - 12/03/2025 14:29:32 | EC17: Não | ED17: Sim | EE17: 45728.604 | EF17: Dinâmico Quente | EG17: Conforme | EH17: Rafael Schafaschek - 15/03/2025 13:00:09 | EI17: Conforme | EJ17: Rafael Schafaschek - 15/03/2025 13:00:09 | FC17: Não | FD17: Sim | FE17: 45731.542 | FH17: Não | FI17: Feito | FJ17: 45731.542 | FK17: Rafael Schafaschek - 15/03/2025 13:00:09 | FP17: =FL17
A18: 10&20 - R.P.E | B18: Picador 2 | C18: Indicador | D18: SENSOR_VIBRA_REDUT_PIC_2_LA | E18: VIBRAÇÃO REDUTOR M A L A PICADOR 2 | F18: Pré-Comissionamento | G18: Conforme | H18: Gabriel Batista Cousso - 11/03/2025 11:27:18 | I18: Conforme | J18: Gabriel Batista Cousso - 11/03/2025 11:27:19 | K18: Conforme | L18: Gabriel Batista Cousso - 11/03/2025 11:27:19 | M18: Conforme | N18: Gabriel Batista Cousso - 11/03/2025 11:27:20 | BO18: Não | BP18: Sim | BQ18: 45727.477 | BR18: Sim | BS18: 45727.477 | BT18: Sim | BU18: 45727.477 | BV18: Comissionamento Estático | BW18: Conforme | BX18: Gabriel Batista Cousso - 11/03/2025 12:56:31 | BY18: Conforme | BZ18: Gabriel Batista Cousso - 11/03/2025 12:56:31 | CA18: Conforme | CB18: Gabriel Batista Cousso - 11/03/2025 12:56:31 | DA18: Não | DB18: Não Aplica | DD18: Sim | DE18: 45727.539 | DF18: Sim | DG18: 45727.539 | DH18: Dinâmico Frio | DI18: Conforme | DJ18: Gabriel Batista Cousso - 12/03/2025 14:29:38 | DK18: Conforme | DL18: Gabriel Batista Cousso - 12/03/2025 14:29:38 | EC18: Não | ED18: Sim | EE18: 45728.604 | EF18: Dinâmico Quente | EG18: Conforme | EH18: Rafael Schafaschek - 15/03/2025 13:00:13 | EI18: Conforme | EJ18: Rafael Schafaschek - 15/03/2025 13:00:13 | FC18: Não | FD18: Sim | FE18: 45731.542 | FH18: Não | FI18: Feito | FJ18: 45731.542 | FK18: Rafael Schafaschek - 15/03/2025 13:00:13 | FP18: =FL18
A19: 10&20 - R.P.E | B19: Turbina Picador 2 | C19: Transmissor | D19: STE-081-01 | E19: TEMPERATURA MANCAL AXIAL EXTERNO TURBINA DO PICADOR 2 | F19: Pré-Comissionamento | G19: Conforme | H19: Gabriel Batista Cousso - 11/03/2025 11:14:59 | I19: Conforme | J19: Gabriel Batista Cousso - 11/03/2025 11:14:59 | K19: Conforme | L19: Gabriel Batista Cousso - 11/03/2025 11:15:00 | M19: Conforme | N19: Gabriel Batista Cousso - 11/03/2025 11:15:01 | BO19: Não | BP19: Sim | BQ19: 45727.469 | BR19: Sim | BS19: 45727.469 | BT19: Sim | BU19: 45727.469 | BV19: Comissionamento Estático | BW19: Conforme | BX19: Gabriel Batista Cousso - 11/03/2025 11:56:10 | BY19: Conforme | BZ19: Gabriel Batista Cousso - 11/03/2025 11:56:10 | CA19: Conforme | CB19: Gabriel Batista Cousso - 11/03/2025 11:56:11 | DA19: Não | DB19: Não Aplica | DD19: Sim | DE19: 45727.497 | DF19: Sim | DG19: 45727.497 | DH19: Dinâmico Frio | DI19: Conforme | DJ19: Gabriel Batista Cousso - 12/03/2025 10:28:28 | DK19: Conforme | DL19: Gabriel Batista Cousso - 12/03/2025 10:28:28 | EC19: Não | ED19: Sim | EE19: 45728.436 | EF19: Dinâmico Quente | EG19: Conforme | EH19: Rafael Schafaschek - 15/03/2025 13:01:00 | EI19: Conforme | EJ19: Rafael Schafaschek - 15/03/2025 13:01:00 | FC19: Não | FD19: Sim | FE19: 45731.542 | FH19: Não | FI19: Feito | FJ19: 45731.542 | FK19: Rafael Schafaschek - 15/03/2025 13:01:00 | FP19: =FL19
A20: 10&20 - R.P.E | B20: Turbina Picador 2 | C20: Transmissor | D20: STE-082-01 | E20: TEMPERATURA MANCAL AXIAL INTERNO TURBINA DO PICADOR 2 | F20: Pré-Comissionamento | G20: Conforme | H20: Gabriel Batista Cousso - 11/03/2025 11:15:05 | I20: Conforme | J20: Gabriel Batista Cousso - 11/03/2025 11:15:05 | K20: Conforme | L20: Gabriel Batista Cousso - 11/03/2025 11:15:06 | M20: Conforme | N20: Gabriel Batista Cousso - 11/03/2025 11:15:07 | BO20: Não | BP20: Sim | BQ20: 45727.469 | BR20: Sim | BS20: 45727.469 | BT20: Sim | BU20: 45727.469 | BV20: Comissionamento Estático | BW20: Conforme | BX20: Gabriel Batista Cousso - 11/03/2025 11:56:15 | BY20: Conforme | BZ20: Gabriel Batista Cousso - 11/03/2025 11:56:16 | CA20: Conforme | CB20: Gabriel Batista Cousso - 11/03/2025 11:56:16 | DA20: Não | DB20: Não Aplica | DD20: Sim | DE20: 45727.497 | DF20: Sim | DG20: 45727.497 | DH20: Dinâmico Frio | DI20: Conforme | DJ20: Gabriel Batista Cousso - 12/03/2025 10:28:33 | DK20: Conforme | DL20: Gabriel Batista Cousso - 12/03/2025 10:28:34 | EC20: Não | ED20: Sim | EE20: 45728.437 | EF20: Dinâmico Quente | EG20: Conforme | EH20: Rafael Schafaschek - 15/03/2025 13:01:04 | EI20: Conforme | EJ20: Rafael Schafaschek - 15/03/2025 13:01:04 | FC20: Não | FD20: Sim | FE20: 45731.542 | FH20: Não | FI20: Feito | FJ20: 45731.542 | FK20: Rafael Schafaschek - 15/03/2025 13:01:04 | FP20: =FL20
A21: 10&20 - R.P.E | B21: Turbina Picador 2 | C21: Transmissor | D21: STE-083-01 | E21: TEMPERATURA MANCAL RADIAL ANTERIOR TURBINA DO PICADOR 2 | F21: Pré-Comissionamento | G21: Conforme | H21: Gabriel Batista Cousso - 11/03/2025 11:15:12 | I21: Conforme | J21: Gabriel Batista Cousso - 11/03/2025 11:15:12 | K21: Conforme | L21: Gabriel Batista Cousso - 11/03/2025 11:15:13 | M21: Conforme | N21: Gabriel Batista Cousso - 11/03/2025 11:15:14 | BO21: Não | BP21: Sim | BQ21: 45727.469 | BR21: Sim | BS21: 45727.469 | BT21: Sim | BU21: 45727.469 | BV21: Comissionamento Estático | BW21: Conforme | BX21: Gabriel Batista Cousso - 11/03/2025 11:56:20 | BY21: Conforme | BZ21: Gabriel Batista Cousso - 11/03/2025 11:56:21 | CA21: Conforme | CB21: Gabriel Batista Cousso - 11/03/2025 11:56:21 | DA21: Não | DB21: Não Aplica | DD21: Sim | DE21: 45727.497 | DF21: Sim | DG21: 45727.497 | DH21: Dinâmico Frio | DI21: Conforme | DJ21: Gabriel Batista Cousso - 12/03/2025 10:28:40 | DK21: Conforme | DL21: Gabriel Batista Cousso - 12/03/2025 10:28:41 | EC21: Não | ED21: Sim | EE21: 45728.437 | EF21: Dinâmico Quente | EG21: Conforme | EH21: Rafael Schafaschek - 15/03/2025 13:01:07 | EI21: Conforme | EJ21: Rafael Schafaschek - 15/03/2025 13:01:07 | FC21: Não | FD21: Sim | FE21: 45731.542 | FH21: Não | FI21: Feito | FJ21: 45731.542 | FK21: Rafael Schafaschek - 15/03/2025 13:01:07 | FP21: =FL21
A22: 10&20 - R.P.E | B22: Turbina Picador 2 | C22: Transmissor | D22: STE-084-01 | E22: TEMPERATURA MANCAL RADIAL POSTERIOR TURBINA DO PICADOR 2 | F22: Pré-Comissionamento | G22: Conforme | H22: Gabriel Batista Cousso - 11/03/2025 11:15:18 | I22: Conforme | J22: Gabriel Batista Cousso - 11/03/2025 11:15:19 | K22: Conforme | L22: Gabriel Batista Cousso - 11/03/2025 11:15:19 | M22: Conforme | N22: Gabriel Batista Cousso - 11/03/2025 11:15:20 | BO22: Não | BP22: Sim | BQ22: 45727.469 | BR22: Sim | BS22: 45727.469 | BT22: Sim | BU22: 45727.469 | BV22: Comissionamento Estático | BW22: Conforme | BX22: Rafael Schafaschek - 15/03/2025 13:01:27 | BY22: Conforme | BZ22: Gabriel Batista Cousso - 11/03/2025 11:56:33 | CA22: Conforme | CB22: Gabriel Batista Cousso - 11/03/2025 11:56:33 | DA22: Não | DB22: Não Aplica | DD22: Sim | DE22: 45731.543 | DF22: Sim | DG22: 45731.543 | DH22: Dinâmico Frio | DI22: Conforme | DJ22: Gabriel Batista Cousso - 12/03/2025 10:28:46 | DK22: Conforme | DL22: Gabriel Batista Cousso - 12/03/2025 10:28:46 | EC22: Não | ED22: Sim | EE22: 45728.437 | EF22: Dinâmico Quente | EG22: Conforme | EH22: Rafael Schafaschek - 15/03/2025 13:01:31 | EI22: Conforme | EJ22: Rafael Schafaschek - 15/03/2025 13:01:31 | FC22: Não | FD22: Sim | FE22: 45731.543 | FH22: Não | FI22: Feito | FJ22: 45731.543 | FK22: Rafael Schafaschek - 15/03/2025 13:01:31 | FP22: =FL22
A23: 10&20 - R.P.E | B23: Turbina Picador 2 | C23: Transmissor | D23: STE-085-01 | E23: TEMPERATURA ÓLEO DE LUBRIFICAÇÃO DA TURBINA DO PICADOR 2 | F23: Pré-Comissionamento | G23: Conforme | H23: Gabriel Batista Cousso - 11/03/2025 11:15:24 | I23: Conforme | J23: Gabriel Batista Cousso - 11/03/2025 11:15:24 | K23: Conforme | L23: Gabriel Batista Cousso - 11/03/2025 11:15:26 | M23: Conforme | N23: Gabriel Batista Cousso - 11/03/2025 11:15:26 | BO23: Não | BP23: Sim | BQ23: 45727.469 | BR23: Sim | BS23: 45727.469 | BT23: Sim | BU23: 45727.469 | BV23: Comissionamento Estático | BW23: Conforme | BX23: Gabriel Batista Cousso - 11/03/2025 11:57:35 | BY23: Conforme | BZ23: Gabriel Batista Cousso - 11/03/2025 11:57:35 | CA23: Conforme | CB23: Gabriel Batista Cousso - 11/03/2025 11:57:36 | DA23: Não | DB23: Não Aplica | DD23: Sim | DE23: 45727.498 | DF23: Sim | DG23: 45727.498 | DH23: Dinâmico Frio | DI23: Conforme | DJ23: Gabriel Batista Cousso - 12/03/2025 10:28:51 | DK23: Conforme | DL23: Gabriel Batista Cousso - 12/03/2025 10:28:52 | EC23: Não | ED23: Sim | EE23: 45728.437 | EF23: Dinâmico Quente | EG23: Conforme | EH23: Rafael Schafaschek - 15/03/2025 13:01:36 | EI23: Conforme | EJ23: Rafael Schafaschek - 15/03/2025 13:01:35 | FC23: Não | FD23: Sim | FE23: 45731.543 | FH23: Não | FI23: Feito | FJ23: 45731.543 | FK23: Rafael Schafaschek - 15/03/2025 13:01:36 | FP23: =FL23
A24: 10&20 - R.P.E | B24: Turbina Picador 2 | C24: Transmissor | D24: STE-086-01 | E24: TEMPERATURA VAPOR DE ADMISSÃO DA TURBINA DO PICADOR 2 | F24: Pré-Comissionamento | G24: Conforme | H24: Gabriel Batista Cousso - 11/03/2025 11:15:30 | I24: Conforme | J24: Gabriel Batista Cousso - 11/03/2025 11:15:31 | K24: Conforme | L24: Gabriel Batista Cousso - 11/03/2025 11:15:31 | M24: Conforme | N24: Gabriel Batista Cousso - 11/03/2025 11:15:32 | BO24: Não | BP24: Sim | BQ24: 45727.469 | BR24: Sim | BS24: 45727.469 | BT24: Sim | BU24: 45727.469 | BV24: Comissionamento Estático | BW24: Conforme | BX24: Gabriel Batista Cousso - 11/03/2025 11:57:41 | BY24: Conforme | BZ24: Gabriel Batista Cousso - 11/03/2025 11:57:42 | CA24: Conforme | CB24: Gabriel Batista Cousso - 11/03/2025 11:57:42 | DA24: Não | DB24: Não Aplica | DD24: Sim | DE24: 45727.498 | DF24: Sim | DG24: 45727.498 | DH24: Dinâmico Frio | DI24: Conforme | DJ24: Gabriel Batista Cousso - 12/03/2025 10:28:56 | DK24: Conforme | DL24: Gabriel Batista Cousso - 12/03/2025 10:28:57 | EC24: Não | ED24: Sim | EE24: 45728.437 | EF24: Dinâmico Quente | EG24: Conforme | EH24: Rafael Schafaschek - 15/03/2025 13:01:40 | EI24: Conforme | EJ24: Rafael Schafaschek - 15/03/2025 13:01:39 | FC24: Não | FD24: Sim | FE24: 45731.543 | FH24: Não | FI24: Feito | FJ24: 45731.543 | FK24: Rafael Schafaschek - 15/03/2025 13:01:40 | FP24: =FL24
A25: 10&20 - R.P.E | B25: Turbina Picador 2 | C25: Transmissor | D25: STE-087-01 | E25: TEMPERATURA VAPOR DE ESCAPE DA TURBINA DO PICADOR 2 | F25: Pré-Comissionamento | G25: Conforme | H25: Gabriel Batista Cousso - 11/03/2025 11:15:37 | I25: Conforme | J25: Gabriel Batista Cousso - 11/03/2025 11:15:37 | K25: Conforme | L25: Gabriel Batista Cousso - 11/03/2025 11:15:38 | M25: Conforme | N25: Gabriel Batista Cousso - 11/03/2025 11:15:39 | BO25: Não | BP25: Sim | BQ25: 45727.469 | BR25: Sim | BS25: 45727.469 | BT25: Sim | BU25: 45727.469 | BV25: Comissionamento Estático | BW25: Conforme | BX25: Gabriel Batista Cousso - 11/03/2025 11:57:47 | BY25: Conforme | BZ25: Gabriel Batista Cousso - 11/03/2025 11:57:48 | CA25: Conforme | CB25: Gabriel Batista Cousso - 11/03/2025 11:57:48 | DA25: Não | DB25: Não Aplica | DD25: Sim | DE25: 45727.498 | DF25: Sim | DG25: 45727.498 | DH25: Dinâmico Frio | DI25: Conforme | DJ25: Gabriel Batista Cousso - 12/03/2025 10:29:01 | DK25: Conforme | DL25: Gabriel Batista Cousso - 12/03/2025 10:29:02 | EC25: Não | ED25: Sim | EE25: 45728.437 | EF25: Dinâmico Quente | EG25: Conforme | EH25: Rafael Schafaschek - 15/03/2025 13:01:44 | EI25: Conforme | EJ25: Rafael Schafaschek - 15/03/2025 13:01:43 | FC25: Não | FD25: Sim | FE25: 45731.543 | FH25: Não | FI25: Feito | FJ25: 45731.543 | FK25: Rafael Schafaschek - 15/03/2025 13:01:44 | FP25: =FL25
A26: 10&20 - R.P.E | B26: Turbina Picador 2 | C26: Transmissor | D26: STE-104-01 | E26: TEMPERATURA ÓLEO DO MANCAL L.A. DA TURBINA DO PICADOR 2 | F26: Pré-Comissionamento | G26: Conforme | H26: Gabriel Batista Cousso - 11/03/2025 11:15:43 | I26: Conforme | J26: Gabriel Batista Cousso - 11/03/2025 11:15:43 | K26: Conforme | L26: Gabriel Batista Cousso - 11/03/2025 11:15:44 | M26: Conforme | N26: Gabriel Batista Cousso - 11/03/2025 11:15:45 | BO26: Não | BP26: Sim | BQ26: 45727.469 | BR26: Sim | BS26: 45727.469 | BT26: Sim | BU26: 45727.469 | BV26: Comissionamento Estático | BW26: Conforme | BX26: Gabriel Batista Cousso - 11/03/2025 11:57:53 | BY26: Conforme | BZ26: Gabriel Batista Cousso - 11/03/2025 11:57:53 | CA26: Conforme | CB26: Gabriel Batista Cousso - 11/03/2025 11:57:54 | DA26: Não | DB26: Não Aplica | DD26: Sim | DE26: 45727.499 | DF26: Sim | DG26: 45727.499 | DH26: Dinâmico Frio | DI26: Conforme | DJ26: Gabriel Batista Cousso - 12/03/2025 10:29:06 | DK26: Conforme | DL26: Gabriel Batista Cousso - 12/03/2025 10:29:07 | EC26: Não | ED26: Sim | EE26: 45728.437 | EF26: Dinâmico Quente | EG26: Conforme | EH26: Rafael Schafaschek - 15/03/2025 13:01:47 | EI26: Conforme | EJ26: Rafael Schafaschek - 15/03/2025 13:01:47 | FC26: Não | FD26: Sim | FE26: 45731.543 | FH26: Não | FI26: Feito | FJ26: 45731.543 | FK26: Rafael Schafaschek - 15/03/2025 13:01:47 | FP26: =FL26
... A38: 10&20 - R.P.E | B38: Desfibrador | C38: Transmissor | D38: TRM-128-01 | E38: PRESSÃOVAPOR DE ESCAPE DO DESFIBRADOR | F38: Pré-Comissionamento | G38: Conforme | H38: Gabriel Batista Cousso - 11/03/2025 11:26:23 | I38: Conforme | J38: Gabriel Batista Cousso - 11/03/2025 11:26:23 | K38: Conforme | L38: Gabriel Batista Cousso - 11/03/2025 11:26:23 | M38: Conforme | N38: Gabriel Batista Cousso - 11/03/2025 11:26:24 | BO38: Não | BP38: Sim | BQ38: 45727.477 | BR38: Sim | BS38: 45727.477 | BT38: Sim | BU38: 45727.477 | BV38: Comissionamento Estático | BW38: Conforme | BX38: Gabriel Batista Cousso - 11/03/2025 12:07:30 | BY38: Conforme | BZ38: Gabriel Batista Cousso - 11/03/2025 12:07:31 | CA38: Conforme | CB38: Gabriel Batista Cousso - 11/03/2025 12:07:31 | DA38: Não | DB38: Não Aplica | DD38: Sim | DE38: 45727.505 | DF38: Sim | DG38: 45727.505 | DH38: Dinâmico Frio | DI38: Conforme | DJ38: Gabriel Batista Cousso - 12/03/2025 14:31:31 | DK38: Conforme | DL38: Gabriel Batista Cousso - 12/03/2025 14:31:32 | EC38: Não | ED38: Sim | EE38: 45728.605 | EF38: Dinâmico Quente | EG38: Conforme | EH38: Rafael Schafaschek - 15/03/2025 13:02:35 | EI38: Conforme | EJ38: Rafael Schafaschek - 15/03/2025 13:02:35 | FC38: Não | FD38: Sim | FE38: 45731.543 | FH38: Não | FI38: Feito | FJ38: 45731.543 | FK38: Rafael Schafaschek - 15/03/2025 13:02:35 | FP38: =FL38
A39: 10&20 - R.P.E | B39: Desfibrador | C39: Desfibrador/Picador | D39: DE-2001 | E39: DESFIBRADOR DE CANA | F39: Pré-Comissionamento | G39: Não Aplicável | H39: Denis Ueslei Lopes Romero - 12/03/2025 08:08:08 | I39: Conforme | J39: Denis Ueslei Lopes Romero - 12/03/2025 08:08:10 | K39: Conforme | L39: Denis Ueslei Lopes Romero - 12/03/2025 08:08:11 | M39: Conforme | N39: Denis Ueslei Lopes Romero - 12/03/2025 08:08:14 | O39: Conforme | P39: Denis Ueslei Lopes Romero - 12/03/2025 08:08:51 | Q39: Conforme | R39: Denis Ueslei Lopes Romero - 12/03/2025 08:08:21 | S39: Conforme | T39: Denis Ueslei Lopes Romero - 12/03/2025 08:08:22 | U39: Conforme | V39: Denis Ueslei Lopes Romero - 12/03/2025 08:08:24 | W39: Conforme | X39: Denis Ueslei Lopes Romero - 12/03/2025 08:08:26 | Y39: Não Aplicável | Z39: Denis Ueslei Lopes Romero - 12/03/2025 08:08:31 | AA39: Conforme | AB39: Denis Ueslei Lopes Romero - 12/03/2025 08:08:33 | AC39: Conforme | AD39: Denis Ueslei Lopes Romero - 12/03/2025 08:08:34 | AE39: Conforme | AF39: Denis Ueslei Lopes Romero - 12/03/2025 08:08:36 | AG39: Conforme | AH39: Denis Ueslei Lopes Romero - 12/03/2025 08:08:37 | AI39: Conforme | AJ39: Denis Ueslei Lopes Romero - 12/03/2025 08:08:39 | BO39: Não | BP39: Sim | BQ39: 45728.339 | BR39: Sim | BS39: 45728.339 | BT39: Sim | BU39: 45728.339 | BV39: Comissionamento Estático | BW39: Conforme | BX39: Denis Ueslei Lopes Romero - 12/03/2025 08:09:12 | BY39: Conforme | BZ39: Denis Ueslei Lopes Romero - 12/03/2025 08:09:19 | CA39: Conforme | CB39: Denis Ueslei Lopes Romero - 12/03/2025 08:09:22 | CC39: Conforme | CD39: Denis Ueslei Lopes Romero - 12/03/2025 08:09:24 | CE39: Conforme | CF39: Denis Ueslei Lopes Romero - 12/03/2025 08:09:43 | CG39: Conforme | CH39: Denis Ueslei Lopes Romero - 12/03/2025 08:10:07 | CI39: Conforme | CJ39: Denis Ueslei Lopes Romero - 12/03/2025 08:10:08 | CK39: Conforme | CL39: Denis Ueslei Lopes Romero - 12/03/2025 08:10:09 | DA39: Não | DB39: Sim | DC39: 45728.34 | DD39: Sim | DE39: 45728.34 | DF39: Sim | DG39: 45728.34 | DH39: Dinâmico Frio | DK39: Conforme | DL39: Rafael Schafaschek - 15/03/2025 10:33:48 | DM39: Conforme | DN39: Rafael Schafaschek - 15/03/2025 10:33:49 | DO39: Conforme | DP39: Rafael Schafaschek - 15/03/2025 10:33:50 | DQ39: Conforme | DR39: Rafael Schafaschek - 15/03/2025 10:33:50 | DS39: Conforme | DT39: Rafael Schafaschek - 15/03/2025 10:33:51 | DU39: Conforme | DV39: Rafael Schafaschek - 15/03/2025 10:33:52 | EC39: Não | ED39: Não | EF39: Dinâmico Quente | FC39: Não | FD39: Não Aplica | FH39: Não | FI39: Pendente | FK39: Rafael Schafaschek - 15/03/2025 10:33:52 | FP39: =FL39
A40: 10&20 - R.P.E | B40: Desfibrador | C40: Indicador | D40: SENSOR_VIBRACAO_L_N_A_DESFIBRADOR | E40: VIBRAÇÃO M L A DESFIBRADOR | F40: Pré-Comissionamento | G40: Conforme | H40: Gabriel Batista Cousso - 11/03/2025 11:26:30 | I40: Conforme | J40: Gabriel Batista Cousso - 11/03/2025 11:26:30 | K40: Conforme | L40: Gabriel Batista Cousso - 11/03/2025 11:26:31 | M40: Conforme | N40: Gabriel Batista Cousso - 11/03/2025 11:26:32 | BO40: Não | BP40: Sim | BQ40: 45727.477 | BR40: Sim | BS40: 45727.477 | BT40: Sim | BU40: 45727.477 | BV40: Comissionamento Estático | BW40: Conforme | BX40: Gabriel Batista Cousso - 11/03/2025 12:06:45 | BY40: Conforme | BZ40: Gabriel Batista Cousso - 11/03/2025 12:06:46 | CA40: Conforme | CB40: Gabriel Batista Cousso - 11/03/2025 12:06:46 | DA40: Não | DB40: Não Aplica | DD40: Sim | DE40: 45727.505 | DF40: Sim | DG40: 45727.505 | DH40: Dinâmico Frio | DI40: Conforme | DJ40: Gabriel Batista Cousso - 12/03/2025 14:30:55 | DK40: Conforme | DL40: Gabriel Batista Cousso - 12/03/2025 14:30:55 | EC40: Não | ED40: Sim | EE40: 45728.605 | EF40: Dinâmico Quente | EG40: Conforme | EH40: Rafael Schafaschek - 15/03/2025 13:02:01 | EI40: Conforme | EJ40: Rafael Schafaschek - 15/03/2025 13:02:00 | FC40: Não | FD40: Sim | FE40: 45731.543 | FH40: Não | FI40: Feito | FJ40: 45731.543 | FK40: Rafael Schafaschek - 15/03/2025 13:02:01 | FP40: =FL40
A41: 10&20 - R.P.E | B41: Desfibrador | C41: Indicador | D41: SENSOR_VIBRACAO_L_A_DESFIBRADOR | E41: VIBRAÇÃO M L N A DESFIBRADOR | F41: Pré-Comissionamento | G41: Conforme | H41: Gabriel Batista Cousso - 11/03/2025 11:26:35 | I41: Conforme | J41: Gabriel Batista Cousso - 11/03/2025 11:26:36 | K41: Conforme | L41: Gabriel Batista Cousso - 11/03/2025 11:26:36 | M41: Conforme | N41: Gabriel Batista Cousso - 11/03/2025 11:26:37 | BO41: Não | BP41: Sim | BQ41: 45727.477 | BR41: Sim | BS41: 45727.477 | BT41: Sim | BU41: 45727.477 | BV41: Comissionamento Estático | BW41: Conforme | BX41: Gabriel Batista Cousso - 11/03/2025 12:06:51 | BY41: Conforme | BZ41: Gabriel Batista Cousso - 11/03/2025 12:06:51 | CA41: Conforme | CB41: Gabriel Batista Cousso - 11/03/2025 12:06:52 | DA41: Não | DB41: Não Aplica | DD41: Sim | DE41: 45727.505 | DF41: Sim | DG41: 45727.505 | DH41: Dinâmico Frio | DI41: Conforme | DJ41: Gabriel Batista Cousso - 12/03/2025 14:30:59 | DK41: Conforme | DL41: Gabriel Batista Cousso - 12/03/2025 14:30:59 | EC41: Não | ED41: Sim | EE41: 45728.605 | EF41: Dinâmico Quente | EG41: Conforme | EH41: Rafael Schafaschek - 15/03/2025 13:02:04 | EI41: Conforme | EJ41: Rafael Schafaschek - 15/03/2025 13:02:04 | FC41: Não | FD41: Sim | FE41: 45731.543 | FH41: Não | FI41: Feito | FJ41: 45731.543 | FK41: Rafael Schafaschek - 15/03/2025 13:02:04 | FP41: =FL41
A42: 10&20 - R.P.E | B42: Desfibrador | C42: Indicador | D42: SENSOR_VIBRA_REDUT_DESF_LNA | E42: VIBRAÇÃO REDUTOR M A L N A DESFIBRADOR | F42: Pré-Comissionamento | G42: Conforme | H42: Gabriel Batista Cousso - 11/03/2025 11:26:41 | I42: Conforme | J42: Gabriel Batista Cousso - 11/03/2025 11:26:42 | K42: Conforme | L42: Gabriel Batista Cousso - 11/03/2025 11:26:42 | M42: Conforme | N42: Gabriel Batista Cousso - 11/03/2025 11:26:43 | BO42: Não | BP42: Sim | BQ42: 45727.477 | BR42: Sim | BS42: 45727.477 | BT42: Sim | BU42: 45727.477 | BV42: Comissionamento Estático | BW42: Conforme | BX42: Gabriel Batista Cousso - 11/03/2025 12:06:56 | BY42: Conforme | BZ42: Gabriel Batista Cousso - 11/03/2025 12:06:57 | CA42: Conforme | CB42: Gabriel Batista Cousso - 11/03/2025 12:06:57 | DA42: Não | DB42: Não Aplica | DD42: Sim | DE42: 45727.505 | DF42: Sim | DG42: 45727.505 | DH42: Dinâmico Frio | DI42: Conforme | DJ42: Gabriel Batista Cousso - 12/03/2025 14:31:03 | DK42: Conforme | DL42: Gabriel Batista Cousso - 12/03/2025 14:31:03 | EC42: Não | ED42: Sim | EE42: 45728.605 | EF42: Dinâmico Quente | EG42: Conforme | EH42: Rafael Schafaschek - 15/03/2025 13:02:08 | EI42: Conforme | EJ42: Rafael Schafaschek - 15/03/2025 13:02:08 | FC42: Não | FD42: Sim | FE42: 45731.543 | FH42: Não | FI42: Feito | FJ42: 45731.543 | FK42: Rafael Schafaschek - 15/03/2025 13:02:08 | FP42: =FL42
A43: 10&20 - R.P.E | B43: Desfibrador | C43: Indicador | D43: SENSOR_VIBRA_REDUT_DESF_LA | E43: VIBRAÇÃO REDUTOR M A L A DESFIBRADOR | F43: Pré-Comissionamento | G43: Conforme | H43: Gabriel Batista Cousso - 11/03/2025 11:26:47 | I43: Conforme | J43: Gabriel Batista Cousso - 11/03/2025 11:26:48 | K43: Conforme | L43: Gabriel Batista Cousso - 11/03/2025 11:26:50 | M43: Conforme | N43: Gabriel Batista Cousso - 11/03/2025 11:26:50 | BO43: Não | BP43: Sim | BQ43: 45727.477 | BR43: Sim | BS43: 45727.477 | BT43: Sim | BU43: 45727.477 | BV43: Comissionamento Estático | BW43: Conforme | BX43: Gabriel Batista Cousso - 11/03/2025 12:07:01 | BY43: Conforme | BZ43: Gabriel Batista Cousso - 11/03/2025 12:07:01 | CA43: Conforme | CB43: Gabriel Batista Cousso - 11/03/2025 12:07:02 | DA43: Não | DB43: Não Aplica | DD43: Sim | DE43: 45727.505 | DF43: Sim | DG43: 45727.505 | DH43: Dinâmico Frio | DI43: Conforme | DJ43: Gabriel Batista Cousso - 12/03/2025 14:31:07 | DK43: Conforme | DL43: Gabriel Batista Cousso - 12/03/2025 14:31:07 | EC43: Não | ED43: Sim | EE43: 45728.605 | EF43: Dinâmico Quente | EG43: Conforme | EH43: Rafael Schafaschek - 15/03/2025 13:02:12 | EI43: Conforme | EJ43: Rafael Schafaschek - 15/03/2025 13:02:11 | FC43: Não | FD43: Sim | FE43: 45731.543 | FH43: Não | FI43: Feito | FJ43: 45731.543 | FK43: Rafael Schafaschek - 15/03/2025 13:02:12 | FP43: =FL43
A44: 10&20 - R.P.E | B44: Turbina Desfibrador | C44: Transmissor | D44: STE-088-01 | E44: TEMPERATURA MANCAL AXIAL EXTERNO TURBINA DO DESFIBRADOR | F44: Pré-Comissionamento | G44: Conforme | H44: Gabriel Batista Cousso - 11/03/2025 11:16:36 | I44: Conforme | J44: Gabriel Batista Cousso - 11/03/2025 11:16:36 | K44: Conforme | L44: Gabriel Batista Cousso - 11/03/2025 11:16:37 | M44: Conforme | N44: Gabriel Batista Cousso - 11/03/2025 11:16:38 | BO44: Não | BP44: Sim | BQ44: 45727.47 | BR44: Sim | BS44: 45727.47 | BT44: Sim | BU44: 45727.47 | BV44: Comissionamento Estático | BW44: Conforme | BX44: Gabriel Batista Cousso - 11/03/2025 12:05:16 | BY44: Conforme | BZ44: Gabriel Batista Cousso - 11/03/2025 12:05:16 | CA44: Conforme | CB44: Gabriel Batista Cousso - 11/03/2025 12:05:16 | DA44: Não | DB44: Não Aplica | DD44: Sim | DE44: 45727.504 | DF44: Sim | DG44: 45727.504 | DH44: Dinâmico Frio | DI44: Conforme | DJ44: Gabriel Batista Cousso - 12/03/2025 10:33:40 | DK44: Conforme | DL44: Gabriel Batista Cousso - 12/03/2025 10:33:41 | EC44: Não | ED44: Sim | EE44: 45728.44 | EF44: Dinâmico Quente | EG44: Conforme | EH44: Rafael Schafaschek - 15/03/2025 13:03:08 | EI44: Conforme | EJ44: Rafael Schafaschek - 15/03/2025 13:03:07 | FC44: Não | FD44: Sim | FE44: 45731.544 | FH44: Não | FI44: Feito | FJ44: 45731.544 | FK44: Rafael Schafaschek - 15/03/2025 13:03:08 | FP44: =FL44
A45: 10&20 - R.P.E | B45: Turbina Desfibrador | C45: Transmissor | D45: STE-089-01 | E45: TEMPERATURA MANCAL AXIAL INTERNO TURBINA DO DESFIBRADOR | F45: Pré-Comissionamento | G45: Conforme | H45: Gabriel Batista Cousso - 11/03/2025 11:16:42 | I45: Conforme | J45: Gabriel Batista Cousso - 11/03/2025 11:16:42 | K45: Conforme | L45: Gabriel Batista Cousso - 11/03/2025 11:16:43 | M45: Conforme | N45: Gabriel Batista Cousso - 11/03/2025 11:16:44 | BO45: Não | BP45: Sim | BQ45: 45727.47 | BR45: Sim | BS45: 45727.47 | BT45: Sim | BU45: 45727.47 | BV45: Comissionamento Estático | BW45: Conforme | BX45: Gabriel Batista Cousso - 11/03/2025 12:05:20 | BY45: Conforme | BZ45: Gabriel Batista Cousso - 11/03/2025 12:05:21 | CA45: Conforme | CB45: Gabriel Batista Cousso - 11/03/2025 12:05:21 | DA45: Não | DB45: Não Aplica | DD45: Sim | DE45: 45727.504 | DF45: Sim | DG45: 45727.504 | DH45: Dinâmico Frio | DI45: Conforme | DJ45: Gabriel Batista Cousso - 12/03/2025 10:33:46 | DK45: Conforme | DL45: Gabriel Batista Cousso - 12/03/2025 10:33:46 | EC45: Não | ED45: Sim | EE45: 45728.44 | EF45: Dinâmico Quente | EG45: Conforme | EH45: Rafael Schafaschek - 15/03/2025 13:03:11 | EI45: Conforme | EJ45: Rafael Schafaschek - 15/03/2025 13:03:11 | FC45: Não | FD45: Sim | FE45: 45731.544 | FH45: Não | FI45: Feito | FJ45: 45731.544 | FK45: Rafael Schafaschek - 15/03/2025 13:03:11 | FP45: =FL45
A46: 10&20 - R.P.E | B46: Turbina Desfibrador | C46: Transmissor | D46: STE-090-01 | E46: TEMPERATURA MANCAL RADIAL ANTERIOR TURBINA DO DESFIBRADOR | F46: Pré-Comissionamento | G46: Conforme | H46: Gabriel Batista Cousso - 11/03/2025 11:16:49 | I46: Conforme | J46: Gabriel Batista Cousso - 11/03/2025 11:16:49 | K46: Conforme | L46: Gabriel Batista Cousso - 11/03/2025 11:16:50 | M46: Conforme | N46: Gabriel Batista Cousso - 11/03/2025 11:16:50 | BO46: Não | BP46: Sim | BQ46: 45727.47 | BR46: Sim | BS46: 45727.47 | BT46: Sim | BU46: 45727.47 | BV46: Comissionamento Estático | BW46: Conforme | BX46: Gabriel Batista Cousso - 11/03/2025 12:05:25 | BY46: Conforme | BZ46: Gabriel Batista Cousso - 11/03/2025 12:05:25 | CA46: Conforme | CB46: Gabriel Batista Cousso - 11/03/2025 12:05:26 | DA46: Não | DB46: Não Aplica | DD46: Sim | DE46: 45727.504 | DF46: Sim | DG46: 45727.504 | DH46: Dinâmico Frio | DI46: Conforme | DJ46: Gabriel Batista Cousso - 12/03/2025 10:33:51 | DK46: Conforme | DL46: Gabriel Batista Cousso - 12/03/2025 10:33:52 | EC46: Não | ED46: Sim | EE46: 45728.44 | EF46: Dinâmico Quente | EG46: Conforme | EH46: Rafael Schafaschek - 15/03/2025 13:03:15 | EI46: Conforme | EJ46: Rafael Schafaschek - 15/03/2025 13:03:15 | FC46: Não | FD46: Sim | FE46: 45731.544 | FH46: Não | FI46: Feito | FJ46: 45731.544 | FK46: Rafael Schafaschek - 15/03/2025 13:03:15 | FP46: =FL46
A47: 10&20 - R.P.E | B47: Turbina Desfibrador | C47: Transmissor | D47: STE-091-01 | E47: TEMPERATURA MANCAL RADIAL POSTERIOR TURBINA DO DESFIBRADOR | F47: Pré-Comissionamento | G47: Conforme | H47: Gabriel Batista Cousso - 11/03/2025 11:16:55 | I47: Conforme | J47: Gabriel Batista Cousso - 11/03/2025 11:16:55 | K47: Conforme | L47: Gabriel Batista Cousso - 11/03/2025 11:16:56 | M47: Conforme | N47: Gabriel Batista Cousso - 11/03/2025 11:16:57 | BO47: Não | BP47: Sim | BQ47: 45727.47 | BR47: Sim | BS47: 45727.47 | BT47: Sim | BU47: 45727.47 | BV47: Comissionamento Estático | BW47: Conforme | BX47: Gabriel Batista Cousso - 11/03/2025 12:05:30 | BY47: Conforme | BZ47: Gabriel Batista Cousso - 11/03/2025 12:05:31 | CA47: Conforme | CB47: Gabriel Batista Cousso - 11/03/2025 12:05:31 | DA47: Não | DB47: Não Aplica | DD47: Sim | DE47: 45727.504 | DF47: Sim | DG47: 45727.504 | DH47: Dinâmico Frio | DI47: Conforme | DJ47: Gabriel Batista Cousso - 12/03/2025 10:33:57 | DK47: Conforme | DL47: Gabriel Batista Cousso - 12/03/2025 10:33:57 | EC47: Não | ED47: Sim | EE47: 45728.44 | EF47: Dinâmico Quente | EG47: Conforme | EH47: Rafael Schafaschek - 15/03/2025 13:03:19 | EI47: Conforme | EJ47: Rafael Schafaschek - 15/03/2025 13:03:18 | FC47: Não | FD47: Sim | FE47: 45731.544 | FH47: Não | FI47: Feito | FJ47: 45731.544 | FK47: Rafael Schafaschek - 15/03/2025 13:03:19 | FP47: =FL47
A48: 10&20 - R.P.E | B48: Turbina Desfibrador | C48: Transmissor | D48: STE-094-01 | E48: TEMPERATURA VAPOR DE ESCAPE DA TURBINA DO DESFIBRADOR | F48: Pré-Comissionamento | G48: Conforme | H48: Gabriel Batista Cousso - 11/03/2025 11:17:01 | I48: Conforme | J48: Gabriel Batista Cousso - 11/03/2025 11:17:01 | K48: Conforme | L48: Gabriel Batista Cousso - 11/03/2025 11:17:02 | M48: Conforme | N48: Gabriel Batista Cousso - 11/03/2025 11:17:02 | BO48: Não | BP48: Sim | BQ48: 45727.47 | BR48: Sim | BS48: 45727.47 | BT48: Sim | BU48: 45727.47 | BV48: Comissionamento Estático | BW48: Conforme | BX48: Gabriel Batista Cousso - 11/03/2025 12:05:36 | BY48: Conforme | BZ48: Gabriel Batista Cousso - 11/03/2025 12:05:37 | CA48: Conforme | CB48: Gabriel Batista Cousso - 11/03/2025 12:05:37 | DA48: Não | DB48: Não Aplica | DD48: Sim | DE48: 45727.504 | DF48: Sim | DG48: 45727.504 | DH48: Dinâmico Frio | DI48: Conforme | DJ48: Gabriel Batista Cousso - 12/03/2025 10:34:02 | DK48: Conforme | DL48: Gabriel Batista Cousso - 12/03/2025 10:34:03 | EC48: Não | ED48: Sim | EE48: 45728.44 | EF48: Dinâmico Quente | EG48: Conforme | EH48: Rafael Schafaschek - 15/03/2025 13:03:22 | EI48: Conforme | EJ48: Rafael Schafaschek - 15/03/2025 13:03:22 | FC48: Não | FD48: Sim | FE48: 45731.544 | FH48: Não | FI48: Feito | FJ48: 45731.544 | FK48: Rafael Schafaschek - 15/03/2025 13:03:22 | FP48: =FL48
A49: 10&20 - R.P.E | B49: Turbina Desfibrador | C49: Transmissor | D49: STE-093-01 | E49: TEMPERATURA VAPOR DE ADMISSÃO DA TURBINA DO DESFIBRADOR | F49: Pré-Comissionamento | G49: Conforme | H49: Gabriel Batista Cousso - 11/03/2025 11:17:06 | I49: Conforme | J49: Gabriel Batista Cousso - 11/03/2025 11:17:06 | K49: Conforme | L49: Gabriel Batista Cousso - 11/03/2025 11:17:07 | M49: Conforme | N49: Gabriel Batista Cousso - 11/03/2025 11:17:08 | BO49: Não | BP49: Sim | BQ49: 45727.47 | BR49: Sim | BS49: 45727.47 | BT49: Sim | BU49: 45727.47 | BV49: Comissionamento Estático | BW49: Conforme | BX49: Gabriel Batista Cousso - 11/03/2025 12:05:41 | BY49: Conforme | BZ49: Gabriel Batista Cousso - 11/03/2025 12:05:41 | CA49: Conforme | CB49: Gabriel Batista Cousso - 11/03/2025 12:05:42 | DA49: Não | DB49: Não Aplica | DD49: Sim | DE49: 45727.504 | DF49: Sim | DG49: 45727.504 | DH49: Dinâmico Frio | DI49: Conforme | DJ49: Gabriel Batista Cousso - 12/03/2025 10:34:08 | DK49: Conforme | DL49: Gabriel Batista Cousso - 12/03/2025 10:34:08 | EC49: Não | ED49: Sim | EE49: 45728.44 | EF49: Dinâmico Quente | EG49: Conforme | EH49: Rafael Schafaschek - 15/03/2025 13:03:26 | EI49: Conforme | EJ49: Rafael Schafaschek - 15/03/2025 13:03:26 | FC49: Não | FD49: Sim | FE49: 45731.544 | FH49: Não | FI49: Feito | FJ49: 45731.544 | FK49: Rafael Schafaschek - 15/03/2025 13:03:26 | FP49: =FL49
A50: 10&20 - R.P.E | B50: Turbina Desfibrador | C50: Transmissor | D50: STE-092-01 | E50: TEMPERATURA ÓLEO DE LUBRIFICAÇÃO DA TURBINA DO DESFIBRADOR | F50: Pré-Comissionamento | G50: Conforme | H50: Gabriel Batista Cousso - 11/03/2025 11:17:12 | I50: Conforme | J50: Gabriel Batista Cousso - 11/03/2025 11:17:13 | K50: Conforme | L50: Gabriel Batista Cousso - 11/03/2025 11:17:14 | M50: Conforme | N50: Gabriel Batista Cousso - 11/03/2025 11:17:14 | BO50: Não | BP50: Sim | BQ50: 45727.47 | BR50: Sim | BS50: 45727.47 | BT50: Sim | BU50: 45727.47 | BV50: Comissionamento Estático | BW50: Conforme | BX50: Gabriel Batista Cousso - 11/03/2025 12:05:46 | BY50: Conforme | BZ50: Gabriel Batista Cousso - 11/03/2025 12:05:47 | CA50: Conforme | CB50: Gabriel Batista Cousso - 11/03/2025 12:05:47 | DA50: Não | DB50: Não Aplica | DD50: Sim | DE50: 45727.504 | DF50: Sim | DG50: 45727.504 | DH50: Dinâmico Frio | DI50: Conforme | DJ50: Gabriel Batista Cousso - 12/03/2025 10:34:13 | DK50: Conforme | DL50: Gabriel Batista Cousso - 12/03/2025 10:34:13 | EC50: Não | ED50: Sim | EE50: 45728.44 | EF50: Dinâmico Quente | EG50: Conforme | EH50: Rafael Schafaschek - 15/03/2025 13:03:31 | EI50: Conforme | EJ50: Rafael Schafaschek - 15/03/2025 13:03:31 | FC50: Não | FD50: Sim | FE50: 45731.544 | FH50: Não | FI50: Feito | FJ50: 45731.544 | FK50: Rafael Schafaschek - 15/03/2025 13:03:31 | FP50: =FL50
A51: 10&20 - R.P.E | B51: Turbina Desfibrador | C51: Transmissor | D51: STE-106-01 | E51: TEMPERATURA ÓLEO DO MANCAL L.A. DA TURBINA DO DESFIBRADOR | F51: Pré-Comissionamento | G51: Conforme | H51: Gabriel Batista Cousso - 11/03/2025 12:05:59 | I51: Conforme | J51: Gabriel Batista Cousso - 11/03/2025 12:05:59 | K51: Conforme | L51: Gabriel Batista Cousso - 11/03/2025 12:06:00 | M51: Conforme | N51: Gabriel Batista Cousso - 11/03/2025 12:06:01 | BO51: Não | BP51: Sim | BQ51: 45727.504 | BR51: Sim | BS51: 45727.504 | BT51: Sim | BU51: 45727.504 | BV51: Comissionamento Estático | BW51: Conforme | BX51: Gabriel Batista Cousso - 11/03/2025 12:06:04 | BY51: Conforme | BZ51: Gabriel Batista Cousso - 11/03/2025 12:06:04 | CA51: Conforme | CB51: Gabriel Batista Cousso - 11/03/2025 12:06:05 | DA51: Não | DB51: Não Aplica | DD51: Sim | DE51: 45727.504 | DF51: Sim | DG51: 45727.504 | DH51: Dinâmico Frio | DI51: Conforme | DJ51: Gabriel Batista Cousso - 12/03/2025 10:34:18 | DK51: Conforme | DL51: Gabriel Batista Cousso - 12/03/2025 10:34:18 | EC51: Não | ED51: Sim | EE51: 45728.44 | EF51: Dinâmico Quente | EG51: Conforme | EH51: Rafael Schafaschek - 15/03/2025 13:03:35 | EI51: Conforme | EJ51: Rafael Schafaschek - 15/03/2025 13:03:35 | FC51: Não | FD51: Sim | FE51: 45731.544 | FH51: Não | FI51: Feito | FJ51: 45731.544 | FK51: Rafael Schafaschek - 15/03/2025 13:03:35 | FP51: =FL51
... A62: 10&20 - R.P.E | B62: Esteira Cana Desfibrada | C62: Indicador | D62: ESTEIRA_RAPIDA_DESALINHADA_LADO_ESQUERDO_SUPERIOR | E62: CHAVE DESALINHAMENTO ESTEIRA DESFIBRADA SUPERIOR LADO ESQUERDO | F62: Pré-Comissionamento | G62: Conforme | H62: Gabriel Batista Cousso - 12/03/2025 13:51:16 | I62: Conforme | J62: Gabriel Batista Cousso - 12/03/2025 13:51:16 | K62: Conforme | L62: Gabriel Batista Cousso - 12/03/2025 13:51:17 | M62: Conforme | N62: Gabriel Batista Cousso - 12/03/2025 13:51:21 | BO62: Não | BP62: Sim | BQ62: 45728.577 | BR62: Sim | BS62: 45728.577 | BT62: Sim | BU62: 45728.577 | BV62: Comissionamento Estático | BW62: Conforme | BX62: Rafael Schafaschek - 15/03/2025 14:53:25 | BY62: Conforme | BZ62: Rafael Schafaschek - 15/03/2025 14:53:25 | CA62: Conforme | CB62: Rafael Schafaschek - 15/03/2025 14:53:24 | DA62: Não | DB62: Não Aplica | DD62: Sim | DE62: 45731.62 | DF62: Sim | DG62: 45731.62 | DH62: Dinâmico Frio | DI62: Conforme | DJ62: Rafael Schafaschek - 15/03/2025 14:53:29 | DK62: Conforme | DL62: Rafael Schafaschek - 15/03/2025 14:53:29 | EC62: Não | ED62: Sim | EE62: 45731.62 | EF62: Dinâmico Quente | EG62: Conforme | EH62: Rafael Schafaschek - 15/03/2025 16:21:07 | EI62: Conforme | EJ62: Rafael Schafaschek - 15/03/2025 16:21:07 | FC62: Não | FD62: Sim | FE62: 45731.681 | FH62: Não | FI62: Feito | FJ62: 45731.681 | FK62: Rafael Schafaschek - 15/03/2025 16:21:07 | FP62: =FL62
A63: 10&20 - R.P.E | B63: Esteira Cana Desfibrada | C63: Esteira de Borracha | D63: EB-2001 | E63: ESTEIRA RAPIDA DE CANA DESFIBRADA | F63: Pré-Comissionamento | G63: Conforme | H63: Rafael De Carvalho Vasconcelos - 24/02/2025 15:53:38 | I63: Conforme | J63: Rafael De Carvalho Vasconcelos - 24/02/2025 15:53:43 | K63: Conforme | L63: Rafael De Carvalho Vasconcelos - 24/02/2025 15:53:46 | M63: Conforme | N63: Rafael De Carvalho Vasconcelos - 24/02/2025 15:53:49 | O63: Conforme | P63: Rafael De Carvalho Vasconcelos - 24/02/2025 15:53:52 | Q63: Conforme | R63: Rafael De Carvalho Vasconcelos - 24/02/2025 15:53:54 | S63: Conforme | T63: Rafael De Carvalho Vasconcelos - 24/02/2025 15:54:00 | U63: Conforme | V63: Rafael De Carvalho Vasconcelos - 24/02/2025 15:54:06 | W63: Conforme | X63: Rafael De Carvalho Vasconcelos - 24/02/2025 15:54:19 | Y63: Conforme | Z63: Rafael De Carvalho Vasconcelos - 24/02/2025 15:54:25 | AA63: Conforme | AB63: Rafael De Carvalho Vasconcelos - 24/02/2025 15:54:38 | AC63: Conforme | AD63: Rafael De Carvalho Vasconcelos - 24/02/2025 15:54:43 | AE63: Conforme | AF63: Rafael De Carvalho Vasconcelos - 24/02/2025 15:54:47 | AG63: Conforme | AH63: Rafael De Carvalho Vasconcelos - 24/02/2025 15:54:52 | AI63: Conforme | AJ63: Rafael De Carvalho Vasconcelos - 24/02/2025 15:54:59 | AK63: Conforme | AL63: Rafael De Carvalho Vasconcelos - 24/02/2025 15:55:11 | AM63: Conforme | AN63: Rafael De Carvalho Vasconcelos - 24/02/2025 15:55:15 | AO63: Conforme | AP63: Rafael De Carvalho Vasconcelos - 24/02/2025 15:55:20 | AQ63: Conforme | AR63: Rafael De Carvalho Vasconcelos - 24/02/2025 15:55:26 | AS63: Conforme | AT63: Luis Antonio Batista - 11/03/2025 15:05:16 | AU63: Conforme | AV63: Luis Antonio Batista - 11/03/2025 15:05:19 | AW63: Conforme | AX63: Luis Antonio Batista - 11/03/2025 15:05:22 | AY63: Conforme | AZ63: Luis Antonio Batista - 11/03/2025 15:05:24 | BA63: Conforme | BB63: Luis Antonio Batista - 11/03/2025 15:05:26 | BC63: Conforme | BD63: Luis Antonio Batista - 11/03/2025 15:05:33 | BE63: Conforme | BF63: Luis Antonio Batista - 11/03/2025 15:05:42 | BO63: Não | BP63: Sim | BQ63: 45712.663 | BR63: Sim | BS63: 45727.629 | BT63: Sim | BU63: 45727.629 | BV63: Comissionamento Estático | BW63: Conforme | BX63: Rafael Schafaschek - 15/03/2025 14:52:33 | BY63: Conforme | BZ63: Rafael Schafaschek - 15/03/2025 14:52:34 | CA63: Conforme | CB63: Rafael Schafaschek - 15/03/2025 14:52:32 | CC63: Conforme | CD63: Rafael Schafaschek - 15/03/2025 14:52:32 | CE63: Conforme | CF63: Rafael Schafaschek - 15/03/2025 14:52:35 | DA63: Não | DB63: Sim | DC63: 45731.62 | DD63: Sim | DE63: 45731.62 | DF63: Sim | DG63: 45731.62 | DH63: Dinâmico Frio | DI63: Conforme | DJ63: Rafael Schafaschek - 15/03/2025 14:52:47 | DK63: Conforme | DL63: Rafael Schafaschek - 15/03/2025 14:52:47 | DM63: Conforme | DN63: Rafael Schafaschek - 15/03/2025 14:52:47 | DO63: Conforme | DP63: Rafael Schafaschek - 15/03/2025 14:52:46 | DQ63: Conforme | DR63: Rafael Schafaschek - 15/03/2025 14:52:49 | DS63: Conforme | DT63: Rafael Schafaschek - 15/03/2025 14:52:48 | EC63: Não | ED63: Sim | EE63: 45731.62 | EF63: Dinâmico Quente | EG63: Conforme | EH63: Rafael Schafaschek - 15/03/2025 16:20:46 | EI63: Conforme | EJ63: Rafael Schafaschek - 15/03/2025 16:20:46 | EK63: Conforme | EL63: Rafael Schafaschek - 15/03/2025 16:20:46 | EM63: Conforme | EN63: Rafael Schafaschek - 15/03/2025 16:20:45 | EO63: Conforme | EP63: Rafael Schafaschek - 15/03/2025 16:20:49 | EQ63: Conforme | ER63: Rafael Schafaschek - 15/03/2025 16:20:49 | FC63: Não | FD63: Sim | FE63: 45731.681 | FH63: Não | FI63: Feito | FJ63: 45731.681 | FK63: Rafael Schafaschek - 15/03/2025 16:20:49 | FL63: Base de Dados_Images/EB-2001.Imagem do Equipamento-.185306.jpg | FM63: Rafael De Carvalho Vasconcelos - 24/02/2025 15:52:54 | FP63: =FL63 -> Base de Dados_Images/EB-2001.Imagem do Equipamento-.185306.jpg
A64: 10&20 - R.P.E | B64: Esteira Cana Desfibrada | C64: Tambor Alimentador | D64: TAMBOR ALIMENTADOR DESFIBRADA | E64: TAMBOR ALIMENTADOR DESFIBRADA | F64: Pré-Comissionamento | G64: Conforme | H64: Rafael Schafaschek - 13/03/2025 15:57:57 | I64: Conforme | J64: Rafael Schafaschek - 13/03/2025 15:57:59 | K64: Conforme | L64: Rafael Schafaschek - 13/03/2025 15:58:00 | M64: Conforme | N64: Rafael Schafaschek - 13/03/2025 15:58:01 | O64: Conforme | P64: Rafael Schafaschek - 13/03/2025 15:58:02 | Q64: Conforme | R64: Rafael Schafaschek - 13/03/2025 15:58:07 | S64: Conforme | T64: Rafael Schafaschek - 13/03/2025 15:58:10 | U64: Conforme | V64: Rafael Schafaschek - 13/03/2025 15:58:12 | W64: Conforme | X64: Rafael Schafaschek - 13/03/2025 15:58:16 | Y64: Conforme | Z64: Rafael Schafaschek - 13/03/2025 15:58:18 | AA64: Conforme | AB64: Rafael Schafaschek - 13/03/2025 15:58:18 | AC64: Conforme | AD64: Rafael Schafaschek - 13/03/2025 15:58:19 | AE64: Conforme | AF64: Rafael Schafaschek - 13/03/2025 15:58:19 | AG64: Conforme | AH64: Rafael Schafaschek - 13/03/2025 15:58:21 | AI64: Conforme | AJ64: Rafael Schafaschek - 13/03/2025 15:58:22 | AK64: Conforme | AL64: Rafael Schafaschek - 13/03/2025 15:58:23 | BO64: Não | BP64: Sim | BQ64: 45729.665 | BR64: Sim | BS64: 45729.666 | BT64: Sim | BU64: 45729.666 | BV64: Comissionamento Estático | DA64: Não | DB64: Não | DD64: Não | DF64: Não | DH64: Dinâmico Frio | EC64: Não | ED64: Não | EF64: Dinâmico Quente | FC64: Não | FD64: Não Aplica | FH64: Não | FI64: Pendente | FK64: Rafael Schafaschek - 13/03/2025 15:58:23 | FP64: =FL64
A65: 10&20 - R.P.E | B65: Esteira Cana Desfibrada | C65: Eletroímã | D65: EL-2001 | E65: ELETROIMÃ | F65: Pré-Comissionamento | G65: Conforme | H65: Denis Ueslei Lopes Romero - 12/03/2025 08:29:24 | I65: Conforme | J65: Denis Ueslei Lopes Romero - 12/03/2025 08:29:29 | K65: Não Aplicável | L65: Denis Ueslei Lopes Romero - 12/03/2025 08:29:43 | M65: Conforme | N65: Denis Ueslei Lopes Romero - 12/03/2025 08:29:51 | O65: Conforme | P65: Denis Ueslei Lopes Romero - 12/03/2025 08:29:56 | Q65: Conforme | R65: Denis Ueslei Lopes Romero - 12/03/2025 08:30:04 | S65: Conforme | T65: Denis Ueslei Lopes Romero - 12/03/2025 08:30:10 | BO65: Não | BP65: Sim | BQ65: 45728.354 | BR65: Sim | BS65: 45728.354 | BT65: Sim | BU65: 45728.354 | BV65: Comissionamento Estático | DA65: Não | DB65: Não Aplica | DD65: Não Aplica | DF65: Não Aplica | DH65: Dinâmico Frio | DI65: Conforme | DJ65: Rafael Schafaschek - 15/03/2025 14:52:22 | DK65: Conforme | DL65: Rafael Schafaschek - 15/03/2025 14:52:22 | DM65: Conforme | DN65: Rafael Schafaschek - 15/03/2025 14:52:22 | EC65: Não | ED65: Sim | EE65: 45731.62 | EF65: Dinâmico Quente | EG65: Conforme | EH65: Rafael Schafaschek - 15/03/2025 16:20:41 | EI65: Conforme | EJ65: Rafael Schafaschek - 15/03/2025 16:20:41 | EK65: Conforme | EL65: Rafael Schafaschek - 15/03/2025 16:20:40 | FC65: Não | FD65: Sim | FE65: 45731.681 | FH65: Não | FI65: Feito | FJ65: 45731.681 | FK65: Rafael Schafaschek - 15/03/2025 16:20:41 | FL65: Base de Dados_Images/EL-2001.Imagem do Equipamento-.121658.jpg | FM65: Danilo Estanislau Pereira - 21/01/2025 09:16:51 | FP65: =FL65 -> Base de Dados_Images/EL-2001.Imagem do Equipamento-.121658.jpg
A66: 10&20 - R.P.E | B66: Esteira Cana Desfibrada | C66: Motor e Bomba | D66: BO-2001 | E66: BOMBA DE REFRIGERAÇÃO DE OLEO ESTEIRA DESFIBRADA | F66: Pré-Comissionamento | G66: Conforme | H66: Denis Ueslei Lopes Romero - 12/03/2025 08:30:27 | I66: Conforme | J66: Denis Ueslei Lopes Romero - 12/03/2025 08:30:29 | K66: Conforme | L66: Denis Ueslei Lopes Romero - 12/03/2025 08:30:32 | M66: Conforme | N66: Denis Ueslei Lopes Romero - 12/03/2025 08:30:35 | O66: Conforme | P66: Denis Ueslei Lopes Romero - 12/03/2025 08:30:37 | Q66: Conforme | R66: Denis Ueslei Lopes Romero - 12/03/2025 08:30:38 | S66: Conforme | T66: Denis Ueslei Lopes Romero - 12/03/2025 08:30:40 | U66: Conforme | V66: Denis Ueslei Lopes Romero - 12/03/2025 08:30:45 | W66: Não Aplicável | X66: Denis Ueslei Lopes Romero - 12/03/2025 08:30:50 | Y66: Não Aplicável | Z66: Denis Ueslei Lopes Romero - 12/03/2025 08:30:53 | AA66: Conforme | AB66: Denis Ueslei Lopes Romero - 12/03/2025 08:30:57 | AC66: Conforme | AD66: Denis Ueslei Lopes Romero - 12/03/2025 08:30:59 | AE66: Conforme | AF66: Denis Ueslei Lopes Romero - 12/03/2025 08:31:01 | AG66: Conforme | AH66: Denis Ueslei Lopes Romero - 12/03/2025 08:31:05 | AI66: Conforme | AJ66: Denis Ueslei Lopes Romero - 12/03/2025 08:31:11 | AK66: Conforme | AL66: Denis Ueslei Lopes Romero - 12/03/2025 08:32:18 | BO66: Não | BP66: Sim | BQ66: 45728.355 | BR66: Sim | BS66: 45728.356 | BT66: Sim | BU66: 45728.356 | BV66: Comissionamento Estático | BW66: Conforme | BX66: Rafael Schafaschek - 15/03/2025 14:53:35 | BY66: Conforme | BZ66: Rafael Schafaschek - 15/03/2025 14:53:35 | CA66: Conforme | CB66: Rafael Schafaschek - 15/03/2025 14:53:35 | CC66: Conforme | CD66: Rafael Schafaschek - 15/03/2025 14:53:34 | CE66: Conforme | CF66: Rafael Schafaschek - 15/03/2025 14:53:37 | CG66: Conforme | CH66: Rafael Schafaschek - 15/03/2025 14:53:36 | DA66: Não | DB66: Sim | DC66: 45731.621 | DD66: Sim | DE66: 45731.621 | DF66: Sim | DG66: 45731.621 | DH66: Dinâmico Frio | DI66: Conforme | DJ66: Rafael Schafaschek - 15/03/2025 14:53:42 | DK66: Conforme | DL66: Rafael Schafaschek - 15/03/2025 14:53:42 | DM66: Conforme | DN66: Rafael Schafaschek - 15/03/2025 14:53:41 | DO66: Conforme | DP66: Rafael Schafaschek - 15/03/2025 14:53:41 | EC66: Não | ED66: Sim | EE66: 45731.621 | EF66: Dinâmico Quente | EG66: Conforme | EH66: Rafael Schafaschek - 15/03/2025 16:21:12 | EI66: Conforme | EJ66: Rafael Schafaschek - 15/03/2025 16:21:11 | EK66: Conforme | EL66: Rafael Schafaschek - 15/03/2025 16:21:11 | EM66: Conforme | EN66: Rafael Schafaschek - 15/03/2025 16:21:11 | FC66: Não | FD66: Sim | FE66: 45731.681 | FH66: Não | FI66: Feito | FJ66: 45731.681 | FK66: Rafael Schafaschek - 15/03/2025 16:21:12 | FP66: =FL66
A67: 10&20 - R.P.E | B67: Peneira Rotativa / Captadores Ca1/2 | C67: Transmissor | D67: TRM-019-01 | E67: NÍVEL CAPTADOR CA1 (PENEIRA) | F67: Pré-Comissionamento | G67: Conforme | H67: Gabriel Batista Cousso - 11/03/2025 11:10:08 | I67: Conforme | J67: Gabriel Batista Cousso - 11/03/2025 11:10:09 | K67: Conforme | L67: Gabriel Batista Cousso - 11/03/2025 11:10:09 | M67: Conforme | N67: Gabriel Batista Cousso - 11/03/2025 11:10:10 | BO67: Não | BP67: Sim | BQ67: 45727.465 | BR67: Sim | BS67: 45727.465 | BT67: Sim | BU67: 45727.465 | BV67: Comissionamento Estático | BW67: Conforme | BX67: Gabriel Batista Cousso - 12/03/2025 14:22:47 | BY67: Conforme | BZ67: Gabriel Batista Cousso - 12/03/2025 14:22:47 | CA67: Conforme | CB67: Gabriel Batista Cousso - 12/03/2025 14:22:48 | DA67: Não | DB67: Não Aplica | DD67: Sim | DE67: 45728.599 | DF67: Sim | DG67: 45728.599 | DH67: Dinâmico Frio | DI67: Conforme | DJ67: Rafael Schafaschek - 15/03/2025 10:20:44 | DK67: Conforme | DL67: Rafael Schafaschek - 15/03/2025 10:20:44 | EC67: Não | ED67: Sim | EE67: 45731.431 | EF67: Dinâmico Quente | EG67: Conforme | EH67: Rafael Schafaschek - 15/03/2025 13:06:20 | EI67: Conforme | EJ67: Rafael Schafaschek - 15/03/2025 13:06:19 | FC67: Não | FD67: Sim | FE67: 45731.546 | FH67: Não | FI67: Feito | FJ67: 45731.546 | FK67: Rafael Schafaschek - 15/03/2025 13:06:20 | FP67: =FL67
A68: 10&20 - R.P.E | B68: Peneira Rotativa / Captadores Ca1/2 | C68: Transmissor | D68: TRM-004-01 | E68: NÍVEL CAPTADOR CA2 (PENEIRA) | F68: Pré-Comissionamento | G68: Conforme | H68: Gabriel Batista Cousso - 11/03/2025 11:10:14 | I68: Conforme | J68: Gabriel Batista Cousso - 11/03/2025 11:10:15 | K68: Conforme | L68: Gabriel Batista Cousso - 11/03/2025 11:10:16 | M68: Conforme | N68: Gabriel Batista Cousso - 11/03/2025 11:10:16 | BO68: Não | BP68: Sim | BQ68: 45727.465 | BR68: Sim | BS68: 45727.465 | BT68: Sim | BU68: 45727.465 | BV68: Comissionamento Estático | BW68: Conforme | BX68: Gabriel Batista Cousso - 12/03/2025 14:22:52 | BY68: Conforme | BZ68: Gabriel Batista Cousso - 12/03/2025 14:22:53 | CA68: Conforme | CB68: Gabriel Batista Cousso - 12/03/2025 14:22:53 | DA68: Não | DB68: Não Aplica | DD68: Sim | DE68: 45728.599 | DF68: Sim | DG68: 45728.599 | DH68: Dinâmico Frio | DI68: Conforme | DJ68: Rafael Schafaschek - 15/03/2025 10:20:52 | DK68: Conforme | DL68: Rafael Schafaschek - 15/03/2025 10:20:51 | EC68: Não | ED68: Sim | EE68: 45731.431 | EF68: Dinâmico Quente | EG68: Conforme | EH68: Rafael Schafaschek - 15/03/2025 13:06:24 | EI68: Conforme | EJ68: Rafael Schafaschek - 15/03/2025 13:06:23 | FC68: Não | FD68: Sim | FE68: 45731.546 | FH68: Não | FI68: Feito | FJ68: 45731.546 | FK68: Rafael Schafaschek - 15/03/2025 13:06:24 | FL68: Base de Dados_Images/TRM-004-01.Imagem do Equipamento-.170346.jpg | FM68: Luis Antonio Batista - 11/03/2025 14:03:37 | FP68: =FL68 -> Base de Dados_Images/TRM-004-01.Imagem do Equipamento-.170346.jpg
A69: 10&20 - R.P.E | B69: Peneira Rotativa / Captadores Ca1/2 | C69: Motor e Bomba | D69: BC-2005 | E69: BOMBA Nº1 DE CALDO P/ PENEIRA ROTATIVA | F69: Pré-Comissionamento | G69: Conforme | H69: Danilo Estanislau Pereira - 21/01/2025 09:21:09 | I69: Conforme | J69: Rafael De Carvalho Vasconcelos - 22/01/2025 16:05:21 | K69: Conforme | L69: Rafael De Carvalho Vasconcelos - 22/01/2025 16:05:24 | M69: Conforme | N69: Rafael De Carvalho Vasconcelos - 22/01/2025 16:05:28 | O69: Conforme | P69: Rafael De Carvalho Vasconcelos - 22/01/2025 16:05:30 | Q69: Conforme | R69: Rafael De Carvalho Vasconcelos - 22/01/2025 16:05:32 | S69: Conforme | T69: Rafael De Carvalho Vasconcelos - 22/01/2025 16:05:35 | U69: Conforme | V69: Rafael De Carvalho Vasconcelos - 22/01/2025 16:05:38 | W69: Conforme | X69: Rafael De Carvalho Vasconcelos - 22/01/2025 16:08:04 | Y69: Conforme | Z69: Rafael De Carvalho Vasconcelos - 22/01/2025 16:08:05 | AA69: Conforme | AB69: Danilo Estanislau Pereira - 21/01/2025 09:21:17 | AC69: Conforme | AD69: Danilo Estanislau Pereira - 21/01/2025 09:21:19 | AE69: Conforme | AF69: Danilo Estanislau Pereira - 21/01/2025 09:21:21 | AG69: Conforme | AH69: Danilo Estanislau Pereira - 21/01/2025 09:21:24 | AI69: Conforme | AJ69: Danilo Estanislau Pereira - 21/01/2025 09:21:25 | AK69: Conforme | AL69: Danilo Estanislau Pereira - 21/01/2025 09:21:27 | BO69: Não | BP69: Sim | BQ69: 45679.672 | BR69: Sim | BS69: 45678.39 | BT69: Sim | BU69: 45679.672 | BV69: Comissionamento Estático | BW69: Conforme | BX69: Denis Ueslei Lopes Romero - 12/03/2025 14:17:28 | BY69: Conforme | BZ69: Denis Ueslei Lopes Romero - 12/03/2025 14:17:28 | CA69: Conforme | CB69: Denis Ueslei Lopes Romero - 12/03/2025 14:17:29 | CC69: Conforme | CD69: Gabriel Batista Cousso - 14/03/2025 14:49:42 | CE69: Conforme | CF69: Gabriel Batista Cousso - 14/03/2025 14:49:43 | CG69: Conforme | CH69: Gabriel Batista Cousso - 14/03/2025 14:49:44 | DA69: Não | DB69: Sim | DC69: 45728.595 | DD69: Sim | DE69: 45730.618 | DF69: Sim | DG69: 45730.618 | DH69: Dinâmico Frio | DI69: Conforme | DJ69: Rafael Schafaschek - 15/03/2025 10:18:58 | DK69: Conforme | DL69: Rafael Schafaschek - 15/03/2025 10:18:58 | DM69: Conforme | DN69: Rafael Schafaschek - 15/03/2025 10:18:58 | DO69: Conforme | DP69: Rafael Schafaschek - 15/03/2025 10:18:59 | EC69: Não | ED69: Sim | EE69: 45731.43 | EF69: Dinâmico Quente | EG69: Conforme | EH69: Rafael Schafaschek - 15/03/2025 13:06:03 | EI69: Conforme | EJ69: Rafael Schafaschek - 15/03/2025 13:06:03 | EK69: Conforme | EL69: Rafael Schafaschek - 15/03/2025 13:06:02 | EM69: Conforme | EN69: Rafael Schafaschek - 15/03/2025 13:06:02 | FC69: Não | FD69: Sim | FE69: 45731.546 | FH69: Não | FI69: Feito | FJ69: 45731.546 | FK69: Rafael Schafaschek - 15/03/2025 13:06:03 | FL69: Base de Dados_Images/BC-2005.Imagem do Equipamento-.122109.jpg | FM69: Danilo Estanislau Pereira - 21/01/2025 09:20:47 | FN69: Base de Dados_Images/BC-2005.Imagem da Plaqueta do Motor-.122108.jpg | FO69: Danilo Estanislau Pereira - 21/01/2025 09:21:03 | FP69: =FL69 -> Base de Dados_Images/BC-2005.Imagem do Equipamento-.122109.jpg
A70: 10&20 - R.P.E | B70: Peneira Rotativa / Captadores Ca1/2 | C70: Motor e Bomba | D70: BC-2006 | E70: BOMBA Nº2 DE CALDO P/ PENEIRA ROTATIVA | F70: Pré-Comissionamento | G70: Conforme | H70: Danilo Estanislau Pereira - 21/01/2025 09:23:11 | I70: Conforme | J70: Rafael De Carvalho Vasconcelos - 22/01/2025 16:08:22 | K70: Conforme | L70: Rafael De Carvalho Vasconcelos - 22/01/2025 16:08:24 | M70: Conforme | N70: Rafael De Carvalho Vasconcelos - 22/01/2025 16:08:26 | O70: Conforme | P70: Rafael De Carvalho Vasconcelos - 22/01/2025 16:08:28 | Q70: Conforme | R70: Rafael De Carvalho Vasconcelos - 22/01/2025 16:09:52 | S70: Conforme | T70: Rafael De Carvalho Vasconcelos - 22/01/2025 16:09:53 | U70: Conforme | V70: Rafael De Carvalho Vasconcelos - 22/01/2025 16:09:56 | W70: Conforme | X70: Rafael De Carvalho Vasconcelos - 22/01/2025 16:10:07 | Y70: Conforme | Z70: Rafael De Carvalho Vasconcelos - 22/01/2025 16:10:09 | AA70: Conforme | AB70: Danilo Estanislau Pereira - 21/01/2025 09:23:18 | AC70: Conforme | AD70: Danilo Estanislau Pereira - 21/01/2025 09:23:19 | AE70: Conforme | AF70: Danilo Estanislau Pereira - 21/01/2025 09:23:20 | AG70: Conforme | AH70: Danilo Estanislau Pereira - 21/01/2025 09:23:21 | AI70: Conforme | AJ70: Danilo Estanislau Pereira - 21/01/2025 09:23:22 | AK70: Conforme | AL70: Danilo Estanislau Pereira - 21/01/2025 09:23:23 | BO70: Não | BP70: Sim | BQ70: 45679.674 | BR70: Sim | BS70: 45678.391 | BT70: Sim | BU70: 45679.674 | BV70: Comissionamento Estático | DA70: Não | DB70: Não | DD70: Não | DF70: Não | DH70: Dinâmico Frio | EC70: Não | ED70: Não | EF70: Dinâmico Quente | FC70: Não | FD70: Não | FF70: Sem inversor, parte sem ela | FH70: Sim | FI70: Pendente | FK70: Rafael Schafaschek - 15/03/2025 10:28:20 | FL70: Base de Dados_Images/BC-2006.Imagem do Equipamento-.122312.jpg | FM70: Danilo Estanislau Pereira - 21/01/2025 09:22:46 | FN70: Base de Dados_Images/BC-2006.Imagem da Plaqueta do Motor-.122311.jpg | FO70: Danilo Estanislau Pereira - 21/01/2025 09:22:55 | FP70: =FL70 -> Base de Dados_Images/BC-2006.Imagem do Equipamento-.122312.jpg
A71: 10&20 - R.P.E | B71: Peneira Rotativa / Captadores Ca1/2 | C71: Motor e Bomba | D71: BC-2027 | E71: BOMBA Nº3 DE CALDO P/ PENEIRA ROTATIVA | F71: Pré-Comissionamento | G71: Conforme | H71: Danilo Estanislau Pereira - 21/01/2025 09:22:04 | I71: Conforme | J71: Rafael De Carvalho Vasconcelos - 22/01/2025 16:10:49 | K71: Conforme | L71: Rafael De Carvalho Vasconcelos - 22/01/2025 16:10:57 | M71: Conforme | N71: Rafael De Carvalho Vasconcelos - 22/01/2025 16:11:11 | O71: Conforme | P71: Rafael De Carvalho Vasconcelos - 22/01/2025 16:11:17 | Q71: Conforme | R71: Rafael De Carvalho Vasconcelos - 22/01/2025 16:11:22 | S71: Conforme | T71: Rafael De Carvalho Vasconcelos - 22/01/2025 16:11:28 | U71: Conforme | V71: Rafael De Carvalho Vasconcelos - 22/01/2025 16:11:44 | W71: Conforme | X71: Rafael De Carvalho Vasconcelos - 22/01/2025 16:11:50 | Y71: Conforme | Z71: Rafael De Carvalho Vasconcelos - 22/01/2025 16:11:56 | AA71: Conforme | AB71: Danilo Estanislau Pereira - 21/01/2025 09:22:12 | AC71: Conforme | AD71: Danilo Estanislau Pereira - 21/01/2025 09:22:13 | AE71: Conforme | AF71: Danilo Estanislau Pereira - 21/01/2025 09:22:14 | AG71: Conforme | AH71: Danilo Estanislau Pereira - 21/01/2025 09:22:16 | AI71: Conforme | AJ71: Danilo Estanislau Pereira - 21/01/2025 09:22:18 | AK71: Conforme | AL71: Danilo Estanislau Pereira - 21/01/2025 09:22:19 | BO71: Não | BP71: Sim | BQ71: 45679.675 | BR71: Sim | BS71: 45678.39 | BT71: Sim | BU71: 45679.675 | BV71: Comissionamento Estático | BW71: Conforme | BX71: Rafael Schafaschek - 15/03/2025 10:19:06 | BY71: Conforme | BZ71: Rafael Schafaschek - 15/03/2025 10:19:05 | CA71: Conforme | CB71: Rafael Schafaschek - 15/03/2025 10:19:05 | CC71: Conforme | CD71: Rafael Schafaschek - 15/03/2025 10:19:05 | CE71: Conforme | CF71: Rafael Schafaschek - 15/03/2025 10:19:08 | CG71: Conforme | CH71: Rafael Schafaschek - 15/03/2025 10:19:07 | DA71: Não | DB71: Sim | DC71: 45731.43 | DD71: Sim | DE71: 45731.43 | DF71: Sim | DG71: 45731.43 | DH71: Dinâmico Frio | DI71: Conforme | DJ71: Rafael Schafaschek - 15/03/2025 10:19:13 | DK71: Conforme | DL71: Rafael Schafaschek - 15/03/2025 10:19:12 | DM71: Conforme | DN71: Rafael Schafaschek - 15/03/2025 10:19:12 | DO71: Conforme | DP71: Rafael Schafaschek - 15/03/2025 10:19:12 | EC71: Não | ED71: Sim | EE71: 45731.43 | EF71: Dinâmico Quente | EG71: Conforme | EH71: Rafael Schafaschek - 15/03/2025 13:06:11 | EI71: Conforme | EJ71: Rafael Schafaschek - 15/03/2025 13:06:11 | EK71: Conforme | EL71: Rafael Schafaschek - 15/03/2025 13:06:10 | EM71: Conforme | EN71: Rafael Schafaschek - 15/03/2025 13:06:10 | FC71: Não | FD71: Sim | FE71: 45731.546 | FH71: Não | FI71: Feito | FJ71: 45731.546 | FK71: Rafael Schafaschek - 15/03/2025 13:06:11 | FL71: Base de Dados_Images/BC-2027.Imagem do Equipamento-.122202.jpg | FM71: Danilo Estanislau Pereira - 21/01/2025 09:21:45 | FN71: Base de Dados_Images/BC-2027.Imagem da Plaqueta do Motor-.122202.jpg | FO71: Danilo Estanislau Pereira - 21/01/2025 09:21:58 | FP71: =FL71 -> Base de Dados_Images/BC-2027.Imagem do Equipamento-.122202.jpg
A72: 10&20 - R.P.E | B72: Peneira Rotativa / Captadores Ca1/2 | C72: Captador | D72: CAPTADOR CA1 | E72: CAPTADOR N°1 PENEIRA | F72: Pré-Comissionamento | G72: Conforme | H72: Denis Ueslei Lopes Romero - 12/03/2025 09:03:36 | I72: Conforme | J72: Denis Ueslei Lopes Romero - 12/03/2025 09:03:37 | K72: Conforme | L72: Denis Ueslei Lopes Romero - 12/03/2025 09:03:38 | M72: Conforme | N72: Denis Ueslei Lopes Romero - 12/03/2025 09:03:37 | BO72: Não | BP72: Sim | BQ72: 45728.378 | BR72: Não Aplica | BT72: Sim | BU72: 45728.378 | BV72: Comissionamento Estático | DA72: Não | DB72: Não Aplica | DD72: Não Aplica | DF72: Não Aplica | DH72: Dinâmico Frio | DI72: Conforme | DJ72: Rafael Schafaschek - 15/03/2025 10:19:18 | DK72: Conforme | DL72: Rafael Schafaschek - 15/03/2025 10:19:17 | EC72: Não | ED72: Sim | EE72: 45731.43 | EF72: Dinâmico Quente | EG72: Conforme | EH72: Rafael Schafaschek - 15/03/2025 13:03:59 | EI72: Conforme | EJ72: Rafael Schafaschek - 15/03/2025 13:03:58 | FC72: Não | FD72: Sim | FE72: 45731.544 | FH72: Não | FI72: Feito | FJ72: 45731.544 | FK72: Rafael Schafaschek - 15/03/2025 13:03:59 | FL72: Base de Dados_Images/CAPTADOR CA1.Imagem do Equipamento-.170615.jpg | FM72: Luis Antonio Batista - 11/03/2025 14:06:08 | FP72: =FL72 -> Base de Dados_Images/CAPTADOR CA1.Imagem do Equipamento-.170615.jpg
A73: 10&20 - R.P.E | B73: Peneira Rotativa / Captadores Ca1/2 | C73: Captador | D73: CAPTADOR CA2 | E73: CAPTADOR N°2 PENEIRA | F73: Pré-Comissionamento | G73: Conforme | H73: Denis Ueslei Lopes Romero - 12/03/2025 09:03:43 | I73: Conforme | J73: Denis Ueslei Lopes Romero - 12/03/2025 09:03:44 | K73: Conforme | L73: Denis Ueslei Lopes Romero - 12/03/2025 09:03:44 | M73: Conforme | N73: Denis Ueslei Lopes Romero - 12/03/2025 09:03:46 | BO73: Não | BP73: Sim | BQ73: 45728.378 | BR73: Não Aplica | BT73: Sim | BU73: 45728.378 | BV73: Comissionamento Estático | DA73: Não | DB73: Não Aplica | DD73: Não Aplica | DF73: Não Aplica | DH73: Dinâmico Frio | DI73: Conforme | DJ73: Rafael Schafaschek - 15/03/2025 10:19:21 | DK73: Conforme | DL73: Rafael Schafaschek - 15/03/2025 10:19:21 | EC73: Não | ED73: Sim | EE73: 45731.43 | EF73: Dinâmico Quente | EG73: Conforme | EH73: Rafael Schafaschek - 15/03/2025 13:04:07 | EI73: Conforme | EJ73: Rafael Schafaschek - 15/03/2025 13:04:06 | FC73: Não | FD73: Sim | FE73: 45731.545 | FH73: Não | FI73: Feito | FJ73: 45731.545 | FK73: Rafael Schafaschek - 15/03/2025 13:04:07 | FL73: Base de Dados_Images/CAPTADOR CA2.Imagem do Equipamento-.171022.jpg | FM73: Luis Antonio Batista - 11/03/2025 14:10:16 | FP73: =FL73 -> Base de Dados_Images/CAPTADOR CA2.Imagem do Equipamento-.171022.jpg
A74: 10&20 - R.P.E | B74: Peneira Rotativa / Captadores Ca1/2 | C74: Peneira Rotativa/Difusor | D74: PR-2001-B | E74: ACION PENEIRA ROTATIVA CALDO MISTO | F74: Pré-Comissionamento | G74: Conforme | H74: Denis Ueslei Lopes Romero - 12/03/2025 08:33:38 | I74: Conforme | J74: Denis Ueslei Lopes Romero - 12/03/2025 08:33:40 | K74: Conforme | L74: Denis Ueslei Lopes Romero - 12/03/2025 08:33:44 | M74: Conforme | N74: Denis Ueslei Lopes Romero - 12/03/2025 08:33:46 | O74: Conforme | P74: Denis Ueslei Lopes Romero - 12/03/2025 08:33:48 | Q74: Conforme | R74: Denis Ueslei Lopes Romero - 12/03/2025 08:33:51 | S74: Conforme | T74: Denis Ueslei Lopes Romero - 12/03/2025 08:34:16 | U74: Conforme | V74: Denis Ueslei Lopes Romero - 12/03/2025 08:34:21 | W74: Conforme | X74: Denis Ueslei Lopes Romero - 12/03/2025 08:34:44 | Y74: Conforme | Z74: Denis Ueslei Lopes Romero - 12/03/2025 08:34:50 | AA74: Conforme | AB74: Danilo Estanislau Pereira - 21/02/2025 08:23:31 | AC74: Conforme | AD74: Danilo Estanislau Pereira - 21/02/2025 08:23:35 | AE74: Conforme | AF74: Danilo Estanislau Pereira - 21/02/2025 08:23:40 | AG74: Conforme | AH74: Danilo Estanislau Pereira - 21/02/2025 08:23:43 | AI74: Conforme | AJ74: Danilo Estanislau Pereira - 21/02/2025 08:23:45 | BO74: Não | BP74: Sim | BQ74: 45728.358 | BR74: Sim | BS74: 45709.35 | BT74: Sim | BU74: 45728.358 | BV74: Comissionamento Estático | BW74: Conforme | BX74: Gabriel Batista Cousso - 12/03/2025 14:23:08 | BY74: Conforme | BZ74: Gabriel Batista Cousso - 12/03/2025 14:23:09 | CA74: Conforme | CB74: Rafael Schafaschek - 15/03/2025 11:28:57 | CC74: Conforme | CD74: Rafael Schafaschek - 15/03/2025 11:28:57 | DA74: Não | DB74: Sim | DC74: 45728.599 | DD74: Sim | DE74: 45731.478 | DF74: Sim | DG74: 45731.478 | DH74: Dinâmico Frio | DI74: Conforme | DJ74: Rafael Schafaschek - 15/03/2025 11:29:01 | DK74: Conforme | DL74: Rafael Schafaschek - 15/03/2025 11:29:01 | DM74: Conforme | DN74: Rafael Schafaschek - 15/03/2025 11:29:01 | EC74: Não | ED74: Sim | EE74: 45731.478 | EF74: Dinâmico Quente | EG74: Conforme | EH74: Rafael Schafaschek - 15/03/2025 13:06:15 | EI74: Conforme | EJ74: Rafael Schafaschek - 15/03/2025 13:06:15 | FC74: Não | FD74: Sim | FE74: 45731.546 | FH74: Não | FI74: Feito | FJ74: 45731.546 | FK74: Rafael Schafaschek - 15/03/2025 13:06:15 | FL74: Base de Dados_Images/PR-2001-B.Imagem do Equipamento-.112416.jpg | FM74: Danilo Estanislau Pereira - 21/02/2025 08:23:17 | FP74: =FL74 -> Base de Dados_Images/PR-2001-B.Imagem do Equipamento-.112416.jpg
A75: 10&20 - R.P.E | B75: Aquecedor 01 / Captador Cab1 | C75: Transmissor | D75: TRM-005-01 | E75: NÍVEL CAPTADOR CAB1 (AQUECEDOR) | F75: Pré-Comissionamento | G75: Conforme | H75: Gabriel Batista Cousso - 11/03/2025 11:07:06 | I75: Conforme | J75: Gabriel Batista Cousso - 11/03/2025 11:07:06 | K75: Conforme | L75: Gabriel Batista Cousso - 11/03/2025 11:07:07 | M75: Conforme | N75: Gabriel Batista Cousso - 11/03/2025 11:07:08 | BO75: Não | BP75: Sim | BQ75: 45727.463 | BR75: Sim | BS75: 45727.463 | BT75: Sim | BU75: 45727.463 | BV75: Comissionamento Estático | BW75: Conforme | BX75: Gabriel Batista Cousso - 12/03/2025 13:31:13 | BY75: Conforme | BZ75: Gabriel Batista Cousso - 12/03/2025 13:31:14 | CA75: Conforme | CB75: Gabriel Batista Cousso - 12/03/2025 13:31:15 | DA75: Não | DB75: Não Aplica | DD75: Sim | DE75: 45728.563 | DF75: Sim | DG75: 45728.563 | DH75: Dinâmico Frio | DI75: Conforme | DJ75: Gabriel Batista Cousso - 14/03/2025 15:05:25 | DK75: Conforme | DL75: Gabriel Batista Cousso - 14/03/2025 15:05:25 | EC75: Não | ED75: Sim | EE75: 45730.629 | EF75: Dinâmico Quente | EG75: Conforme | EH75: Rafael Schafaschek - 15/03/2025 13:06:42 | EI75: Conforme | EJ75: Rafael Schafaschek - 15/03/2025 13:06:41 | FC75: Não | FD75: Sim | FE75: 45731.546 | FH75: Não | FI75: Feito | FJ75: 45731.546 | FK75: Rafael Schafaschek - 15/03/2025 13:06:42 | FP75: =FL75
A76: 10&20 - R.P.E | B76: Aquecedor 01 / Captador Cab1 | C76: Transmissor | D76: STE-005-01 | E76: TEMPERATURA CAPTADOR CAB1 | F76: Pré-Comissionamento | G76: Conforme | H76: Gabriel Batista Cousso - 11/03/2025 11:07:12 | I76: Conforme | J76: Gabriel Batista Cousso - 11/03/2025 11:07:13 | K76: Conforme | L76: Gabriel Batista Cousso - 11/03/2025 11:07:13 | M76: Conforme | N76: Gabriel Batista Cousso - 11/03/2025 11:07:14 | BO76: Não | BP76: Sim | BQ76: 45727.463 | BR76: Sim | BS76: 45727.463 | BT76: Sim | BU76: 45727.463 | BV76: Comissionamento Estático | BW76: Conforme | BX76: Gabriel Batista Cousso - 12/03/2025 13:31:19 | BY76: Conforme | BZ76: Gabriel Batista Cousso - 12/03/2025 13:31:20 | CA76: Conforme | CB76: Gabriel Batista Cousso - 12/03/2025 13:31:21 | DA76: Não | DB76: Não Aplica | DD76: Sim | DE76: 45728.563 | DF76: Sim | DG76: 45728.563 | DH76: Dinâmico Frio | DI76: Conforme | DJ76: Gabriel Batista Cousso - 14/03/2025 15:05:29 | DK76: Conforme | DL76: Gabriel Batista Cousso - 14/03/2025 15:05:30 | EC76: Não | ED76: Sim | EE76: 45730.629 | EF76: Dinâmico Quente | EG76: Conforme | EH76: Rafael Schafaschek - 15/03/2025 13:06:46 | EI76: Conforme | EJ76: Rafael Schafaschek - 15/03/2025 13:06:45 | FC76: Não | FD76: Sim | FE76: 45731.546 | FH76: Não | FI76: Feito | FJ76: 45731.546 | FK76: Rafael Schafaschek - 15/03/2025 13:06:46 | FL76: Base de Dados_Images/STE-005-01.Imagem do Equipamento-.194415.jpg | FM76: Eliezer Vieira Dutra - 12/03/2025 16:44:09 | FP76: =FL76 -> Base de Dados_Images/STE-005-01.Imagem do Equipamento-.194415.jpg
A77: 10&20 - R.P.E | B77: Aquecedor 01 / Captador Cab1 | C77: Transmissor | D77: STE-059-01 | E77: TEMPERATURA CAPTADOR CAB1 | F77: Pré-Comissionamento | G77: Conforme | H77: Gabriel Batista Cousso - 11/03/2025 11:07:18 | I77: Conforme | J77: Gabriel Batista Cousso - 11/03/2025 11:07:18 | K77: Conforme | L77: Gabriel Batista Cousso - 11/03/2025 11:07:19 | M77: Conforme | N77: Gabriel Batista Cousso - 11/03/2025 11:07:20 | BO77: Não | BP77: Sim | BQ77: 45727.463 | BR77: Sim | BS77: 45727.463 | BT77: Sim | BU77: 45727.463 | BV77: Comissionamento Estático | BW77: Conforme | BX77: Gabriel Batista Cousso - 12/03/2025 13:31:25 | BY77: Conforme | BZ77: Gabriel Batista Cousso - 12/03/2025 13:31:26 | CA77: Conforme | CB77: Gabriel Batista Cousso - 12/03/2025 13:31:27 | DA77: Não | DB77: Não Aplica | DD77: Sim | DE77: 45728.564 | DF77: Sim | DG77: 45728.564 | DH77: Dinâmico Frio | DI77: Conforme | DJ77: Gabriel Batista Cousso - 14/03/2025 15:05:33 | DK77: Conforme | DL77: Gabriel Batista Cousso - 14/03/2025 15:05:34 | EC77: Não | ED77: Sim | EE77: 45730.629 | EF77: Dinâmico Quente | EG77: Conforme | EH77: Rafael Schafaschek - 15/03/2025 13:06:49 | EI77: Conforme | EJ77: Rafael Schafaschek - 15/03/2025 13:06:49 | FC77: Não | FD77: Sim | FE77: 45731.546 | FH77: Não | FI77: Feito | FJ77: 45731.546 | FK77: Rafael Schafaschek - 15/03/2025 13:06:49 | FL77: Base de Dados_Images/STE-059-01.Imagem do Equipamento-.194503.jpg | FM77: Eliezer Vieira Dutra - 12/03/2025 16:44:57 | FP77: =FL77 -> Base de Dados_Images/STE-059-01.Imagem do Equipamento-.194503.jpg
A78: 10&20 - R.P.E | B78: Aquecedor 01 / Captador Cab1 | C78: Transmissor | D78: STE-002-01 | E78: TEMPERATURA TROCADOR DE CALOR 01 | F78: Pré-Comissionamento | G78: Conforme | H78: Gabriel Batista Cousso - 11/03/2025 11:07:25 | I78: Conforme | J78: Gabriel Batista Cousso - 11/03/2025 11:07:26 | K78: Conforme | L78: Gabriel Batista Cousso - 11/03/2025 11:07:26 | M78: Conforme | N78: Gabriel Batista Cousso - 11/03/2025 11:07:27 | BO78: Não | BP78: Sim | BQ78: 45727.463 | BR78: Sim | BS78: 45727.464 | BT78: Sim | BU78: 45727.464 | BV78: Comissionamento Estático | BW78: Conforme | BX78: Gabriel Batista Cousso - 12/03/2025 13:31:31 | BY78: Conforme | BZ78: Gabriel Batista Cousso - 12/03/2025 13:31:31 | CA78: Conforme | CB78: Gabriel Batista Cousso - 12/03/2025 13:31:32 | DA78: Não | DB78: Não Aplica | DD78: Sim | DE78: 45728.564 | DF78: Sim | DG78: 45728.564 | DH78: Dinâmico Frio | DI78: Conforme | DJ78: Gabriel Batista Cousso - 14/03/2025 15:05:37 | DK78: Conforme | DL78: Gabriel Batista Cousso - 14/03/2025 15:05:38 | EC78: Não | ED78: Sim | EE78: 45730.629 | EF78: Dinâmico Quente | EG78: Conforme | EH78: Rafael Schafaschek - 15/03/2025 13:06:52 | EI78: Conforme | EJ78: Rafael Schafaschek - 15/03/2025 13:06:52 | FC78: Não | FD78: Sim | FE78: 45731.546 | FH78: Não | FI78: Feito | FJ78: 45731.546 | FK78: Rafael Schafaschek - 15/03/2025 13:06:52 | FP78: =FL78
A79: 10&20 - R.P.E | B79: Aquecedor 01 / Captador Cab1 | C79: Trocador de Calor/Evaporador/Aquecedor | D79: AQ-2001 | E79: AQUECEDOR VERTICAL Nº1 | F79: Pré-Comissionamento | G79: Conforme | H79: Gabriel Batista Cousso - 11/03/2025 16:35:33 | I79: Conforme | J79: Gabriel Batista Cousso - 11/03/2025 16:35:34 | K79: Não Aplicável | L79: Gabriel Batista Cousso - 11/03/2025 16:35:50 | M79: Conforme | N79: Gabriel Batista Cousso - 11/03/2025 16:35:40 | O79: Não Aplicável | P79: Gabriel Batista Cousso - 11/03/2025 16:35:42 | Q79: Não Aplicável | R79: Gabriel Batista Cousso - 11/03/2025 16:35:59 | S79: Conforme | T79: Gabriel Batista Cousso - 11/03/2025 16:36:03 | U79: Conforme | V79: Gabriel Batista Cousso - 11/03/2025 16:36:04 | BO79: Não | BP79: Sim | BQ79: 45727.692 | BR79: Sim | BS79: 45727.692 | BT79: Sim | BU79: 45727.692 | BV79: Comissionamento Estático | DA79: Não | DB79: Não Aplica | DD79: Não Aplica | DF79: Não Aplica | DH79: Dinâmico Frio | DI79: Não Conforme | DJ79: Gabriel Batista Cousso - 14/03/2025 15:05:07 | DK79: Não Conforme | DL79: Gabriel Batista Cousso - 14/03/2025 15:05:08 | EC79: Sim | ED79: Não | EF79: Dinâmico Quente | FC79: Não | FD79: Não | FF79: Resolvido todas as pendencias | FH79: Sim | FI79: Pendente | FK79: Rafael Schafaschek - 16/05/2025 15:41:50 | FP79: =FL79
A80: 10&20 - R.P.E | B80: Aquecedor 01 / Captador Cab1 | C80: Captador | D80: CAPTADOR CAB1 | E80: CAPTADOR AQUECEDOR N°1 | F80: Pré-Comissionamento | G80: Conforme | H80: Gabriel Batista Cousso - 11/03/2025 11:09:42 | I80: Conforme | J80: Gabriel Batista Cousso - 11/03/2025 11:09:42 | K80: Conforme | L80: Gabriel Batista Cousso - 11/03/2025 11:09:43 | M80: Conforme | N80: Gabriel Batista Cousso - 11/03/2025 11:09:44 | BO80: Não | BP80: Sim | BQ80: 45727.465 | BR80: Não Aplica | BT80: Sim | BU80: 45727.465 | BV80: Comissionamento Estático | DA80: Não | DB80: Não Aplica | DD80: Não Aplica | DF80: Não Aplica | DH80: Dinâmico Frio | DI80: Conforme | DJ80: Gabriel Batista Cousso - 14/03/2025 15:05:12 | DK80: Conforme | DL80: Gabriel Batista Cousso - 14/03/2025 15:05:13 | EC80: Não | ED80: Sim | EE80: 45730.629 | EF80: Dinâmico Quente | EG80: Conforme | EH80: Rafael Schafaschek - 15/03/2025 13:06:33 | EI80: Conforme | EJ80: Rafael Schafaschek - 15/03/2025 13:06:33 | FC80: Não | FD80: Sim | FE80: 45731.546 | FH80: Não | FI80: Feito | FJ80: 45731.546 | FK80: Rafael Schafaschek - 15/03/2025 13:06:33 | FP80: =FL80
A81: 10&20 - R.P.E | B81: Aquecedor 01 / Captador Cab1 | C81: Motor e Bomba | D81: BC-2008 | E81: BOMBA DO CALDO AQUECEDOR Nº1 | F81: Pré-Comissionamento | G81: Conforme | H81: Danilo Estanislau Pereira - 21/01/2025 09:29:19 | I81: Conforme | J81: Rafael De Carvalho Vasconcelos - 22/01/2025 16:16:04 | K81: Conforme | L81: Rafael De Carvalho Vasconcelos - 22/01/2025 16:16:08 | M81: Conforme | N81: Rafael De Carvalho Vasconcelos - 22/01/2025 16:16:14 | O81: Conforme | P81: Rafael De Carvalho Vasconcelos - 22/01/2025 16:16:17 | Q81: Conforme | R81: Rafael De Carvalho Vasconcelos - 22/01/2025 16:16:21 | S81: Conforme | T81: Rafael De Carvalho Vasconcelos - 22/01/2025 16:16:24 | U81: Conforme | V81: Rafael De Carvalho Vasconcelos - 22/01/2025 16:16:31 | W81: Conforme | X81: Rafael De Carvalho Vasconcelos - 22/01/2025 16:16:37 | Y81: Conforme | Z81: Rafael De Carvalho Vasconcelos - 22/01/2025 16:34:23 | AA81: Conforme | AB81: Danilo Estanislau Pereira - 21/01/2025 09:29:26 | AC81: Conforme | AD81: Danilo Estanislau Pereira - 21/01/2025 09:29:27 | AE81: Conforme | AF81: Danilo Estanislau Pereira - 21/01/2025 09:29:29 | AG81: Conforme | AH81: Rafael Schafaschek - 21/01/2025 10:56:58 | AI81: Conforme | AJ81: Danilo Estanislau Pereira - 21/01/2025 09:29:37 | AK81: Conforme | AL81: Danilo Estanislau Pereira - 21/01/2025 09:29:40 | BO81: Não | BP81: Sim | BQ81: 45679.691 | BR81: Sim | BS81: 45678.456 | BT81: Sim | BU81: 45679.691 | BV81: Comissionamento Estático | BW81: Conforme | BX81: Denis Ueslei Lopes Romero - 12/03/2025 09:02:47 | BY81: Conforme | BZ81: Denis Ueslei Lopes Romero - 12/03/2025 09:02:48 | CA81: Conforme | CB81: Denis Ueslei Lopes Romero - 12/03/2025 09:02:48 | CC81: Conforme | CD81: Gabriel Batista Cousso - 14/03/2025 14:44:38 | CE81: Conforme | CF81: Gabriel Batista Cousso - 14/03/2025 14:44:37 | CG81: Conforme | CH81: Gabriel Batista Cousso - 14/03/2025 14:44:37 | DA81: Não | DB81: Sim | DC81: 45728.377 | DD81: Sim | DE81: 45730.614 | DF81: Sim | DG81: 45730.614 | DH81: Dinâmico Frio | DI81: Conforme | DJ81: Gabriel Batista Cousso - 14/03/2025 15:05:20 | DK81: Conforme | DL81: Gabriel Batista Cousso - 14/03/2025 15:05:20 | DM81: Conforme | DN81: Gabriel Batista Cousso - 14/03/2025 15:05:20 | DO81: Conforme | DP81: Gabriel Batista Cousso - 14/03/2025 15:05:21 | EC81: Não | ED81: Sim | EE81: 45730.629 | EF81: Dinâmico Quente | EG81: Conforme | EH81: Rafael Schafaschek - 15/03/2025 13:06:38 | EI81: Conforme | EJ81: Rafael Schafaschek - 15/03/2025 13:06:38 | EK81: Conforme | EL81: Rafael Schafaschek - 15/03/2025 13:06:37 | EM81: Conforme | EN81: Rafael Schafaschek - 15/03/2025 13:06:37 | FC81: Não | FD81: Sim | FE81: 45731.546 | FH81: Não | FI81: Feito | FJ81: 45731.546 | FK81: Rafael Schafaschek - 15/03/2025 13:06:38 | FL81: Base de Dados_Images/BC-2008.Imagem do Equipamento-.122918.jpg | FM81: Danilo Estanislau Pereira - 21/01/2025 09:29:04 | FN81: Base de Dados_Images/BC-2008.Imagem da Plaqueta do Motor-.134923.jpg | FO81: Danilo Estanislau Pereira - 21/01/2025 10:49:19 | FP81: =FL81 -> Base de Dados_Images/BC-2008.Imagem do Equipamento-.122918.jpg
A82: 10&20 - R.P.E | B82: Aquecedor 02 / Captador Cab2 | C82: Transmissor | D82: TRM-006-01 | E82: NÍVEL CAPTADOR CAB2 (AQUECEDOR) | F82: Pré-Comissionamento | G82: Conforme | H82: Gabriel Batista Cousso - 11/03/2025 11:06:22 | I82: Conforme | J82: Gabriel Batista Cousso - 11/03/2025 11:06:23 | K82: Conforme | L82: Gabriel Batista Cousso - 11/03/2025 11:06:23 | M82: Conforme | N82: Gabriel Batista Cousso - 11/03/2025 11:06:24 | BO82: Não | BP82: Sim | BQ82: 45727.463 | BR82: Sim | BS82: 45727.463 | BT82: Sim | BU82: 45727.463 | BV82: Comissionamento Estático | BW82: Conforme | BX82: Gabriel Batista Cousso - 12/03/2025 13:31:42 | BY82: Conforme | BZ82: Gabriel Batista Cousso - 12/03/2025 13:31:43 | CA82: Conforme | CB82: Gabriel Batista Cousso - 12/03/2025 13:31:43 | DA82: Não | DB82: Não Aplica | DD82: Sim | DE82: 45728.564 | DF82: Sim | DG82: 45728.564 | DH82: Dinâmico Frio | DI82: Conforme | DJ82: Gabriel Batista Cousso - 14/03/2025 15:03:13 | DK82: Conforme | DL82: Gabriel Batista Cousso - 14/03/2025 15:03:14 | EC82: Não | ED82: Sim | EE82: 45730.627 | EF82: Dinâmico Quente | EG82: Conforme | EH82: Rafael Schafaschek - 15/03/2025 13:07:19 | EI82: Conforme | EJ82: Rafael Schafaschek - 15/03/2025 13:07:19 | FC82: Não | FD82: Sim | FE82: 45731.547 | FH82: Não | FI82: Feito | FJ82: 45731.547 | FK82: Rafael Schafaschek - 15/03/2025 13:07:19 | FP82: =FL82
A83: 10&20 - R.P.E | B83: Aquecedor 02 / Captador Cab2 | C83: Transmissor | D83: STE-003-01 | E83: TEMPERATURA TROCADOR DE CALOR 02 | F83: Pré-Comissionamento | G83: Conforme | H83: Gabriel Batista Cousso - 11/03/2025 11:06:29 | I83: Conforme | J83: Gabriel Batista Cousso - 11/03/2025 11:06:29 | K83: Conforme | L83: Gabriel Batista Cousso - 11/03/2025 11:06:30 | M83: Conforme | N83: Gabriel Batista Cousso - 11/03/2025 11:06:31 | BO83: Não | BP83: Sim | BQ83: 45727.463 | BR83: Sim | BS83: 45727.463 | BT83: Sim | BU83: 45727.463 | BV83: Comissionamento Estático | BW83: Conforme | BX83: Gabriel Batista Cousso - 12/03/2025 13:31:48 | BY83: Conforme | BZ83: Gabriel Batista Cousso - 12/03/2025 13:31:48 | CA83: Conforme | CB83: Gabriel Batista Cousso - 12/03/2025 13:31:49 | DA83: Não | DB83: Não Aplica | DD83: Sim | DE83: 45728.564 | DF83: Sim | DG83: 45728.564 | DH83: Dinâmico Frio | DI83: Conforme | DJ83: Gabriel Batista Cousso - 14/03/2025 15:03:33 | DK83: Conforme | DL83: Gabriel Batista Cousso - 14/03/2025 15:03:33 | EC83: Não | ED83: Sim | EE83: 45730.627 | EF83: Dinâmico Quente | EG83: Conforme | EH83: Rafael Schafaschek - 15/03/2025 13:07:23 | EI83: Conforme | EJ83: Rafael Schafaschek - 15/03/2025 13:07:23 | FC83: Não | FD83: Sim | FE83: 45731.547 | FH83: Não | FI83: Feito | FJ83: 45731.547 | FK83: Rafael Schafaschek - 15/03/2025 13:07:23 | FP83: =FL83
A84: 10&20 - R.P.E | B84: Aquecedor 02 / Captador Cab2 | C84: Trocador de Calor/Evaporador/Aquecedor | D84: AQ-2002 | E84: AQUECEDOR VERTICAL Nº2 | F84: Pré-Comissionamento | G84: Conforme | H84: Gabriel Batista Cousso - 11/03/2025 16:36:58 | I84: Conforme | J84: Gabriel Batista Cousso - 11/03/2025 16:36:59 | K84: Não Aplicável | L84: Gabriel Batista Cousso - 11/03/2025 16:37:00 | M84: Conforme | N84: Gabriel Batista Cousso - 11/03/2025 16:37:02 | O84: Não Aplicável | P84: Gabriel Batista Cousso - 11/03/2025 16:37:03 | Q84: Conforme | R84: Gabriel Batista Cousso - 11/03/2025 16:37:06 | S84: Conforme | T84: Gabriel Batista Cousso - 11/03/2025 16:37:07 | U84: Conforme | V84: Gabriel Batista Cousso - 11/03/2025 16:37:08 | BO84: Não | BP84: Sim | BQ84: 45727.692 | BR84: Sim | BS84: 45727.692 | BT84: Sim | BU84: 45727.692 | BV84: Comissionamento Estático | DA84: Não | DB84: Não Aplica | DD84: Não Aplica | DF84: Não Aplica | DH84: Dinâmico Frio | DI84: Não Conforme | DJ84: Gabriel Batista Cousso - 14/03/2025 15:04:11 | DK84: Não Conforme | DL84: Gabriel Batista Cousso - 14/03/2025 15:04:12 | EC84: Sim | ED84: Não | EF84: Dinâmico Quente | FC84: Não | FD84: Não | FF84: Resolvido todas as pendencias | FH84: Sim | FI84: Pendente | FK84: Rafael Schafaschek - 16/05/2025 15:41:28 | FP84: =FL84
A85: 10&20 - R.P.E | B85: Aquecedor 02 / Captador Cab2 | C85: Captador | D85: CAPTADOR CAB2 | E85: CAPTADOR AQUECEDOR N°2 | F85: Pré-Comissionamento | G85: Conforme | H85: Gabriel Batista Cousso - 11/03/2025 16:36:50 | I85: Conforme | J85: Gabriel Batista Cousso - 11/03/2025 16:36:51 | K85: Conforme | L85: Gabriel Batista Cousso - 11/03/2025 16:36:52 | M85: Conforme | N85: Gabriel Batista Cousso - 11/03/2025 16:36:53 | BO85: Não | BP85: Sim | BQ85: 45727.692 | BR85: Não Aplica | BT85: Sim | BU85: 45727.692 | BV85: Comissionamento Estático | DA85: Não | DB85: Não Aplica | DD85: Não Aplica | DF85: Não Aplica | DH85: Dinâmico Frio | DI85: Conforme | DJ85: Gabriel Batista Cousso - 14/03/2025 15:03:03 | DK85: Conforme | DL85: Gabriel Batista Cousso - 14/03/2025 15:03:04 | EC85: Não | ED85: Sim | EE85: 45730.627 | EF85: Dinâmico Quente | EG85: Conforme | EH85: Rafael Schafaschek - 15/03/2025 13:07:10 | EI85: Conforme | EJ85: Rafael Schafaschek - 15/03/2025 13:07:10 | FC85: Não | FD85: Sim | FE85: 45731.547 | FH85: Não | FI85: Feito | FJ85: 45731.547 | FK85: Rafael Schafaschek - 15/03/2025 13:07:10 | FL85: Base de Dados_Images/CAPTADOR CAB2.Imagem do Equipamento-.173245.jpg | FM85: Luis Antonio Batista - 11/03/2025 14:24:40 | FP85: =FL85 -> Base de Dados_Images/CAPTADOR CAB2.Imagem do Equipamento-.173245.jpg
A86: 10&20 - R.P.E | B86: Aquecedor 02 / Captador Cab2 | C86: Motor e Bomba | D86: BC-2009 | E86: BOMBA DO CALDO AQUECEDOR Nº2 | F86: Pré-Comissionamento | G86: Conforme | H86: Danilo Estanislau Pereira - 21/01/2025 09:31:00 | I86: Conforme | J86: Rafael De Carvalho Vasconcelos - 22/01/2025 16:17:47 | K86: Conforme | L86: Rafael De Carvalho Vasconcelos - 22/01/2025 16:17:50 | M86: Conforme | N86: Rafael De Carvalho Vasconcelos - 22/01/2025 16:17:54 | O86: Conforme | P86: Rafael De Carvalho Vasconcelos - 22/01/2025 16:17:57 | Q86: Conforme | R86: Rafael De Carvalho Vasconcelos - 22/01/2025 16:18:01 | S86: Conforme | T86: Rafael De Carvalho Vasconcelos - 22/01/2025 16:18:05 | U86: Conforme | V86: Rafael De Carvalho Vasconcelos - 22/01/2025 16:18:12 | W86: Conforme | X86: Rafael De Carvalho Vasconcelos - 22/01/2025 16:32:10 | Y86: Conforme | Z86: Rafael De Carvalho Vasconcelos - 22/01/2025 16:32:14 | AA86: Conforme | AB86: Danilo Estanislau Pereira - 21/01/2025 09:31:07 | AC86: Conforme | AD86: Danilo Estanislau Pereira - 21/01/2025 09:31:08 | AE86: Conforme | AF86: Danilo Estanislau Pereira - 21/01/2025 09:31:10 | AG86: Conforme | AH86: Danilo Estanislau Pereira - 21/01/2025 09:31:19 | AI86: Conforme | AJ86: Danilo Estanislau Pereira - 21/01/2025 09:31:21 | AK86: Conforme | AL86: Danilo Estanislau Pereira - 21/01/2025 09:31:22 | BO86: Não | BP86: Sim | BQ86: 45679.689 | BR86: Sim | BS86: 45678.397 | BT86: Sim | BU86: 45679.689 | BV86: Comissionamento Estático | BW86: Conforme | BX86: Denis Ueslei Lopes Romero - 12/03/2025 09:02:18 | BY86: Conforme | BZ86: Denis Ueslei Lopes Romero - 12/03/2025 09:02:19 | CA86: Conforme | CB86: Denis Ueslei Lopes Romero - 12/03/2025 09:02:19 | CC86: Conforme | CD86: Denis Ueslei Lopes Romero - 12/03/2025 09:02:21 | CE86: Conforme | CF86: Gabriel Batista Cousso - 14/03/2025 14:44:59 | CG86: Conforme | CH86: Gabriel Batista Cousso - 14/03/2025 14:45:00 | DA86: Não | DB86: Sim | DC86: 45728.377 | DD86: Sim | DE86: 45730.615 | DF86: Sim | DG86: 45730.615 | DH86: Dinâmico Frio | DI86: Conforme | DJ86: Gabriel Batista Cousso - 14/03/2025 15:03:07 | DK86: Conforme | DL86: Gabriel Batista Cousso - 14/03/2025 15:03:08 | DM86: Conforme | DN86: Gabriel Batista Cousso - 14/03/2025 15:03:09 | DO86: Conforme | DP86: Gabriel Batista Cousso - 14/03/2025 15:03:10 | EC86: Não | ED86: Sim | EE86: 45730.627 | EF86: Dinâmico Quente | EG86: Conforme | EH86: Rafael Schafaschek - 15/03/2025 13:07:15 | EI86: Conforme | EJ86: Rafael Schafaschek - 15/03/2025 13:07:14 | EK86: Conforme | EL86: Rafael Schafaschek - 15/03/2025 13:07:14 | EM86: Conforme | EN86: Rafael Schafaschek - 15/03/2025 13:07:14 | FC86: Não | FD86: Sim | FE86: 45731.547 | FH86: Não | FI86: Feito | FJ86: 45731.547 | FK86: Rafael Schafaschek - 15/03/2025 13:07:15 | FL86: Base de Dados_Images/BC-2009.Imagem do Equipamento-.123057.jpg | FM86: Danilo Estanislau Pereira - 21/01/2025 09:30:10 | FN86: Base de Dados_Images/BC-2009.Imagem da Plaqueta do Motor-.123057.jpg | FO86: Danilo Estanislau Pereira - 21/01/2025 09:30:53 | FP86: =FL86 -> Base de Dados_Images/BC-2009.Imagem do Equipamento-.123057.jpg
A87: 10&20 - R.P.E | B87: Aquecedor 03 / Captador Cab3 | C87: Transmissor | D87: TRM-007-01 | E87: NÍVEL CAPTADOR CAB3 (AQUECEDOR) | F87: Pré-Comissionamento | G87: Conforme | H87: Gabriel Batista Cousso - 11/03/2025 11:06:47 | I87: Conforme | J87: Gabriel Batista Cousso - 11/03/2025 11:06:47 | K87: Conforme | L87: Gabriel Batista Cousso - 11/03/2025 11:06:48 | M87: Conforme | N87: Gabriel Batista Cousso - 11/03/2025 11:06:49 | BO87: Não | BP87: Sim | BQ87: 45727.463 | BR87: Sim | BS87: 45727.463 | BT87: Sim | BU87: 45727.463 | BV87: Comissionamento Estático | BW87: Conforme | BX87: Gabriel Batista Cousso - 12/03/2025 13:31:58 | BY87: Conforme | BZ87: Gabriel Batista Cousso - 12/03/2025 13:31:58 | CA87: Conforme | CB87: Gabriel Batista Cousso - 12/03/2025 13:31:57 | DA87: Não | DB87: Não Aplica | DD87: Sim | DE87: 45728.564 | DF87: Sim | DG87: 45728.564 | DH87: Dinâmico Frio | DI87: Conforme | DJ87: Rafael Schafaschek - 15/03/2025 10:15:43 | DK87: Conforme | DL87: Rafael Schafaschek - 15/03/2025 10:15:43 | EC87: Não | ED87: Sim | EE87: 45731.428 | EF87: Dinâmico Quente | EG87: Conforme | EH87: Rafael Schafaschek - 15/03/2025 13:07:42 | EI87: Conforme | EJ87: Rafael Schafaschek - 15/03/2025 13:07:42 | FC87: Não | FD87: Sim | FE87: 45731.547 | FH87: Não | FI87: Feito | FJ87: 45731.547 | FK87: Rafael Schafaschek - 15/03/2025 13:07:42 | FP87: =FL87
A88: 10&20 - R.P.E | B88: Aquecedor 03 / Captador Cab3 | C88: Transmissor | D88: STE-004-01 | E88: TEMPERATURA TROCADOR DE CALOR 03 | F88: Pré-Comissionamento | G88: Conforme | H88: Gabriel Batista Cousso - 11/03/2025 11:06:53 | I88: Conforme | J88: Gabriel Batista Cousso - 11/03/2025 11:06:54 | K88: Conforme | L88: Gabriel Batista Cousso - 11/03/2025 11:06:54 | M88: Conforme | N88: Gabriel Batista Cousso - 11/03/2025 11:06:55 | BO88: Não | BP88: Sim | BQ88: 45727.463 | BR88: Sim | BS88: 45727.463 | BT88: Sim | BU88: 45727.463 | BV88: Comissionamento Estático | BW88: Conforme | BX88: Gabriel Batista Cousso - 12/03/2025 13:32:02 | BY88: Conforme | BZ88: Gabriel Batista Cousso - 12/03/2025 13:32:02 | CA88: Conforme | CB88: Gabriel Batista Cousso - 12/03/2025 13:32:03 | DA88: Não | DB88: Não Aplica | DD88: Sim | DE88: 45728.564 | DF88: Sim | DG88: 45728.564 | DH88: Dinâmico Frio | DI88: Conforme | DJ88: Rafael Schafaschek - 15/03/2025 10:15:49 | DK88: Conforme | DL88: Rafael Schafaschek - 15/03/2025 10:15:48 | EC88: Não | ED88: Sim | EE88: 45731.428 | EF88: Dinâmico Quente | EG88: Conforme | EH88: Rafael Schafaschek - 15/03/2025 13:07:46 | EI88: Conforme | EJ88: Rafael Schafaschek - 15/03/2025 13:07:46 | FC88: Não | FD88: Sim | FE88: 45731.547 | FH88: Não | FI88: Feito | FJ88: 45731.547 | FK88: Rafael Schafaschek - 15/03/2025 13:07:46 | FP88: =FL88
A89: 10&20 - R.P.E | B89: Aquecedor 03 / Captador Cab3 | C89: Trocador de Calor/Evaporador/Aquecedor | D89: AQ-2003 | E89: AQUECEDOR VERTICAL Nº3 | F89: Pré-Comissionamento | G89: Conforme | H89: Gabriel Batista Cousso - 11/03/2025 16:37:29 | I89: Conforme | J89: Gabriel Batista Cousso - 11/03/2025 16:37:30 | K89: Não Aplicável | L89: Gabriel Batista Cousso - 11/03/2025 16:37:31 | M89: Conforme | N89: Gabriel Batista Cousso - 11/03/2025 16:37:32 | O89: Não Aplicável | P89: Gabriel Batista Cousso - 11/03/2025 16:37:33 | Q89: Conforme | R89: Gabriel Batista Cousso - 11/03/2025 16:37:34 | S89: Conforme | T89: Gabriel Batista Cousso - 11/03/2025 16:37:36 | U89: Conforme | V89: Gabriel Batista Cousso - 11/03/2025 16:37:37 | BO89: Não | BP89: Sim | BQ89: 45727.693 | BR89: Sim | BS89: 45727.693 | BT89: Sim | BU89: 45727.693 | BV89: Comissionamento Estático | DA89: Não | DB89: Não Aplica | DD89: Não Aplica | DF89: Não Aplica | DH89: Dinâmico Frio | DI89: Conforme | DJ89: Rafael Schafaschek - 15/03/2025 10:15:38 | DK89: Conforme | DL89: Rafael Schafaschek - 15/03/2025 10:15:38 | EC89: Não | ED89: Sim | EE89: 45731.428 | EF89: Dinâmico Quente | EG89: Conforme | EH89: Rafael Schafaschek - 15/03/2025 13:07:50 | EI89: Conforme | EJ89: Rafael Schafaschek - 15/03/2025 13:07:49 | FC89: Não | FD89: Sim | FE89: 45731.547 | FH89: Não | FI89: Feito | FJ89: 45731.547 | FK89: Rafael Schafaschek - 15/03/2025 13:07:50 | FP89: =FL89
A90: 10&20 - R.P.E | B90: Aquecedor 03 / Captador Cab3 | C90: Captador | D90: CAPTADOR CAB3 | E90: CAPTADOR AQUECEDOR N°3 | F90: Pré-Comissionamento | G90: Conforme | H90: Gabriel Batista Cousso - 11/03/2025 16:37:20 | I90: Conforme | J90: Gabriel Batista Cousso - 11/03/2025 16:37:21 | K90: Conforme | L90: Gabriel Batista Cousso - 11/03/2025 16:37:21 | M90: Conforme | N90: Gabriel Batista Cousso - 11/03/2025 16:37:22 | BO90: Não | BP90: Sim | BQ90: 45727.693 | BR90: Não Aplica | BT90: Sim | BU90: 45727.693 | BV90: Comissionamento Estático | DA90: Não | DB90: Não Aplica | DD90: Não Aplica | DF90: Não Aplica | DH90: Dinâmico Frio | DI90: Conforme | DJ90: Rafael Schafaschek - 15/03/2025 10:15:11 | DK90: Conforme | DL90: Rafael Schafaschek - 15/03/2025 10:15:10 | EC90: Não | ED90: Sim | EE90: 45731.427 | EF90: Dinâmico Quente | EG90: Conforme | EH90: Rafael Schafaschek - 15/03/2025 13:07:34 | EI90: Conforme | EJ90: Rafael Schafaschek - 15/03/2025 13:07:33 | FC90: Não | FD90: Sim | FE90: 45731.547 | FH90: Não | FI90: Feito | FJ90: 45731.547 | FK90: Rafael Schafaschek - 15/03/2025 13:07:34 | FL90: Base de Dados_Images/CAPTADOR CAB3.Imagem do Equipamento-.173302.jpg | FM90: Luis Antonio Batista - 11/03/2025 14:25:48 | FP90: =FL90 -> Base de Dados_Images/CAPTADOR CAB3.Imagem do Equipamento-.173302.jpg
A91: 10&20 - R.P.E | B91: Aquecedor 03 / Captador Cab3 | C91: Motor e Bomba | D91: BC-2010 | E91: BOMBA DO CALDO AQUECEDOR Nº3 | F91: Pré-Comissionamento | G91: Conforme | H91: Danilo Estanislau Pereira - 21/01/2025 09:32:46 | I91: Conforme | J91: Rafael De Carvalho Vasconcelos - 22/01/2025 16:13:19 | K91: Conforme | L91: Rafael De Carvalho Vasconcelos - 22/01/2025 16:13:31 | M91: Conforme | N91: Rafael De Carvalho Vasconcelos - 22/01/2025 16:13:39 | O91: Conforme | P91: Rafael De Carvalho Vasconcelos - 22/01/2025 16:13:44 | Q91: Conforme | R91: Rafael De Carvalho Vasconcelos - 22/01/2025 16:13:51 | S91: Conforme | T91: Rafael De Carvalho Vasconcelos - 22/01/2025 16:13:54 | U91: Conforme | V91: Rafael De Carvalho Vasconcelos - 22/01/2025 16:14:03 | W91: Conforme | X91: Rafael De Carvalho Vasconcelos - 22/01/2025 16:14:08 | Y91: Conforme | Z91: Rafael De Carvalho Vasconcelos - 22/01/2025 16:14:16 | AA91: Conforme | AB91: Danilo Estanislau Pereira - 21/01/2025 09:32:53 | AC91: Conforme | AD91: Danilo Estanislau Pereira - 21/01/2025 09:32:54 | AE91: Conforme | AF91: Danilo Estanislau Pereira - 21/01/2025 09:32:55 | AG91: Conforme | AH91: Danilo Estanislau Pereira - 21/01/2025 09:32:57 | AI91: Conforme | AJ91: Danilo Estanislau Pereira - 21/01/2025 09:32:58 | AK91: Conforme | AL91: Danilo Estanislau Pereira - 21/01/2025 09:32:59 | BO91: Não | BP91: Sim | BQ91: 45679.677 | BR91: Sim | BS91: 45678.398 | BT91: Sim | BU91: 45679.677 | BV91: Comissionamento Estático | BW91: Conforme | BX91: Gabriel Batista Cousso - 12/03/2025 13:32:13 | BY91: Conforme | BZ91: Gabriel Batista Cousso - 12/03/2025 13:32:15 | CA91: Conforme | CB91: Gabriel Batista Cousso - 12/03/2025 13:32:17 | CC91: Conforme | CD91: Rafael Schafaschek - 15/03/2025 10:15:56 | CE91: Conforme | CF91: Rafael Schafaschek - 15/03/2025 10:15:57 | CG91: Conforme | CH91: Rafael Schafaschek - 15/03/2025 10:15:56 | DA91: Não | DB91: Sim | DC91: 45728.564 | DD91: Sim | DE91: 45731.428 | DF91: Sim | DG91: 45731.428 | DH91: Dinâmico Frio | DI91: Conforme | DJ91: Rafael Schafaschek - 15/03/2025 10:16:01 | DK91: Conforme | DL91: Rafael Schafaschek - 15/03/2025 10:16:01 | DM91: Conforme | DN91: Rafael Schafaschek - 15/03/2025 10:16:01 | DO91: Conforme | DP91: Rafael Schafaschek - 15/03/2025 10:16:02 | EC91: Não | ED91: Sim | EE91: 45731.428 | EF91: Dinâmico Quente | EG91: Conforme | EH91: Rafael Schafaschek - 15/03/2025 13:07:38 | EI91: Conforme | EJ91: Rafael Schafaschek - 15/03/2025 13:07:38 | EK91: Conforme | EL91: Rafael Schafaschek - 15/03/2025 13:07:37 | EM91: Conforme | EN91: Rafael Schafaschek - 15/03/2025 13:07:37 | FC91: Não | FD91: Sim | FE91: 45731.547 | FH91: Não | FI91: Feito | FJ91: 45731.547 | FK91: Rafael Schafaschek - 15/03/2025 13:07:38 | FL91: Base de Dados_Images/BC-2010.Imagem do Equipamento-.123245.jpg | FM91: Danilo Estanislau Pereira - 21/01/2025 09:31:51 | FN91: Base de Dados_Images/BC-2010.Imagem da Plaqueta do Motor-.123245.jpg | FO91: Danilo Estanislau Pereira - 21/01/2025 09:32:41 | FP91: =FL91 -> Base de Dados_Images/BC-2010.Imagem do Equipamento-.123245.jpg
A92: 10&20 - R.P.E | B92: Aquecedor 04 / Captador Cab4 | C92: Transmissor | D92: TRM-008-01 | E92: NÍVEL CAPTADOR CAB4 (AQUECEDOR) | F92: Pré-Comissionamento | G92: Conforme | H92: Gabriel Batista Cousso - 11/03/2025 11:10:31 | I92: Conforme | J92: Gabriel Batista Cousso - 11/03/2025 11:10:31 | K92: Conforme | L92: Gabriel Batista Cousso - 11/03/2025 11:10:31 | M92: Conforme | N92: Gabriel Batista Cousso - 11/03/2025 11:10:32 | BO92: Não | BP92: Sim | BQ92: 45727.466 | BR92: Sim | BS92: 45727.466 | BT92: Sim | BU92: 45727.466 | BV92: Comissionamento Estático | BW92: Conforme | BX92: Gabriel Batista Cousso - 12/03/2025 13:32:28 | BY92: Conforme | BZ92: Gabriel Batista Cousso - 12/03/2025 13:32:29 | CA92: Conforme | CB92: Gabriel Batista Cousso - 12/03/2025 13:32:29 | DA92: Não | DB92: Não Aplica | DD92: Sim | DE92: 45728.564 | DF92: Sim | DG92: 45728.564 | DH92: Dinâmico Frio | DI92: Conforme | DJ92: Gabriel Batista Cousso - 14/03/2025 15:06:02 | DK92: Conforme | DL92: Gabriel Batista Cousso - 14/03/2025 15:06:02 | EC92: Não | ED92: Sim | EE92: 45730.629 | EF92: Dinâmico Quente | EG92: Conforme | EH92: Rafael Schafaschek - 15/03/2025 13:08:06 | EI92: Conforme | EJ92: Rafael Schafaschek - 15/03/2025 13:08:06 | FC92: Não | FD92: Sim | FE92: 45731.547 | FH92: Não | FI92: Feito | FJ92: 45731.547 | FK92: Rafael Schafaschek - 15/03/2025 13:08:06 | FP92: =FL92
A93: 10&20 - R.P.E | B93: Aquecedor 04 / Captador Cab4 | C93: Transmissor | D93: STE-011-01 | E93: TEMPERATURA TROCADOR DE CALOR 04 | F93: Pré-Comissionamento | G93: Conforme | H93: Gabriel Batista Cousso - 11/03/2025 11:10:36 | I93: Conforme | J93: Gabriel Batista Cousso - 11/03/2025 11:10:37 | K93: Conforme | L93: Gabriel Batista Cousso - 11/03/2025 11:10:37 | M93: Conforme | N93: Gabriel Batista Cousso - 11/03/2025 11:10:38 | BO93: Não | BP93: Sim | BQ93: 45727.466 | BR93: Sim | BS93: 45727.466 | BT93: Sim | BU93: 45727.466 | BV93: Comissionamento Estático | BW93: Conforme | BX93: Gabriel Batista Cousso - 12/03/2025 13:32:33 | BY93: Conforme | BZ93: Gabriel Batista Cousso - 12/03/2025 13:32:34 | CA93: Conforme | CB93: Gabriel Batista Cousso - 12/03/2025 13:32:35 | DA93: Não | DB93: Não Aplica | DD93: Sim | DE93: 45728.564 | DF93: Sim | DG93: 45728.564 | DH93: Dinâmico Frio | DI93: Conforme | DJ93: Gabriel Batista Cousso - 14/03/2025 15:06:06 | DK93: Conforme | DL93: Gabriel Batista Cousso - 14/03/2025 15:06:07 | EC93: Não | ED93: Sim | EE93: 45730.629 | EF93: Dinâmico Quente | EG93: Conforme | EH93: Rafael Schafaschek - 15/03/2025 13:08:11 | EI93: Conforme | EJ93: Rafael Schafaschek - 15/03/2025 13:08:10 | FC93: Não | FD93: Sim | FE93: 45731.547 | FH93: Não | FI93: Feito | FJ93: 45731.547 | FK93: Rafael Schafaschek - 15/03/2025 13:08:11 | FP93: =FL93
A94: 10&20 - R.P.E | B94: Aquecedor 04 / Captador Cab4 | C94: Trocador de Calor/Evaporador/Aquecedor | D94: AQ-2004 | E94: AQUECEDOR VERTICAL Nº4 | F94: Pré-Comissionamento | G94: Conforme | H94: Gabriel Batista Cousso - 11/03/2025 16:36:21 | I94: Conforme | J94: Gabriel Batista Cousso - 11/03/2025 16:36:22 | K94: Não Aplicável | L94: Gabriel Batista Cousso - 11/03/2025 16:36:24 | M94: Conforme | N94: Gabriel Batista Cousso - 11/03/2025 16:36:28 | O94: Não Aplicável | P94: Gabriel Batista Cousso - 11/03/2025 16:36:29 | Q94: Não Aplicável | R94: Gabriel Batista Cousso - 11/03/2025 16:36:31 | S94: Conforme | T94: Gabriel Batista Cousso - 11/03/2025 16:36:35 | U94: Conforme | V94: Gabriel Batista Cousso - 11/03/2025 16:36:36 | BO94: Não | BP94: Sim | BQ94: 45727.692 | BR94: Sim | BS94: 45727.692 | BT94: Sim | BU94: 45727.692 | BV94: Comissionamento Estático | DA94: Não | DB94: Não Aplica | DD94: Não Aplica | DF94: Não Aplica | DH94: Dinâmico Frio | DI94: Conforme | DJ94: Gabriel Batista Cousso - 14/03/2025 15:06:11 | DK94: Conforme | DL94: Gabriel Batista Cousso - 14/03/2025 15:06:12 | EC94: Não | ED94: Sim | EE94: 45730.629 | EF94: Dinâmico Quente | EG94: Conforme | EH94: Rafael Schafaschek - 15/03/2025 13:08:15 | EI94: Conforme | EJ94: Rafael Schafaschek - 15/03/2025 13:08:14 | FC94: Não | FD94: Sim | FE94: 45731.547 | FH94: Não | FI94: Feito | FJ94: 45731.547 | FK94: Rafael Schafaschek - 15/03/2025 13:08:15 | FP94: =FL94
A95: 10&20 - R.P.E | B95: Aquecedor 04 / Captador Cab4 | C95: Captador | D95: CAPTADOR CAB4 | E95: CAPTADOR AQUECEDOR N°4 | F95: Pré-Comissionamento | G95: Conforme | H95: Gabriel Batista Cousso - 11/03/2025 11:11:07 | I95: Conforme | J95: Gabriel Batista Cousso - 11/03/2025 11:11:08 | K95: Conforme | L95: Gabriel Batista Cousso - 11/03/2025 11:11:09 | M95: Conforme | N95: Gabriel Batista Cousso - 11/03/2025 11:11:09 | BO95: Não | BP95: Sim | BQ95: 45727.466 | BR95: Não Aplica | BT95: Sim | BU95: 45727.466 | BV95: Comissionamento Estático | DA95: Não | DB95: Não Aplica | DD95: Não Aplica | DF95: Não Aplica | DH95: Dinâmico Frio | DI95: Conforme | DJ95: Gabriel Batista Cousso - 14/03/2025 15:05:52 | DK95: Conforme | DL95: Gabriel Batista Cousso - 14/03/2025 15:05:53 | EC95: Não | ED95: Sim | EE95: 45730.629 | EF95: Dinâmico Quente | EG95: Conforme | EH95: Rafael Schafaschek - 15/03/2025 13:07:58 | EI95: Conforme | EJ95: Rafael Schafaschek - 15/03/2025 13:07:57 | FC95: Não | FD95: Sim | FE95: 45731.547 | FH95: Não | FI95: Feito | FJ95: 45731.547 | FK95: Rafael Schafaschek - 15/03/2025 13:07:58 | FP95: =FL95
A96: 10&20 - R.P.E | B96: Aquecedor 04 / Captador Cab4 | C96: Motor e Bomba | D96: BC-2011 | E96: BOMBA DO CALDO AQUECEDOR Nº4 | F96: Pré-Comissionamento | G96: Conforme | H96: Danilo Estanislau Pereira - 21/01/2025 09:33:48 | I96: Conforme | J96: Rafael De Carvalho Vasconcelos - 22/01/2025 16:36:39 | K96: Conforme | L96: Rafael De Carvalho Vasconcelos - 22/01/2025 16:36:43 | M96: Conforme | N96: Rafael De Carvalho Vasconcelos - 22/01/2025 16:36:47 | O96: Conforme | P96: Rafael De Carvalho Vasconcelos - 22/01/2025 16:36:50 | Q96: Conforme | R96: Rafael De Carvalho Vasconcelos - 22/01/2025 16:36:58 | S96: Conforme | T96: Rafael De Carvalho Vasconcelos - 22/01/2025 16:37:04 | U96: Conforme | V96: Rafael De Carvalho Vasconcelos - 22/01/2025 16:37:06 | W96: Conforme | X96: Rafael De Carvalho Vasconcelos - 22/01/2025 16:37:13 | Y96: Conforme | Z96: Rafael De Carvalho Vasconcelos - 22/01/2025 16:37:23 | AA96: Conforme | AB96: Danilo Estanislau Pereira - 21/01/2025 09:33:56 | AC96: Conforme | AD96: Danilo Estanislau Pereira - 21/01/2025 09:33:59 | AE96: Conforme | AF96: Danilo Estanislau Pereira - 21/01/2025 09:34:00 | AG96: Conforme | AH96: Danilo Estanislau Pereira - 21/01/2025 09:34:01 | AI96: Conforme | AJ96: Danilo Estanislau Pereira - 21/01/2025 09:34:02 | AK96: Conforme | AL96: Danilo Estanislau Pereira - 21/01/2025 09:34:03 | BO96: Não | BP96: Sim | BQ96: 45679.693 | BR96: Sim | BS96: 45678.399 | BT96: Sim | BU96: 45679.693 | BV96: Comissionamento Estático | BW96: Conforme | BX96: Gabriel Batista Cousso - 12/03/2025 13:33:00 | BY96: Conforme | BZ96: Gabriel Batista Cousso - 12/03/2025 13:33:01 | CA96: Conforme | CB96: Gabriel Batista Cousso - 12/03/2025 13:33:03 | CC96: Conforme | CD96: Gabriel Batista Cousso - 14/03/2025 14:45:14 | CE96: Conforme | CF96: Gabriel Batista Cousso - 14/03/2025 14:45:13 | CG96: Conforme | CH96: Gabriel Batista Cousso - 14/03/2025 14:45:13 | DA96: Não | DB96: Sim | DC96: 45728.565 | DD96: Sim | DE96: 45730.615 | DF96: Sim | DG96: 45730.615 | DH96: Dinâmico Frio | DI96: Conforme | DJ96: Gabriel Batista Cousso - 14/03/2025 15:05:56 | DK96: Conforme | DL96: Gabriel Batista Cousso - 14/03/2025 15:05:57 | DM96: Conforme | DN96: Gabriel Batista Cousso - 14/03/2025 15:05:57 | DO96: Conforme | DP96: Gabriel Batista Cousso - 14/03/2025 15:05:58 | EC96: Não | ED96: Sim | EE96: 45730.629 | EF96: Dinâmico Quente | EG96: Conforme | EH96: Rafael Schafaschek - 15/03/2025 13:08:02 | EI96: Conforme | EJ96: Rafael Schafaschek - 15/03/2025 13:08:01 | EK96: Conforme | EL96: Rafael Schafaschek - 15/03/2025 13:08:01 | EM96: Conforme | EN96: Rafael Schafaschek - 15/03/2025 13:08:01 | FC96: Não | FD96: Sim | FE96: 45731.547 | FH96: Não | FI96: Feito | FJ96: 45731.547 | FK96: Rafael Schafaschek - 15/03/2025 13:08:02 | FL96: Base de Dados_Images/BC-2011.Imagem do Equipamento-.123345.jpg | FM96: Danilo Estanislau Pereira - 21/01/2025 09:33:29 | FN96: Base de Dados_Images/BC-2011.Imagem da Plaqueta do Motor-.123345.jpg | FO96: Danilo Estanislau Pereira - 21/01/2025 09:33:41 | FP96: =FL96 -> Base de Dados_Images/BC-2011.Imagem do Equipamento-.123345.jpg
A97: 10&20 - R.P.E | B97: Captador C1 | C97: Transmissor | D97: TRM-009-01 | E97: NÍVEL CAPTADOR C1 (BR) | F97: Pré-Comissionamento | G97: Conforme | H97: Gabriel Batista Cousso - 11/03/2025 11:00:40 | I97: Conforme | J97: Gabriel Batista Cousso - 11/03/2025 11:00:41 | K97: Conforme | L97: Gabriel Batista Cousso - 11/03/2025 11:00:41 | M97: Conforme | N97: Gabriel Batista Cousso - 11/03/2025 11:00:42 | BO97: Não | BP97: Sim | BQ97: 45727.459 | BR97: Sim | BS97: 45727.459 | BT97: Sim | BU97: 45727.459 | BV97: Comissionamento Estático | BW97: Conforme | BX97: Gabriel Batista Cousso - 11/03/2025 12:07:45 | BY97: Conforme | BZ97: Gabriel Batista Cousso - 11/03/2025 12:07:45 | CA97: Conforme | CB97: Gabriel Batista Cousso - 11/03/2025 12:07:47 | DA97: Não | DB97: Não Aplica | DD97: Sim | DE97: 45727.505 | DF97: Sim | DG97: 45727.505 | DH97: Dinâmico Frio | DI97: Conforme | DJ97: Rafael Schafaschek - 15/03/2025 10:09:51 | DK97: Conforme | DL97: Rafael Schafaschek - 15/03/2025 10:09:51 | EC97: Não | ED97: Sim | EE97: 45731.424 | EF97: Dinâmico Quente | EG97: Conforme | EH97: Rafael Schafaschek - 15/03/2025 13:08:31 | EI97: Conforme | EJ97: Rafael Schafaschek - 15/03/2025 13:08:30 | FC97: Não | FD97: Sim | FE97: 45731.548 | FH97: Não | FI97: Feito | FJ97: 45731.548 | FK97: Rafael Schafaschek - 15/03/2025 13:08:31 | FP97: =FL97
A98: 10&20 - R.P.E | B98: Captador C1 | C98: Transmissor | D98: STE-006-01 | E98: TEMPERATURA CAPTADOR C1 | F98: Pré-Comissionamento | G98: Conforme | H98: Gabriel Batista Cousso - 11/03/2025 11:00:47 | I98: Conforme | J98: Gabriel Batista Cousso - 11/03/2025 11:00:48 | K98: Conforme | L98: Gabriel Batista Cousso - 11/03/2025 11:00:50 | M98: Conforme | N98: Gabriel Batista Cousso - 11/03/2025 11:00:50 | BO98: Não | BP98: Sim | BQ98: 45727.459 | BR98: Sim | BS98: 45727.459 | BT98: Sim | BU98: 45727.459 | BV98: Comissionamento Estático | BW98: Conforme | BX98: Gabriel Batista Cousso - 11/03/2025 12:07:52 | BY98: Conforme | BZ98: Gabriel Batista Cousso - 11/03/2025 12:07:52 | CA98: Conforme | CB98: Gabriel Batista Cousso - 11/03/2025 12:07:53 | DA98: Não | DB98: Não Aplica | DD98: Sim | DE98: 45727.505 | DF98: Sim | DG98: 45727.505 | DH98: Dinâmico Frio | DI98: Conforme | DJ98: Rafael Schafaschek - 15/03/2025 10:10:23 | DK98: Conforme | DL98: Rafael Schafaschek - 15/03/2025 10:10:23 | EC98: Não | ED98: Sim | EE98: 45731.424 | EF98: Dinâmico Quente | EG98: Conforme | EH98: Rafael Schafaschek - 15/03/2025 13:08:35 | EI98: Conforme | EJ98: Rafael Schafaschek - 15/03/2025 13:08:34 | FC98: Não | FD98: Sim | FE98: 45731.548 | FH98: Não | FI98: Feito | FJ98: 45731.548 | FK98: Rafael Schafaschek - 15/03/2025 13:08:35 | FL98: Base de Dados_Images/STE-006-01.Imagem do Equipamento-.194110.jpg | FM98: Eliezer Vieira Dutra - 12/03/2025 16:41:03 | FP98: =FL98 -> Base de Dados_Images/STE-006-01.Imagem do Equipamento-.194110.jpg
A99: 10&20 - R.P.E | B99: Captador C1 | C99: Captador | D99: CAPTADOR C1 | E99: CAPTADOR N°1 | F99: Pré-Comissionamento | G99: Conforme | H99: Gabriel Batista Cousso - 11/03/2025 09:12:37 | I99: Conforme | J99: Gabriel Batista Cousso - 11/03/2025 09:12:38 | K99: Conforme | L99: Gabriel Batista Cousso - 11/03/2025 09:12:41 | M99: Conforme | N99: Gabriel Batista Cousso - 11/03/2025 09:12:44 | BO99: Não | BP99: Sim | BQ99: 45727.384 | BR99: Não Aplica | BT99: Sim | BU99: 45727.384 | BV99: Comissionamento Estático | DA99: Não | DB99: Não Aplica | DD99: Não Aplica | DF99: Não Aplica | DH99: Dinâmico Frio | DI99: Conforme | DJ99: Rafael Schafaschek - 15/03/2025 10:09:40 | DK99: Conforme | DL99: Rafael Schafaschek - 15/03/2025 10:09:40 | EC99: Não | ED99: Sim | EE99: 45731.423 | EF99: Dinâmico Quente | EG99: Conforme | EH99: Rafael Schafaschek - 15/03/2025 13:08:22 | EI99: Conforme | EJ99: Rafael Schafaschek - 15/03/2025 13:08:22 | FC99: Não | FD99: Sim | FE99: 45731.547 | FH99: Não | FI99: Feito | FJ99: 45731.547 | FK99: Rafael Schafaschek - 15/03/2025 13:08:22 | FL99: Base de Dados_Images/CAPTADOR C1.Imagem do Equipamento-.194040.jpg | FM99: Eliezer Vieira Dutra - 12/03/2025 16:40:32 | FP99: =FL99 -> Base de Dados_Images/CAPTADOR C1.Imagem do Equipamento-.194040.jpg
A100: 10&20 - R.P.E | B100: Captador C1 | C100: Motor e Bomba | D100: BC-2012 | E100: BOMBA DE EMBEBICAO Nº1 | F100: Pré-Comissionamento | G100: Conforme | H100: Danilo Estanislau Pereira - 21/01/2025 09:35:15 | I100: Conforme | J100: Rafael De Carvalho Vasconcelos - 22/01/2025 16:38:19 | K100: Conforme | L100: Rafael Schafaschek - 14/03/2025 10:47:57 | M100: Conforme | N100: Rafael Schafaschek - 14/03/2025 10:48:00 | O100: Conforme | P100: Rafael De Carvalho Vasconcelos - 22/01/2025 16:38:31 | Q100: Conforme | R100: Rafael De Carvalho Vasconcelos - 22/01/2025 16:38:38 | S100: Conforme | T100: Rafael De Carvalho Vasconcelos - 22/01/2025 16:38:41 | U100: Conforme | V100: Rafael De Carvalho Vasconcelos - 22/01/2025 16:38:44 | W100: Conforme | X100: Rafael De Carvalho Vasconcelos - 22/01/2025 16:38:47 | Y100: Conforme | Z100: Rafael De Carvalho Vasconcelos - 22/01/2025 16:38:51 | AA100: Conforme | AB100: Danilo Estanislau Pereira - 21/01/2025 10:12:02 | AC100: Conforme | AD100: Danilo Estanislau Pereira - 21/01/2025 10:12:03 | AE100: Conforme | AF100: Danilo Estanislau Pereira - 21/01/2025 10:12:04 | AG100: Conforme | AH100: Danilo Estanislau Pereira - 21/01/2025 10:12:06 | AI100: Conforme | AJ100: Danilo Estanislau Pereira - 21/01/2025 10:12:07 | AK100: Conforme | AL100: Danilo Estanislau Pereira - 21/01/2025 10:12:08 | BO100: Não | BP100: Sim | BQ100: 45730.45 | BR100: Sim | BS100: 45678.425 | BT100: Sim | BU100: 45730.45 | BV100: Comissionamento Estático | BW100: Conforme | BX100: Denis Ueslei Lopes Romero - 12/03/2025 08:54:55 | BY100: Conforme | BZ100: Denis Ueslei Lopes Romero - 12/03/2025 08:54:56 | CA100: Conforme | CB100: Denis Ueslei Lopes Romero - 12/03/2025 08:54:56 | CC100: Conforme | CD100: Rafael Schafaschek - 15/03/2025 10:10:55 | CE100: Conforme | CF100: Rafael Schafaschek - 15/03/2025 10:10:55 | CG100: Conforme | CH100: Rafael Schafaschek - 15/03/2025 10:10:54 | DA100: Não | DB100: Sim | DC100: 45728.371 | DD100: Sim | DE100: 45731.424 | DF100: Sim | DG100: 45731.424 | DH100: Dinâmico Frio | DI100: Conforme | DJ100: Rafael Schafaschek - 15/03/2025 10:11:02 | DK100: Conforme | DL100: Rafael Schafaschek - 15/03/2025 10:11:02 | DM100: Conforme | DN100: Rafael Schafaschek - 15/03/2025 10:11:01 | DO100: Conforme | DP100: Rafael Schafaschek - 15/03/2025 10:11:03 | EC100: Não | ED100: Sim | EE100: 45731.424 | EF100: Dinâmico Quente | EG100: Conforme | EH100: Rafael Schafaschek - 15/03/2025 13:08:27 | EI100: Conforme | EJ100: Rafael Schafaschek - 15/03/2025 13:08:27 | EK100: Conforme | EL100: Rafael Schafaschek - 15/03/2025 13:08:26 | EM100: Conforme | EN100: Rafael Schafaschek - 15/03/2025 13:08:26 | FC100: Não | FD100: Sim | FE100: 45731.548 | FF100: Após realização da megagem dos motores, foi constatado a baixa isolação e por esse motivo foi necessário desacoplar o equipamento. | FH100: Sim | FI100: Feito | FJ100: 45731.548 | FK100: Rafael Schafaschek - 15/03/2025 13:08:27 | FL100: Base de Dados_Images/BC-2012.Imagem do Equipamento-.123513.jpg | FM100: Danilo Estanislau Pereira - 21/01/2025 09:34:38 | FN100: Base de Dados_Images/BC-2012.Imagem da Plaqueta do Motor-.131153.jpg | FO100: Danilo Estanislau Pereira - 21/01/2025 10:11:49 | FP100: =FL100 -> Base de Dados_Images/BC-2012.Imagem do Equipamento-.123513.jpg
A101: 10&20 - R.P.E | B101: Captador C2 | C101: Transmissor | D101: TRM-010-01 | E101: NÍVEL CAPTADOR C2 (BR) | F101: Pré-Comissionamento | G101: Conforme | H101: Gabriel Batista Cousso - 11/03/2025 11:29:49 | I101: Conforme | J101: Gabriel Batista Cousso - 11/03/2025 11:29:49 | K101: Conforme | L101: Gabriel Batista Cousso - 11/03/2025 11:29:50 | M101: Conforme | N101: Gabriel Batista Cousso - 11/03/2025 11:29:50 | BO101: Não | BP101: Sim | BQ101: 45727.479 | BR101: Sim | BS101: 45727.479 | BT101: Sim | BU101: 45727.479 | BV101: Comissionamento Estático | BW101: Conforme | BX101: Gabriel Batista Cousso - 11/03/2025 12:08:05 | BY101: Conforme | BZ101: Gabriel Batista Cousso - 11/03/2025 12:08:05 | CA101: Conforme | CB101: Gabriel Batista Cousso - 11/03/2025 12:08:06 | DA101: Não | DB101: Não Aplica | DD101: Sim | DE101: 45727.506 | DF101: Sim | DG101: 45727.506 | DH101: Dinâmico Frio | DI101: Conforme | DJ101: Gabriel Batista Cousso - 14/03/2025 15:06:32 | DK101: Conforme | DL101: Gabriel Batista Cousso - 14/03/2025 15:06:33 | EC101: Não | ED101: Sim | EE101: 45730.63 | EF101: Dinâmico Quente | EG101: Conforme | EH101: Rafael Schafaschek - 15/03/2025 13:08:43 | EI101: Conforme | EJ101: Rafael Schafaschek - 15/03/2025 13:08:43 | FC101: Não | FD101: Sim | FE101: 45731.548 | FH101: Não | FI101: Feito | FJ101: 45731.548 | FK101: Rafael Schafaschek - 15/03/2025 13:08:43 | FP101: =FL101
A102: 10&20 - R.P.E | B102: Captador C2 | C102: Captador | D102: CAPTADOR C2 | E102: CAPTADOR N°2 | F102: Pré-Comissionamento | G102: Conforme | H102: Gabriel Batista Cousso - 11/03/2025 09:13:00 | I102: Conforme | J102: Gabriel Batista Cousso - 11/03/2025 11:29:57 | K102: Conforme | L102: Gabriel Batista Cousso - 11/03/2025 11:29:58 | M102: Conforme | N102: Gabriel Batista Cousso - 11/03/2025 09:12:56 | BO102: Não | BP102: Sim | BQ102: 45727.479 | BR102: Não Aplica | BT102: Sim | BU102: 45727.479 | BV102: Comissionamento Estático | DA102: Não | DB102: Não Aplica | DD102: Não Aplica | DF102: Não Aplica | DH102: Dinâmico Frio | DI102: Conforme | DJ102: Gabriel Batista Cousso - 14/03/2025 15:06:22 | DK102: Conforme | DL102: Gabriel Batista Cousso - 14/03/2025 15:06:22 | EC102: Não | ED102: Sim | EE102: 45730.629 | EF102: Dinâmico Quente | EG102: Conforme | EH102: Rafael Schafaschek - 15/03/2025 13:08:52 | EI102: Conforme | EJ102: Rafael Schafaschek - 15/03/2025 13:08:51 | FC102: Não | FD102: Sim | FE102: 45731.548 | FH102: Não | FI102: Feito | FJ102: 45731.548 | FK102: Rafael Schafaschek - 15/03/2025 13:08:52 | FL102: Base de Dados_Images/CAPTADOR C2.Imagem do Equipamento-.193943.jpg | FM102: Eliezer Vieira Dutra - 12/03/2025 16:39:34 | FP102: =FL102 -> Base de Dados_Images/CAPTADOR C2.Imagem do Equipamento-.193943.jpg
A103: 10&20 - R.P.E | B103: Captador C2 | C103: Motor e Bomba | D103: BC-2013 | E103: BOMBA DE EMBEBICAO Nº2 | F103: Pré-Comissionamento | G103: Conforme | H103: Danilo Estanislau Pereira - 21/01/2025 10:12:57 | I103: Conforme | J103: Rafael De Carvalho Vasconcelos - 22/01/2025 16:39:49 | K103: Conforme | L103: Rafael De Carvalho Vasconcelos - 22/01/2025 16:39:52 | M103: Conforme | N103: Rafael Schafaschek - 14/03/2025 10:48:05 | O103: Conforme | P103: Rafael De Carvalho Vasconcelos - 22/01/2025 16:39:58 | Q103: Conforme | R103: Rafael De Carvalho Vasconcelos - 22/01/2025 16:40:01 | S103: Conforme | T103: Rafael De Carvalho Vasconcelos - 22/01/2025 16:40:04 | U103: Conforme | V103: Rafael De Carvalho Vasconcelos - 22/01/2025 16:40:09 | W103: Conforme | X103: Rafael De Carvalho Vasconcelos - 22/01/2025 16:40:14 | Y103: Conforme | Z103: Rafael De Carvalho Vasconcelos - 22/01/2025 16:40:17 | AA103: Conforme | AB103: Danilo Estanislau Pereira - 21/01/2025 10:13:03 | AC103: Conforme | AD103: Danilo Estanislau Pereira - 21/01/2025 10:13:04 | AE103: Conforme | AF103: Danilo Estanislau Pereira - 21/01/2025 10:13:06 | AG103: Conforme | AH103: Danilo Estanislau Pereira - 21/01/2025 10:13:07 | AI103: Conforme | AJ103: Danilo Estanislau Pereira - 21/01/2025 10:13:07 | AK103: Conforme | AL103: Danilo Estanislau Pereira - 21/01/2025 10:13:09 | BO103: Não | BP103: Sim | BQ103: 45730.45 | BR103: Sim | BS103: 45678.426 | BT103: Sim | BU103: 45730.45 | BV103: Comissionamento Estático | BW103: Conforme | BX103: Denis Ueslei Lopes Romero - 12/03/2025 08:53:46 | BY103: Conforme | BZ103: Denis Ueslei Lopes Romero - 12/03/2025 08:53:47 | CA103: Conforme | CB103: Denis Ueslei Lopes Romero - 12/03/2025 08:53:48 | CC103: Conforme | CD103: Gabriel Batista Cousso - 14/03/2025 14:45:42 | CE103: Conforme | CF103: Gabriel Batista Cousso - 14/03/2025 14:45:41 | CG103: Conforme | CH103: Gabriel Batista Cousso - 14/03/2025 14:45:43 | DA103: Não | DB103: Sim | DC103: 45728.371 | DD103: Sim | DE103: 45730.615 | DF103: Sim | DG103: 45730.615 | DH103: Dinâmico Frio | DI103: Conforme | DJ103: Gabriel Batista Cousso - 14/03/2025 15:06:26 | DK103: Conforme | DL103: Gabriel Batista Cousso - 14/03/2025 15:06:27 | DM103: Conforme | DN103: Gabriel Batista Cousso - 14/03/2025 15:06:27 | DO103: Conforme | DP103: Gabriel Batista Cousso - 14/03/2025 15:06:28 | EC103: Não | ED103: Sim | EE103: 45730.629 | EF103: Dinâmico Quente | EG103: Conforme | EH103: Rafael Schafaschek - 15/03/2025 13:08:48 | EI103: Conforme | EJ103: Rafael Schafaschek - 15/03/2025 13:08:47 | EK103: Conforme | EL103: Rafael Schafaschek - 15/03/2025 13:08:47 | EM103: Conforme | EN103: Rafael Schafaschek - 15/03/2025 13:08:47 | FC103: Não | FD103: Sim | FE103: 45731.548 | FF103: Após realização da megagem dos motores, foi constatado a baixa isolação e por esse motivo foi necessário desacoplar o equipamento. | FH103: Sim | FI103: Feito | FJ103: 45731.548 | FK103: Rafael Schafaschek - 15/03/2025 13:08:48 | FL103: Base de Dados_Images/BC-2013.Imagem do Equipamento-.131257.jpg | FM103: Danilo Estanislau Pereira - 21/01/2025 10:12:42 | FN103: Base de Dados_Images/BC-2013.Imagem da Plaqueta do Motor-.131258.jpg | FO103: Danilo Estanislau Pereira - 21/01/2025 10:12:53 | FP103: =FL103 -> Base de Dados_Images/BC-2013.Imagem do Equipamento-.131257.jpg
A104: 10&20 - R.P.E | B104: Captador C3 | C104: Transmissor | D104: TRM-011-01 | E104: NÍVEL CAPTADOR C3 (BR) | F104: Pré-Comissionamento | G104: Conforme | H104: Gabriel Batista Cousso - 11/03/2025 11:01:05 | I104: Conforme | J104: Gabriel Batista Cousso - 11/03/2025 11:01:05 | K104: Conforme | L104: Gabriel Batista Cousso - 11/03/2025 11:01:06 | M104: Conforme | N104: Gabriel Batista Cousso - 11/03/2025 11:01:07 | BO104: Não | BP104: Sim | BQ104: 45727.459 | BR104: Sim | BS104: 45727.459 | BT104: Sim | BU104: 45727.459 | BV104: Comissionamento Estático | BW104: Conforme | BX104: Gabriel Batista Cousso - 11/03/2025 12:08:24 | BY104: Conforme | BZ104: Gabriel Batista Cousso - 11/03/2025 12:08:25 | CA104: Conforme | CB104: Gabriel Batista Cousso - 11/03/2025 12:08:25 | DA104: Não | DB104: Não Aplica | DD104: Sim | DE104: 45727.506 | DF104: Sim | DG104: 45727.506 | DH104: Dinâmico Frio | DI104: Conforme | DJ104: Rafael Schafaschek - 15/03/2025 10:11:28 | DK104: Conforme | DL104: Rafael Schafaschek - 15/03/2025 10:11:28 | EC104: Não | ED104: Sim | EE104: 45731.425 | EF104: Dinâmico Quente | EG104: Conforme | EH104: Rafael Schafaschek - 15/03/2025 13:09:11 | EI104: Conforme | EJ104: Rafael Schafaschek - 15/03/2025 13:09:11 | FC104: Não | FD104: Sim | FE104: 45731.548 | FH104: Não | FI104: Feito | FJ104: 45731.548 | FK104: Rafael Schafaschek - 15/03/2025 13:09:11 | FP104: =FL104
A105: 10&20 - R.P.E | B105: Captador C3 | C105: Transmissor | D105: STE-007-01 | E105: TEMPERATURA CAPTADOR C3 | F105: Pré-Comissionamento | G105: Conforme | H105: Gabriel Batista Cousso - 11/03/2025 11:01:12 | I105: Conforme | J105: Gabriel Batista Cousso - 11/03/2025 11:01:12 | K105: Conforme | L105: Gabriel Batista Cousso - 11/03/2025 11:01:13 | M105: Conforme | N105: Gabriel Batista Cousso - 11/03/2025 11:01:14 | BO105: Não | BP105: Sim | BQ105: 45727.459 | BR105: Sim | BS105: 45727.459 | BT105: Sim | BU105: 45727.459 | BV105: Comissionamento Estático | BW105: Conforme | BX105: Gabriel Batista Cousso - 11/03/2025 12:08:30 | BY105: Conforme | BZ105: Gabriel Batista Cousso - 11/03/2025 12:08:30 | CA105: Conforme | CB105: Gabriel Batista Cousso - 11/03/2025 12:08:31 | DA105: Não | DB105: Não Aplica | DD105: Sim | DE105: 45727.506 | DF105: Sim | DG105: 45727.506 | DH105: Dinâmico Frio | DI105: Conforme | DJ105: Rafael Schafaschek - 15/03/2025 10:11:32 | DK105: Conforme | DL105: Rafael Schafaschek - 15/03/2025 10:11:31 | EC105: Não | ED105: Sim | EE105: 45731.425 | EF105: Dinâmico Quente | EG105: Conforme | EH105: Rafael Schafaschek - 15/03/2025 13:09:15 | EI105: Conforme | EJ105: Rafael Schafaschek - 15/03/2025 13:09:15 | FC105: Não | FD105: Sim | FE105: 45731.548 | FH105: Não | FI105: Feito | FJ105: 45731.548 | FK105: Rafael Schafaschek - 15/03/2025 13:09:15 | FL105: Base de Dados_Images/STE-007-01.Imagem do Equipamento-.193905.jpg | FM105: Eliezer Vieira Dutra - 12/03/2025 16:38:58 | FP105: =FL105 -> Base de Dados_Images/STE-007-01.Imagem do Equipamento-.193905.jpg
A106: 10&20 - R.P.E | B106: Captador C3 | C106: Captador | D106: CAPTADOR C3 | E106: CAPTADOR N°3 | F106: Pré-Comissionamento | G106: Conforme | H106: Gabriel Batista Cousso - 11/03/2025 09:13:12 | I106: Conforme | J106: Gabriel Batista Cousso - 11/03/2025 09:13:12 | K106: Conforme | L106: Gabriel Batista Cousso - 11/03/2025 09:13:12 | M106: Conforme | N106: Gabriel Batista Cousso - 11/03/2025 09:13:08 | BO106: Não | BP106: Sim | BQ106: 45727.384 | BR106: Não Aplica | BT106: Sim | BU106: 45727.384 | BV106: Comissionamento Estático | DA106: Não | DB106: Não Aplica | DD106: Não Aplica | DF106: Não Aplica | DH106: Dinâmico Frio | DI106: Conforme | DJ106: Rafael Schafaschek - 15/03/2025 10:11:13 | DK106: Conforme | DL106: Rafael Schafaschek - 15/03/2025 10:11:12 | EC106: Não | ED106: Sim | EE106: 45731.424 | EF106: Dinâmico Quente | EG106: Conforme | EH106: Rafael Schafaschek - 15/03/2025 13:09:03 | EI106: Conforme | EJ106: Rafael Schafaschek - 15/03/2025 13:09:02 | FC106: Não | FD106: Sim | FE106: 45731.548 | FH106: Não | FI106: Feito | FJ106: 45731.548 | FK106: Rafael Schafaschek - 15/03/2025 13:09:03 | FL106: Base de Dados_Images/CAPTADOR C3.Imagem do Equipamento-.193832.jpg | FM106: Eliezer Vieira Dutra - 12/03/2025 16:38:26 | FP106: =FL106 -> Base de Dados_Images/CAPTADOR C3.Imagem do Equipamento-.193832.jpg
A107: 10&20 - R.P.E | B107: Captador C3 | C107: Motor e Bomba | D107: BC-2014 | E107: BOMBA DE EMBEBICAO Nº3 | F107: Pré-Comissionamento | G107: Conforme | H107: Danilo Estanislau Pereira - 21/01/2025 10:14:48 | I107: Conforme | J107: Rafael De Carvalho Vasconcelos - 22/01/2025 16:40:56 | K107: Conforme | L107: Rafael De Carvalho Vasconcelos - 22/01/2025 16:40:54 | M107: Conforme | N107: Rafael Schafaschek - 14/03/2025 10:48:08 | O107: Conforme | P107: Rafael De Carvalho Vasconcelos - 22/01/2025 16:41:03 | Q107: Conforme | R107: Rafael De Carvalho Vasconcelos - 22/01/2025 16:41:06 | S107: Conforme | T107: Rafael De Carvalho Vasconcelos - 22/01/2025 16:41:10 | U107: Conforme | V107: Rafael De Carvalho Vasconcelos - 22/01/2025 16:41:13 | W107: Conforme | X107: Rafael De Carvalho Vasconcelos - 22/01/2025 16:41:16 | Y107: Conforme | Z107: Rafael De Carvalho Vasconcelos - 22/01/2025 16:41:18 | AA107: Conforme | AB107: Danilo Estanislau Pereira - 21/01/2025 10:14:54 | AC107: Conforme | AD107: Danilo Estanislau Pereira - 21/01/2025 10:14:55 | AE107: Conforme | AF107: Danilo Estanislau Pereira - 21/01/2025 10:14:55 | AG107: Conforme | AH107: Danilo Estanislau Pereira - 21/01/2025 10:14:56 | AI107: Conforme | AJ107: Danilo Estanislau Pereira - 21/01/2025 10:14:58 | AK107: Conforme | AL107: Danilo Estanislau Pereira - 21/01/2025 10:14:58 | BO107: Não | BP107: Sim | BQ107: 45730.45 | BR107: Sim | BS107: 45678.427 | BT107: Sim | BU107: 45730.45 | BV107: Comissionamento Estático | BW107: Conforme | BX107: Denis Ueslei Lopes Romero - 12/03/2025 08:54:43 | BY107: Conforme | BZ107: Denis Ueslei Lopes Romero - 12/03/2025 08:54:44 | CA107: Conforme | CB107: Denis Ueslei Lopes Romero - 12/03/2025 08:54:45 | CC107: Conforme | CD107: Rafael Schafaschek - 15/03/2025 10:11:18 | CE107: Conforme | CF107: Rafael Schafaschek - 15/03/2025 10:11:18 | CG107: Conforme | CH107: Rafael Schafaschek - 15/03/2025 10:11:18 | DA107: Não | DB107: Sim | DC107: 45728.371 | DD107: Sim | DE107: 45731.425 | DF107: Sim | DG107: 45731.425 | DH107: Dinâmico Frio | DI107: Conforme | DJ107: Rafael Schafaschek - 15/03/2025 10:11:23 | DK107: Conforme | DL107: Rafael Schafaschek - 15/03/2025 10:11:22 | DM107: Conforme | DN107: Rafael Schafaschek - 15/03/2025 10:11:22 | DO107: Conforme | DP107: Rafael Schafaschek - 15/03/2025 10:11:24 | EC107: Não | ED107: Sim | EE107: 45731.425 | EF107: Dinâmico Quente | EG107: Conforme | EH107: Rafael Schafaschek - 15/03/2025 13:09:07 | EI107: Conforme | EJ107: Rafael Schafaschek - 15/03/2025 13:09:07 | EK107: Conforme | EL107: Rafael Schafaschek - 15/03/2025 13:09:06 | EM107: Conforme | EN107: Rafael Schafaschek - 15/03/2025 13:09:06 | FC107: Não | FD107: Sim | FE107: 45731.548 | FF107: Após realização da megagem dos motores, foi constatado a baixa isolação e por esse motivo foi necessário desacoplar o equipamento. | FH107: Sim | FI107: Feito | FJ107: 45731.548 | FK107: Rafael Schafaschek - 15/03/2025 13:09:07 | FL107: Base de Dados_Images/BC-2014.Imagem do Equipamento-.131448.jpg | FM107: Danilo Estanislau Pereira - 21/01/2025 10:14:32 | FN107: Base de Dados_Images/BC-2014.Imagem da Plaqueta do Motor-.131448.jpg | FO107: Danilo Estanislau Pereira - 21/01/2025 10:14:41 | FP107: =FL107 -> Base de Dados_Images/BC-2014.Imagem do Equipamento-.131448.jpg
A108: 10&20 - R.P.E | B108: Captador C4 | C108: Transmissor | D108: TRM-012-01 | E108: NÍVEL CAPTADOR C4 (BR) | F108: Pré-Comissionamento | G108: Conforme | H108: Gabriel Batista Cousso - 11/03/2025 10:45:15 | I108: Conforme | J108: Gabriel Batista Cousso - 11/03/2025 10:45:15 | K108: Conforme | L108: Gabriel Batista Cousso - 11/03/2025 10:45:16 | M108: Conforme | N108: Gabriel Batista Cousso - 11/03/2025 10:45:17 | BO108: Não | BP108: Sim | BQ108: 45727.448 | BR108: Sim | BS108: 45727.448 | BT108: Sim | BU108: 45727.448 | BV108: Comissionamento Estático | BW108: Conforme | BX108: Gabriel Batista Cousso - 11/03/2025 12:08:41 | BY108: Conforme | BZ108: Gabriel Batista Cousso - 11/03/2025 12:08:42 | CA108: Conforme | CB108: Gabriel Batista Cousso - 11/03/2025 12:08:42 | DA108: Não | DB108: Não Aplica | DD108: Sim | DE108: 45727.506 | DF108: Sim | DG108: 45727.506 | DH108: Dinâmico Frio | DI108: Conforme | DJ108: Gabriel Batista Cousso - 14/03/2025 15:06:54 | DK108: Conforme | DL108: Gabriel Batista Cousso - 14/03/2025 15:06:54 | EC108: Não | ED108: Sim | EE108: 45730.63 | EF108: Dinâmico Quente | EG108: Conforme | EH108: Rafael Schafaschek - 15/03/2025 13:09:33 | EI108: Conforme | EJ108: Rafael Schafaschek - 15/03/2025 13:09:33 | FC108: Não | FD108: Sim | FE108: 45731.548 | FH108: Não | FI108: Feito | FJ108: 45731.548 | FK108: Rafael Schafaschek - 15/03/2025 13:09:33 | FP108: =FL108
A109: 10&20 - R.P.E | B109: Captador C4 | C109: Captador | D109: CAPTADOR C4 | E109: CAPTADOR N°4 | F109: Pré-Comissionamento | G109: Conforme | H109: Gabriel Batista Cousso - 11/03/2025 10:01:59 | I109: Conforme | J109: Gabriel Batista Cousso - 11/03/2025 10:01:59 | K109: Conforme | L109: Gabriel Batista Cousso - 11/03/2025 10:02:00 | M109: Conforme | N109: Gabriel Batista Cousso - 11/03/2025 10:02:01 | BO109: Não | BP109: Sim | BQ109: 45727.418 | BR109: Não Aplica | BT109: Sim | BU109: 45727.418 | BV109: Comissionamento Estático | DA109: Não | DB109: Não Aplica | DD109: Não Aplica | DF109: Não Aplica | DH109: Dinâmico Frio | DI109: Conforme | DJ109: Gabriel Batista Cousso - 14/03/2025 15:06:43 | DK109: Conforme | DL109: Gabriel Batista Cousso - 14/03/2025 15:06:43 | EC109: Não | ED109: Sim | EE109: 45730.63 | EF109: Dinâmico Quente | EG109: Conforme | EH109: Rafael Schafaschek - 15/03/2025 13:09:24 | EI109: Conforme | EJ109: Rafael Schafaschek - 15/03/2025 13:09:24 | FC109: Não | FD109: Sim | FE109: 45731.548 | FH109: Não | FI109: Feito | FJ109: 45731.548 | FK109: Rafael Schafaschek - 15/03/2025 13:09:24 | FL109: Base de Dados_Images/CAPTADOR C4.Imagem do Equipamento-.193756.jpg | FM109: Eliezer Vieira Dutra - 12/03/2025 16:37:51 | FP109: =FL109 -> Base de Dados_Images/CAPTADOR C4.Imagem do Equipamento-.193756.jpg
A110: 10&20 - R.P.E | B110: Captador C4 | C110: Motor e Bomba | D110: BC-2015 | E110: BOMBA DE EMBEBICAO Nº4 | F110: Pré-Comissionamento | G110: Conforme | H110: Danilo Estanislau Pereira - 21/01/2025 10:16:23 | I110: Conforme | J110: Rafael De Carvalho Vasconcelos - 22/01/2025 16:41:50 | K110: Conforme | L110: Rafael De Carvalho Vasconcelos - 22/01/2025 16:41:53 | M110: Conforme | N110: Rafael Schafaschek - 14/03/2025 10:48:11 | O110: Conforme | P110: Rafael De Carvalho Vasconcelos - 22/01/2025 16:41:59 | Q110: Conforme | R110: Rafael De Carvalho Vasconcelos - 22/01/2025 16:42:02 | S110: Conforme | T110: Rafael De Carvalho Vasconcelos - 22/01/2025 16:42:05 | U110: Conforme | V110: Rafael De Carvalho Vasconcelos - 22/01/2025 16:42:07 | W110: Conforme | X110: Rafael De Carvalho Vasconcelos - 22/01/2025 16:42:10 | Y110: Conforme | Z110: Rafael De Carvalho Vasconcelos - 22/01/2025 16:42:12 | AA110: Conforme | AB110: Danilo Estanislau Pereira - 21/01/2025 10:16:28 | AC110: Conforme | AD110: Danilo Estanislau Pereira - 21/01/2025 10:16:29 | AE110: Conforme | AF110: Danilo Estanislau Pereira - 21/01/2025 10:16:30 | AG110: Conforme | AH110: Danilo Estanislau Pereira - 21/01/2025 10:16:31 | AI110: Conforme | AJ110: Danilo Estanislau Pereira - 21/01/2025 10:16:32 | AK110: Conforme | AL110: Danilo Estanislau Pereira - 21/01/2025 10:16:33 | BO110: Não | BP110: Sim | BQ110: 45730.45 | BR110: Sim | BS110: 45678.428 | BT110: Sim | BU110: 45730.45 | BV110: Comissionamento Estático | BW110: Conforme | BX110: Denis Ueslei Lopes Romero - 12/03/2025 08:53:16 | BY110: Conforme | BZ110: Denis Ueslei Lopes Romero - 12/03/2025 08:53:16 | CA110: Conforme | CB110: Denis Ueslei Lopes Romero - 12/03/2025 08:53:18 | CC110: Conforme | CD110: Gabriel Batista Cousso - 14/03/2025 14:46:01 | CE110: Conforme | CF110: Gabriel Batista Cousso - 14/03/2025 14:46:02 | CG110: Conforme | CH110: Gabriel Batista Cousso - 14/03/2025 14:46:02 | DA110: Não | DB110: Sim | DC110: 45728.37 | DD110: Sim | DE110: 45730.615 | DF110: Sim | DG110: 45730.615 | DH110: Dinâmico Frio | DI110: Conforme | DJ110: Gabriel Batista Cousso - 14/03/2025 15:06:47 | DK110: Conforme | DL110: Gabriel Batista Cousso - 14/03/2025 15:06:48 | DM110: Conforme | DN110: Gabriel Batista Cousso - 14/03/2025 15:06:48 | DO110: Conforme | DP110: Gabriel Batista Cousso - 14/03/2025 15:06:49 | EC110: Não | ED110: Sim | EE110: 45730.63 | EF110: Dinâmico Quente | EG110: Conforme | EH110: Rafael Schafaschek - 15/03/2025 13:09:29 | EI110: Conforme | EJ110: Rafael Schafaschek - 15/03/2025 13:09:29 | EK110: Conforme | EL110: Rafael Schafaschek - 15/03/2025 13:09:28 | EM110: Conforme | EN110: Rafael Schafaschek - 15/03/2025 13:09:28 | FC110: Não | FD110: Sim | FE110: 45731.548 | FF110: Após realização da megagem dos motores, foi constatado a baixa isolação e por esse motivo foi necessário desacoplar o equipamento. | FH110: Sim | FI110: Feito | FJ110: 45731.548 | FK110: Rafael Schafaschek - 15/03/2025 13:09:29 | FL110: Base de Dados_Images/BC-2015.Imagem do Equipamento-.131621.jpg | FM110: Danilo Estanislau Pereira - 21/01/2025 10:15:54 | FN110: Base de Dados_Images/BC-2015.Imagem da Plaqueta do Motor-.131621.jpg | FO110: Danilo Estanislau Pereira - 21/01/2025 10:16:17 | FP110: =FL110 -> Base de Dados_Images/BC-2015.Imagem do Equipamento-.131621.jpg
A111: 10&20 - R.P.E | B111: Captador C5 | C111: Transmissor | D111: TRM-013-01 | E111: NÍVEL CAPTADOR C5 (BR) | F111: Pré-Comissionamento | G111: Conforme | H111: Gabriel Batista Cousso - 11/03/2025 11:03:33 | I111: Conforme | J111: Gabriel Batista Cousso - 11/03/2025 11:03:34 | K111: Conforme | L111: Gabriel Batista Cousso - 11/03/2025 11:03:35 | M111: Conforme | N111: Gabriel Batista Cousso - 11/03/2025 11:03:35 | BO111: Não | BP111: Sim | BQ111: 45727.461 | BR111: Sim | BS111: 45727.461 | BT111: Sim | BU111: 45727.461 | BV111: Comissionamento Estático | BW111: Conforme | BX111: Gabriel Batista Cousso - 11/03/2025 12:08:52 | BY111: Conforme | BZ111: Gabriel Batista Cousso - 11/03/2025 12:08:53 | CA111: Conforme | CB111: Gabriel Batista Cousso - 11/03/2025 12:08:55 | DA111: Não | DB111: Não Aplica | DD111: Sim | DE111: 45727.506 | DF111: Sim | DG111: 45727.506 | DH111: Dinâmico Frio | DI111: Conforme | DJ111: Rafael Schafaschek - 15/03/2025 10:12:01 | DK111: Conforme | DL111: Rafael Schafaschek - 15/03/2025 10:12:01 | EC111: Não | ED111: Sim | EE111: 45731.425 | EF111: Dinâmico Quente | EG111: Conforme | EH111: Rafael Schafaschek - 15/03/2025 13:09:51 | EI111: Conforme | EJ111: Rafael Schafaschek - 15/03/2025 13:09:50 | FC111: Não | FD111: Sim | FE111: 45731.549 | FH111: Não | FI111: Feito | FJ111: 45731.549 | FK111: Rafael Schafaschek - 15/03/2025 13:09:51 | FL111: Base de Dados_Images/TRM-013-01.Imagem do Equipamento-.193726.jpg | FM111: Eliezer Vieira Dutra - 12/03/2025 16:37:20 | FP111: =FL111 -> Base de Dados_Images/TRM-013-01.Imagem do Equipamento-.193726.jpg
A112: 10&20 - R.P.E | B112: Captador C5 | C112: Transmissor | D112: STE-008-01 | E112: TEMPERATURA CAPTADOR C5 | F112: Pré-Comissionamento | G112: Conforme | H112: Gabriel Batista Cousso - 11/03/2025 11:03:40 | I112: Conforme | J112: Gabriel Batista Cousso - 11/03/2025 11:03:40 | K112: Conforme | L112: Gabriel Batista Cousso - 11/03/2025 11:03:40 | M112: Conforme | N112: Gabriel Batista Cousso - 11/03/2025 11:03:41 | BO112: Não | BP112: Sim | BQ112: 45727.461 | BR112: Sim | BS112: 45727.461 | BT112: Sim | BU112: 45727.461 | BV112: Comissionamento Estático | BW112: Conforme | BX112: Gabriel Batista Cousso - 11/03/2025 12:09:00 | BY112: Conforme | BZ112: Gabriel Batista Cousso - 11/03/2025 12:09:01 | CA112: Conforme | CB112: Gabriel Batista Cousso - 11/03/2025 12:09:01 | DA112: Não | DB112: Não Aplica | DD112: Sim | DE112: 45727.506 | DF112: Sim | DG112: 45727.506 | DH112: Dinâmico Frio | DI112: Conforme | DJ112: Rafael Schafaschek - 15/03/2025 10:12:05 | DK112: Conforme | DL112: Rafael Schafaschek - 15/03/2025 10:12:05 | EC112: Não | ED112: Sim | EE112: 45731.425 | EF112: Dinâmico Quente | EG112: Conforme | EH112: Rafael Schafaschek - 15/03/2025 13:09:54 | EI112: Conforme | EJ112: Rafael Schafaschek - 15/03/2025 13:09:54 | FC112: Não | FD112: Sim | FE112: 45731.549 | FH112: Não | FI112: Feito | FJ112: 45731.549 | FK112: Rafael Schafaschek - 15/03/2025 13:09:54 | FP112: =FL112
A113: 10&20 - R.P.E | B113: Captador C5 | C113: Captador | D113: CAPTADOR C5 | E113: CAPTADOR N°5 | F113: Pré-Comissionamento | G113: Conforme | H113: Gabriel Batista Cousso - 11/03/2025 10:01:25 | I113: Conforme | J113: Gabriel Batista Cousso - 11/03/2025 10:01:25 | K113: Conforme | L113: Gabriel Batista Cousso - 11/03/2025 10:01:26 | M113: Conforme | N113: Gabriel Batista Cousso - 11/03/2025 10:01:27 | BO113: Não | BP113: Sim | BQ113: 45727.418 | BR113: Não Aplica | BT113: Sim | BU113: 45727.418 | BV113: Comissionamento Estático | DA113: Não | DB113: Não Aplica | DD113: Não Aplica | DF113: Não Aplica | DH113: Dinâmico Frio | DI113: Conforme | DJ113: Rafael Schafaschek - 15/03/2025 10:11:40 | DK113: Conforme | DL113: Rafael Schafaschek - 15/03/2025 10:11:40 | EC113: Não | ED113: Sim | EE113: 45731.425 | EF113: Dinâmico Quente | EG113: Conforme | EH113: Rafael Schafaschek - 15/03/2025 13:09:40 | EI113: Conforme | EJ113: Rafael Schafaschek - 15/03/2025 13:09:39 | FC113: Não | FD113: Sim | FE113: 45731.548 | FH113: Não | FI113: Feito | FJ113: 45731.548 | FK113: Rafael Schafaschek - 15/03/2025 13:09:40 | FL113: Base de Dados_Images/CAPTADOR C5.Imagem do Equipamento-.193701.jpg | FM113: Eliezer Vieira Dutra - 12/03/2025 16:36:55 | FP113: =FL113 -> Base de Dados_Images/CAPTADOR C5.Imagem do Equipamento-.193701.jpg
A114: 10&20 - R.P.E | B114: Captador C5 | C114: Motor e Bomba | D114: BC-2016 | E114: BOMBA DE EMBEBICAO Nº5 | F114: Pré-Comissionamento | G114: Conforme | H114: Danilo Estanislau Pereira - 21/01/2025 10:17:13 | I114: Conforme | J114: Rafael De Carvalho Vasconcelos - 22/01/2025 16:42:46 | K114: Conforme | L114: Rafael De Carvalho Vasconcelos - 22/01/2025 16:42:49 | M114: Conforme | N114: Rafael Schafaschek - 14/03/2025 10:48:13 | O114: Conforme | P114: Rafael De Carvalho Vasconcelos - 22/01/2025 16:42:56 | Q114: Conforme | R114: Rafael De Carvalho Vasconcelos - 22/01/2025 16:42:59 | S114: Conforme | T114: Rafael De Carvalho Vasconcelos - 22/01/2025 16:43:05 | U114: Conforme | V114: Rafael De Carvalho Vasconcelos - 22/01/2025 16:43:10 | W114: Conforme | X114: Rafael De Carvalho Vasconcelos - 22/01/2025 16:43:13 | Y114: Conforme | Z114: Rafael De Carvalho Vasconcelos - 22/01/2025 16:43:15 | AA114: Conforme | AB114: Danilo Estanislau Pereira - 21/01/2025 10:17:18 | AC114: Conforme | AD114: Danilo Estanislau Pereira - 21/01/2025 10:17:19 | AE114: Conforme | AF114: Danilo Estanislau Pereira - 21/01/2025 10:17:21 | AG114: Conforme | AH114: Danilo Estanislau Pereira - 21/01/2025 10:17:22 | AI114: Conforme | AJ114: Danilo Estanislau Pereira - 21/01/2025 10:17:23 | AK114: Conforme | AL114: Danilo Estanislau Pereira - 21/01/2025 10:17:23 | BO114: Não | BP114: Sim | BQ114: 45730.45 | BR114: Sim | BS114: 45678.429 | BT114: Sim | BU114: 45730.45 | BV114: Comissionamento Estático | BW114: Conforme | BX114: Denis Ueslei Lopes Romero - 12/03/2025 08:54:32 | BY114: Conforme | BZ114: Denis Ueslei Lopes Romero - 12/03/2025 08:54:34 | CA114: Conforme | CB114: Denis Ueslei Lopes Romero - 12/03/2025 08:54:33 | CC114: Conforme | CD114: Rafael Schafaschek - 15/03/2025 10:11:45 | CE114: Conforme | CF114: Rafael Schafaschek - 15/03/2025 10:11:45 | CG114: Conforme | CH114: Rafael Schafaschek - 15/03/2025 10:11:45 | DA114: Não | DB114: Sim | DC114: 45728.371 | DD114: Sim | DE114: 45731.425 | DF114: Sim | DG114: 45731.425 | DH114: Dinâmico Frio | DI114: Conforme | DJ114: Rafael Schafaschek - 15/03/2025 10:11:51 | DK114: Conforme | DL114: Rafael Schafaschek - 15/03/2025 10:11:50 | DM114: Conforme | DN114: Rafael Schafaschek - 15/03/2025 10:11:50 | DO114: Conforme | DP114: Rafael Schafaschek - 15/03/2025 10:11:52 | EC114: Não | ED114: Sim | EE114: 45731.425 | EF114: Dinâmico Quente | EG114: Conforme | EH114: Rafael Schafaschek - 15/03/2025 13:09:44 | EI114: Conforme | EJ114: Rafael Schafaschek - 15/03/2025 13:09:44 | EK114: Conforme | EL114: Rafael Schafaschek - 15/03/2025 13:09:44 | EM114: Conforme | EN114: Rafael Schafaschek - 15/03/2025 13:09:44 | FC114: Não | FD114: Sim | FE114: 45731.548 | FF114: Partida direta - sem inversor | FH114: Sim | FI114: Feito | FJ114: 45731.548 | FK114: Rafael Schafaschek - 15/03/2025 13:09:44 | FL114: Base de Dados_Images/BC-2016.Imagem do Equipamento-.131712.jpg | FM114: Danilo Estanislau Pereira - 21/01/2025 10:16:59 | FN114: Base de Dados_Images/BC-2016.Imagem da Plaqueta do Motor-.131712.jpg | FO114: Danilo Estanislau Pereira - 21/01/2025 10:17:08 | FP114: =FL114 -> Base de Dados_Images/BC-2016.Imagem do Equipamento-.131712.jpg
A115: 10&20 - R.P.E | B115: Captador C6 | C115: Transmissor | D115: TRM-014-01 | E115: NÍVEL CAPTADOR C6 (BR) | F115: Pré-Comissionamento | G115: Conforme | H115: Gabriel Batista Cousso - 11/03/2025 10:59:37 | I115: Conforme | J115: Gabriel Batista Cousso - 11/03/2025 10:59:38 | K115: Conforme | L115: Gabriel Batista Cousso - 11/03/2025 10:59:39 | M115: Conforme | N115: Gabriel Batista Cousso - 11/03/2025 10:59:40 | BO115: Não | BP115: Sim | BQ115: 45727.458 | BR115: Sim | BS115: 45727.458 | BT115: Sim | BU115: 45727.458 | BV115: Comissionamento Estático | BW115: Conforme | BX115: Gabriel Batista Cousso - 11/03/2025 12:09:13 | BY115: Conforme | BZ115: Gabriel Batista Cousso - 11/03/2025 12:09:14 | CA115: Conforme | CB115: Gabriel Batista Cousso - 11/03/2025 12:09:15 | DA115: Não | DB115: Não Aplica | DD115: Sim | DE115: 45727.506 | DF115: Sim | DG115: 45727.506 | DH115: Dinâmico Frio | DI115: Conforme | DJ115: Gabriel Batista Cousso - 14/03/2025 15:07:50 | DK115: Conforme | DL115: Gabriel Batista Cousso - 14/03/2025 15:07:50 | EC115: Não | ED115: Sim | EE115: 45730.63 | EF115: Dinâmico Quente | EG115: Conforme | EH115: Rafael Schafaschek - 15/03/2025 13:10:16 | EI115: Conforme | EJ115: Rafael Schafaschek - 15/03/2025 13:10:15 | FC115: Não | FD115: Sim | FE115: 45731.549 | FH115: Não | FI115: Feito | FJ115: 45731.549 | FK115: Rafael Schafaschek - 15/03/2025 13:10:16 | FP115: =FL115
A116: 10&20 - R.P.E | B116: Captador C6 | C116: Captador | D116: CAPTADOR C6 | E116: CAPTADOR N°6 | F116: Pré-Comissionamento | G116: Conforme | H116: Gabriel Batista Cousso - 11/03/2025 10:01:10 | I116: Conforme | J116: Gabriel Batista Cousso - 11/03/2025 10:01:11 | K116: Conforme | L116: Gabriel Batista Cousso - 11/03/2025 10:01:11 | M116: Conforme | N116: Gabriel Batista Cousso - 11/03/2025 10:01:12 | BO116: Não | BP116: Sim | BQ116: 45727.418 | BR116: Não Aplica | BT116: Sim | BU116: 45727.418 | BV116: Comissionamento Estático | DA116: Não | DB116: Não Aplica | DD116: Não Aplica | DF116: Não Aplica | DH116: Dinâmico Frio | DI116: Conforme | DJ116: Gabriel Batista Cousso - 14/03/2025 15:07:38 | DK116: Conforme | DL116: Gabriel Batista Cousso - 14/03/2025 15:07:40 | EC116: Não | ED116: Sim | EE116: 45730.63 | EF116: Dinâmico Quente | EG116: Conforme | EH116: Rafael Schafaschek - 15/03/2025 13:10:06 | EI116: Conforme | EJ116: Rafael Schafaschek - 15/03/2025 13:10:06 | FC116: Não | FD116: Sim | FE116: 45731.549 | FH116: Não | FI116: Feito | FJ116: 45731.549 | FK116: Rafael Schafaschek - 15/03/2025 13:10:06 | FL116: Base de Dados_Images/CAPTADOR C6.Imagem do Equipamento-.193610.jpg | FM116: Eliezer Vieira Dutra - 12/03/2025 16:36:03 | FP116: =FL116 -> Base de Dados_Images/CAPTADOR C6.Imagem do Equipamento-.193610.jpg
A117: 10&20 - R.P.E | B117: Captador C6 | C117: Motor e Bomba | D117: BC-2017 | E117: BOMBA DE EMBEBICAO Nº6 | F117: Pré-Comissionamento | G117: Conforme | H117: Danilo Estanislau Pereira - 21/01/2025 10:18:09 | I117: Conforme | J117: Rafael De Carvalho Vasconcelos - 22/01/2025 16:43:38 | K117: Conforme | L117: Eduardo Mendes Rodrigues - 29/01/2025 07:41:29 | M117: Conforme | N117: Rafael Schafaschek - 14/03/2025 10:48:15 | O117: Conforme | P117: Rafael Schafaschek - 14/03/2025 10:48:18 | Q117: Conforme | R117: Rafael Schafaschek - 14/03/2025 10:48:20 | S117: Conforme | T117: Rafael De Carvalho Vasconcelos - 22/01/2025 16:43:54 | U117: Conforme | V117: Rafael De Carvalho Vasconcelos - 22/01/2025 16:43:57 | W117: Conforme | X117: Rafael De Carvalho Vasconcelos - 22/01/2025 16:44:00 | Y117: Conforme | Z117: Rafael De Carvalho Vasconcelos - 22/01/2025 16:44:02 | AA117: Conforme | AB117: Danilo Estanislau Pereira - 21/01/2025 10:18:15 | AC117: Conforme | AD117: Danilo Estanislau Pereira - 21/01/2025 10:18:16 | AE117: Conforme | AF117: Danilo Estanislau Pereira - 21/01/2025 10:18:16 | AG117: Conforme | AH117: Danilo Estanislau Pereira - 21/01/2025 10:18:18 | AI117: Conforme | AJ117: Danilo Estanislau Pereira - 21/01/2025 10:18:19 | AK117: Conforme | AL117: Danilo Estanislau Pereira - 21/01/2025 10:18:20 | BO117: Não | BP117: Sim | BQ117: 45730.45 | BR117: Sim | BS117: 45678.429 | BT117: Sim | BU117: 45730.45 | BV117: Comissionamento Estático | BW117: Conforme | BX117: Denis Ueslei Lopes Romero - 12/03/2025 08:53:02 | BY117: Conforme | BZ117: Denis Ueslei Lopes Romero - 12/03/2025 08:53:02 | CA117: Conforme | CB117: Denis Ueslei Lopes Romero - 12/03/2025 08:53:07 | CC117: Conforme | CD117: Gabriel Batista Cousso - 14/03/2025 14:46:29 | CE117: Conforme | CF117: Gabriel Batista Cousso - 14/03/2025 14:46:34 | CG117: Conforme | CH117: Gabriel Batista Cousso - 14/03/2025 14:46:35 | DA117: Não | DB117: Sim | DC117: 45728.37 | DD117: Sim | DE117: 45730.616 | DF117: Sim | DG117: 45730.616 | DH117: Dinâmico Frio | DI117: Conforme | DJ117: Gabriel Batista Cousso - 14/03/2025 15:07:44 | DK117: Conforme | DL117: Gabriel Batista Cousso - 14/03/2025 15:07:44 | DM117: Conforme | DN117: Gabriel Batista Cousso - 14/03/2025 15:07:46 | DO117: Conforme | DP117: Gabriel Batista Cousso - 14/03/2025 15:07:45 | EC117: Não | ED117: Sim | EE117: 45730.63 | EF117: Dinâmico Quente | EG117: Conforme | EH117: Rafael Schafaschek - 15/03/2025 13:10:12 | EI117: Conforme | EJ117: Rafael Schafaschek - 15/03/2025 13:10:11 | EK117: Conforme | EL117: Rafael Schafaschek - 15/03/2025 13:10:11 | EM117: Conforme | EN117: Rafael Schafaschek - 15/03/2025 13:10:10 | FC117: Não | FD117: Sim | FE117: 45731.549 | FF117: Partida direta - sem inversor | FH117: Sim | FI117: Feito | FJ117: 45731.549 | FK117: Rafael Schafaschek - 15/03/2025 13:10:12 | FL117: Base de Dados_Images/BC-2017.Imagem do Equipamento-.131810.jpg | FM117: Danilo Estanislau Pereira - 21/01/2025 10:17:55 | FN117: Base de Dados_Images/BC-2017.Imagem da Plaqueta do Motor-.131809.jpg | FO117: Danilo Estanislau Pereira - 21/01/2025 10:18:05 | FP117: =FL117 -> Base de Dados_Images/BC-2017.Imagem do Equipamento-.131810.jpg
A118: 10&20 - R.P.E | B118: Captador C7 | C118: Transmissor | D118: TRM-015-01 | E118: NÍVEL CAPTADOR C7 (BR) | F118: Pré-Comissionamento | G118: Conforme | H118: Gabriel Batista Cousso - 11/03/2025 11:03:17 | I118: Conforme | J118: Gabriel Batista Cousso - 11/03/2025 11:03:17 | K118: Conforme | L118: Gabriel Batista Cousso - 11/03/2025 11:03:18 | M118: Conforme | N118: Gabriel Batista Cousso - 11/03/2025 11:03:19 | BO118: Não | BP118: Sim | BQ118: 45727.461 | BR118: Sim | BS118: 45727.461 | BT118: Sim | BU118: 45727.461 | BV118: Comissionamento Estático | BW118: Conforme | BX118: Gabriel Batista Cousso - 11/03/2025 12:09:24 | BY118: Conforme | BZ118: Gabriel Batista Cousso - 11/03/2025 12:09:25 | CA118: Conforme | CB118: Gabriel Batista Cousso - 11/03/2025 12:09:25 | DA118: Não | DB118: Não Aplica | DD118: Sim | DE118: 45727.507 | DF118: Sim | DG118: 45727.507 | DH118: Dinâmico Frio | DI118: Conforme | DJ118: Rafael Schafaschek - 15/03/2025 10:12:28 | DK118: Conforme | DL118: Rafael Schafaschek - 15/03/2025 10:12:28 | EC118: Não | ED118: Sim | EE118: 45731.425 | EF118: Dinâmico Quente | EG118: Conforme | EH118: Rafael Schafaschek - 15/03/2025 13:10:32 | EI118: Conforme | EJ118: Rafael Schafaschek - 15/03/2025 13:10:32 | FC118: Não | FD118: Sim | FE118: 45731.549 | FH118: Não | FI118: Feito | FJ118: 45731.549 | FK118: Rafael Schafaschek - 15/03/2025 13:10:32 | FP118: =FL118
A119: 10&20 - R.P.E | B119: Captador C7 | C119: Transmissor | D119: STE-009-01 | E119: TEMPERATURA CAPTADOR C7 | F119: Pré-Comissionamento | G119: Conforme | H119: Gabriel Batista Cousso - 11/03/2025 11:03:23 | I119: Conforme | J119: Gabriel Batista Cousso - 11/03/2025 11:03:23 | K119: Conforme | L119: Gabriel Batista Cousso - 11/03/2025 11:03:24 | M119: Conforme | N119: Gabriel Batista Cousso - 11/03/2025 11:03:24 | BO119: Não | BP119: Sim | BQ119: 45727.461 | BR119: Sim | BS119: 45727.461 | BT119: Sim | BU119: 45727.461 | BV119: Comissionamento Estático | BW119: Conforme | BX119: Gabriel Batista Cousso - 11/03/2025 12:09:30 | BY119: Conforme | BZ119: Gabriel Batista Cousso - 11/03/2025 12:09:30 | CA119: Conforme | CB119: Gabriel Batista Cousso - 11/03/2025 12:09:31 | DA119: Não | DB119: Não Aplica | DD119: Sim | DE119: 45727.507 | DF119: Sim | DG119: 45727.507 | DH119: Dinâmico Frio | DI119: Conforme | DJ119: Rafael Schafaschek - 15/03/2025 10:12:32 | DK119: Conforme | DL119: Rafael Schafaschek - 15/03/2025 10:12:32 | EC119: Não | ED119: Sim | EE119: 45731.425 | EF119: Dinâmico Quente | EG119: Conforme | EH119: Rafael Schafaschek - 15/03/2025 13:10:36 | EI119: Conforme | EJ119: Rafael Schafaschek - 15/03/2025 13:10:36 | FC119: Não | FD119: Sim | FE119: 45731.549 | FH119: Não | FI119: Feito | FJ119: 45731.549 | FK119: Rafael Schafaschek - 15/03/2025 13:10:36 | FP119: =FL119
A120: 10&20 - R.P.E | B120: Captador C7 | C120: Captador | D120: CAPTADOR C7 | E120: CAPTADOR N°7 | F120: Pré-Comissionamento | G120: Conforme | H120: Gabriel Batista Cousso - 11/03/2025 09:16:06 | I120: Conforme | J120: Gabriel Batista Cousso - 11/03/2025 09:16:06 | K120: Conforme | L120: Gabriel Batista Cousso - 11/03/2025 09:16:07 | M120: Conforme | N120: Gabriel Batista Cousso - 11/03/2025 09:16:08 | BO120: Não | BP120: Sim | BQ120: 45727.386 | BR120: Não Aplica | BT120: Sim | BU120: 45727.386 | BV120: Comissionamento Estático | DA120: Não | DB120: Não Aplica | DD120: Não Aplica | DF120: Não Aplica | DH120: Dinâmico Frio | DI120: Conforme | DJ120: Rafael Schafaschek - 15/03/2025 10:12:13 | DK120: Conforme | DL120: Rafael Schafaschek - 15/03/2025 10:12:13 | EC120: Não | ED120: Sim | EE120: 45731.425 | EF120: Dinâmico Quente | EG120: Conforme | EH120: Rafael Schafaschek - 15/03/2025 13:10:24 | EI120: Conforme | EJ120: Rafael Schafaschek - 15/03/2025 13:10:23 | FC120: Não | FD120: Sim | FE120: 45731.549 | FH120: Não | FI120: Feito | FJ120: 45731.549 | FK120: Rafael Schafaschek - 15/03/2025 13:10:24 | FL120: Base de Dados_Images/CAPTADOR C7.Imagem do Equipamento-.193512.jpg | FM120: Eliezer Vieira Dutra - 12/03/2025 16:35:06 | FP120: =FL120 -> Base de Dados_Images/CAPTADOR C7.Imagem do Equipamento-.193512.jpg
A121: 10&20 - R.P.E | B121: Captador C7 | C121: Motor e Bomba | D121: BC-2018 | E121: BOMBA DE EMBEBICAO Nº7 | F121: Pré-Comissionamento | G121: Conforme | H121: Danilo Estanislau Pereira - 21/01/2025 10:19:15 | I121: Conforme | J121: Rafael De Carvalho Vasconcelos - 22/01/2025 16:44:52 | K121: Conforme | L121: Rafael De Carvalho Vasconcelos - 22/01/2025 16:44:54 | M121: Conforme | N121: Rafael Schafaschek - 14/03/2025 10:48:23 | O121: Conforme | P121: Rafael De Carvalho Vasconcelos - 22/01/2025 16:45:00 | Q121: Conforme | R121: Rafael De Carvalho Vasconcelos - 22/01/2025 16:45:08 | S121: Conforme | T121: Rafael De Carvalho Vasconcelos - 22/01/2025 16:45:10 | U121: Conforme | V121: Rafael De Carvalho Vasconcelos - 22/01/2025 16:45:13 | W121: Conforme | X121: Rafael De Carvalho Vasconcelos - 22/01/2025 16:45:16 | Y121: Conforme | Z121: Rafael De Carvalho Vasconcelos - 22/01/2025 16:45:20 | AA121: Conforme | AB121: Danilo Estanislau Pereira - 21/01/2025 10:19:20 | AC121: Conforme | AD121: Danilo Estanislau Pereira - 21/01/2025 10:19:21 | AE121: Conforme | AF121: Danilo Estanislau Pereira - 21/01/2025 10:19:22 | AG121: Conforme | AH121: Danilo Estanislau Pereira - 21/01/2025 10:19:23 | AI121: Conforme | AJ121: Danilo Estanislau Pereira - 21/01/2025 10:19:24 | AK121: Conforme | AL121: Danilo Estanislau Pereira - 21/01/2025 10:19:25 | BO121: Não | BP121: Sim | BQ121: 45730.45 | BR121: Sim | BS121: 45678.43 | BT121: Sim | BU121: 45730.45 | BV121: Comissionamento Estático | BW121: Conforme | BX121: Denis Ueslei Lopes Romero - 12/03/2025 08:54:09 | BY121: Conforme | BZ121: Denis Ueslei Lopes Romero - 12/03/2025 08:54:09 | CA121: Conforme | CB121: Denis Ueslei Lopes Romero - 12/03/2025 08:54:12 | CC121: Conforme | CD121: Rafael Schafaschek - 15/03/2025 10:12:19 | CE121: Conforme | CF121: Rafael Schafaschek - 15/03/2025 10:12:18 | CG121: Conforme | CH121: Rafael Schafaschek - 15/03/2025 10:12:18 | DA121: Não | DB121: Sim | DC121: 45728.371 | DD121: Sim | DE121: 45731.425 | DF121: Sim | DG121: 45731.425 | DH121: Dinâmico Frio | DI121: Conforme | DJ121: Rafael Schafaschek - 15/03/2025 10:12:23 | DK121: Conforme | DL121: Rafael Schafaschek - 15/03/2025 10:12:23 | DM121: Conforme | DN121: Rafael Schafaschek - 15/03/2025 10:12:23 | DO121: Conforme | DP121: Rafael Schafaschek - 15/03/2025 10:12:24 | EC121: Não | ED121: Sim | EE121: 45731.425 | EF121: Dinâmico Quente | EG121: Conforme | EH121: Rafael Schafaschek - 15/03/2025 13:10:28 | EI121: Conforme | EJ121: Rafael Schafaschek - 15/03/2025 13:10:28 | EK121: Conforme | EL121: Rafael Schafaschek - 15/03/2025 13:10:28 | EM121: Conforme | EN121: Rafael Schafaschek - 15/03/2025 13:10:28 | FC121: Não | FD121: Sim | FE121: 45731.549 | FF121: Partida direta - sem inversor | FH121: Sim | FI121: Feito | FJ121: 45731.549 | FK121: Rafael Schafaschek - 15/03/2025 13:10:28 | FL121: Base de Dados_Images/BC-2018.Imagem do Equipamento-.131900.jpg | FM121: Danilo Estanislau Pereira - 21/01/2025 10:18:40 | FN121: Base de Dados_Images/BC-2018.Imagem da Plaqueta do Motor-.131900.jpg | FO121: Danilo Estanislau Pereira - 21/01/2025 10:18:49 | FP121: =FL121 -> Base de Dados_Images/BC-2018.Imagem do Equipamento-.131900.jpg
...

Sheet Pendências
A1: ID | B1: Nº Pergunta [AUT] | C1: OS | D1: Área | E1: Sistema | F1: TAG | G1: Tipo | H1: Etapa | I1: Pendência: | J1: Status da Pendência | K1: Resolução: | L1: Resolução Aprovada ? | M1: Motivo de Reprovação: | N1: Resolução Após Reprova: | O1: Registrada: | P1: Andamento: | Q1: Resolvida: | R1: Aprovada: | S1: Assinatura | T1: Imagem da Pendência | U1: Imagem Após Resolução
A2: 94bc7087 | B2: BC-6516_PC_P3 | D2: 60 - Fermentação | E2: Tanque De Vinho A Centrifugar (Dorna Pulmão) | F2: BC-6516 | G2: Motor e Bomba | H2: Pré-Comissionamento | I2: (MM) Proteção da parte rotativa instalada ? = Não Conforme | J2: Resolvida | K2: Colocou a proteção | L2: Aprovada | O2: Rafael De Carvalho Vasconcelos - 10/01/2025 10:23:50 | Q2: Carolina Ladeira Freitas - 10/01/2025 10:46:33 | R2: Carolina Ladeira Freitas - 10/01/2025 10:50:35 | S2: Usuários_Images/Carolina Ladeira Freitas.Assinatura.102807.png
A3: b795b38b | B3: BC-2008_PC_P14 | D3: 10&20 - R.P.E | E3: Aquecedor 01 / Captador Cab1 | F3: BC-2008 | G3: Motor e Bomba | H3: Pré-Comissionamento | I3: (ME) Placa com dados do motor está fixada e legível ? = Não Conforme | J3: Resolvida | K3: Feito limpeza | L3: Aprovada | O3: Danilo Estanislau Pereira - 21/01/2025 09:29:44 | Q3: Rafael Schafaschek - 21/01/2025 10:56:28 | R3: Rafael Schafaschek - 21/01/2025 10:56:52 | S3: Usuários_Images/Rafael Schafaschek.Assinatura.135219.png
A5: dc390c40 | B5: BC-7001_PC_P14 | D5: 60 - Destilaria | E5: Glicol | F5: BC-7001 | G5: Motor e Bomba | H5: Pré-Comissionamento | I5: (ME) Placa com dados do motor está fixada e legível ? = Não Conforme | J5: Resolvida | K5: resolvida | L5: Aprovada | O5: Aguinaldo dos Santos Moura - 21/01/2025 15:10:04 | Q5: Rafael Schafaschek - 11/03/2025 16:47:41 | R5: Rafael Schafaschek - 12/03/2025 10:19:58 | S5: Usuários_Images/Rafael Schafaschek.Assinatura.135219.png
A6: a6fe232b | B6: BC-9204/ MO-15-12_PC_P14 | D6: 90 - Sistema de Água e Utilidades - ETA | E6: Tanque Pulmão De Água Bruta | F6: BC-9204/ MO-15-12 | G6: Motor e Bomba | H6: Pré-Comissionamento | I6: (ME) Placa com dados do motor está fixada e legível ? = Não Conforme | J6: Verificada | O6: Aguinaldo dos Santos Moura - 21/01/2025 15:32:10
A7: 53993586 | B7: BC-9219/ MO-68-12_PC_P14 | D7: 90 - Sistema de Água e Utilidades - ETA | E7: Torres De Resfriamento - Dornas E Destilaria | F7: BC-9219/ MO-68-12 | G7: Motor e Bomba | H7: Pré-Comissionamento | I7: (ME) Placa com dados do motor está fixada e legível ? = Não Conforme | J7: Verificada | O7: Aguinaldo dos Santos Moura - 21/01/2025 15:45:36
A8: 2fa4c689 | B8: BC-9219/ MO-68-12_PC_P15 | D8: 90 - Sistema de Água e Utilidades - ETA | E8: Torres De Resfriamento - Dornas E Destilaria | F8: BC-9219/ MO-68-12 | G8: Motor e Bomba | H8: Pré-Comissionamento | I8: (ME) Malha de aterramento íntegra e conectada ? = Não Conforme | J8: Resolvida | K8: Aterramento ok | L8: Aprovada | O8: Aguinaldo dos Santos Moura - 21/01/2025 15:45:41 | Q8: Rafael Schafaschek - 21/01/2025 15:56:49 | R8: Rafael Schafaschek - 21/01/2025 15:57:17 | S8: Usuários_Images/Rafael Schafaschek.Assinatura.135219.png
A10: 700ee525 | B10: AG-4004 / MT_275_10_PC_P7 | D10: 40 - Fábrica de Açúcar | E10: Cristalizadores 6,7 (Massa B) | F10: AG-4004 / MT_275_10 | G10: Agitador | H10: Pré-Comissionamento | I10: (MM) Base (redutor e motor), mancais com todos os parafusos verificados e apertados adequadamente ? = Não Conforme | J10: Resolvida | K10: Marcado errado | L10: Aprovada | O10: Ademilson Jose Saviol - 25/01/2025 09:23:47 | Q10: Rafael Schafaschek - 17/02/2025 07:54:42 | R10: Rafael Schafaschek - 17/02/2025 07:55:06 | S10: Usuários_Images/Rafael Schafaschek.Assinatura.135219.png
A12: e2eb90c8 | D12: 40 - Fábrica de Açúcar | E12: Cristalizadores 6,7 (Massa B) | F12: AG-4004 / MT_275_10 | G12: Agitador | H12: Pré-Comissionamento | I12: Falta uma porca no flange | J12: Resolvida | K12: Marcado errado | L12: Aprovada | O12: Ademilson Jose Saviol - 25/01/2025 09:25:40 | Q12: Rafael Schafaschek - 17/02/2025 07:54:57 | R12: Rafael Schafaschek - 17/02/2025 07:55:14 | S12: Usuários_Images/Rafael Schafaschek.Assinatura.135219.png | T12: Pendências_Images/e2eb90c8AG-4004 - MT_275_10.Imagem da Pendência.122705.jpg
A13: d903ada5 | B13: BC-2012_PC_P3 | D13: 10&20 - R.P.E | E13: Captador C1 | F13: BC-2012 | G13: Motor e Bomba | H13: Pré-Comissionamento | I13: (MM) Proteção da parte rotativa instalada ? = Não Conforme | J13: Resolvida | K13: resolvida | L13: Aprovada | O13: Eduardo Mendes Rodrigues - 27/01/2025 15:36:14 | P13: Denis Ueslei Lopes Romero - 11/03/2025 11:47:01 | Q13: Denis Ueslei Lopes Romero - 11/03/2025 11:47:02 | R13: Rafael Schafaschek - 14/03/2025 10:47:56 | S13: Usuários_Images/Rafael Schafaschek.Assinatura.135219.png
A14: b2940d8e | B14: BC-2012_PC_P4 | D14: 10&20 - R.P.E | E14: Captador C1 | F14: BC-2012 | G14: Motor e Bomba | H14: Pré-Comissionamento | I14: (MM) Acoplamento instalado e alinhado ? = Não Conforme | J14: Resolvida | K14: resolvida | L14: Aprovada | O14: Eduardo Mendes Rodrigues - 27/01/2025 15:36:38 | P14: Denis Ueslei Lopes Romero - 11/03/2025 11:47:09 | Q14: Denis Ueslei Lopes Romero - 11/03/2025 11:47:09 | R14: Rafael Schafaschek - 14/03/2025 10:47:59 | S14: Usuários_Images/Rafael Schafaschek.Assinatura.135219.png
A15: 1092aa6b | B15: BC-2013_PC_P4 | D15: 10&20 - R.P.E | E15: Captador C2 | F15: BC-2013 | G15: Motor e Bomba | H15: Pré-Comissionamento | I15: (MM) Acoplamento instalado e alinhado ? = Não Conforme | J15: Resolvida | K15: resolvida | L15: Aprovada | O15: Eduardo Mendes Rodrigues - 27/01/2025 15:54:22 | P15: Denis Ueslei Lopes Romero - 11/03/2025 11:49:08 | Q15: Denis Ueslei Lopes Romero - 11/03/2025 11:49:09 | R15: Rafael Schafaschek - 14/03/2025 10:48:04 | S15: Usuários_Images/Rafael Schafaschek.Assinatura.135219.png
A16: c4b9b7a8 | B16: BC-2014_PC_P4 | D16: 10&20 - R.P.E | E16: Captador C3 | F16: BC-2014 | G16: Motor e Bomba | H16: Pré-Comissionamento | I16: (MM) Acoplamento instalado e alinhado ? = Não Conforme | J16: Resolvida | K16: Resolvido | L16: Aprovada | O16: Eduardo Mendes Rodrigues - 27/01/2025 15:55:19 | P16: Gabriel Batista Cousso - 11/03/2025 09:13:34 | Q16: Gabriel Batista Cousso - 11/03/2025 09:13:35 | R16: Rafael Schafaschek - 14/03/2025 10:48:07 | S16: Usuários_Images/Rafael Schafaschek.Assinatura.135219.png
A17: ad2b89ad | B17: BC-2015_PC_P4 | D17: 10&20 - R.P.E | E17: Captador C4 | F17: BC-2015 | G17: Motor e Bomba | H17: Pré-Comissionamento | I17: (MM) Acoplamento instalado e alinhado ? = Não Conforme | J17: Resolvida | K17: resolvida | L17: Aprovada | O17: Eduardo Mendes Rodrigues - 27/01/2025 15:55:59 | P17: Denis Ueslei Lopes Romero - 11/03/2025 11:49:34 | Q17: Denis Ueslei Lopes Romero - 11/03/2025 11:49:35 | R17: Rafael Schafaschek - 14/03/2025 10:48:10 | S17: Usuários_Images/Rafael Schafaschek.Assinatura.135219.png
A18: 4798eb2f | B18: BC-2016_PC_P4 | D18: 10&20 - R.P.E | E18: Captador C5 | F18: BC-2016 | G18: Motor e Bomba | H18: Pré-Comissionamento | I18: (MM) Acoplamento instalado e alinhado ? = Não Conforme | J18: Resolvida | K18: Resolvido | L18: Aprovada | O18: Eduardo Mendes Rodrigues - 27/01/2025 15:56:25 | P18: Gabriel Batista Cousso - 11/03/2025 10:01:34 | Q18: Gabriel Batista Cousso - 11/03/2025 10:01:35 | R18: Rafael Schafaschek - 14/03/2025 10:48:12 | S18: Usuários_Images/Rafael Schafaschek.Assinatura.135219.png
A19: 32db226b | B19: BC-2021_PC_P4 | D19: 10&20 - R.P.E | E19: Captador C10 | F19: BC-2021 | G19: Motor e Bomba | H19: Pré-Comissionamento | I19: (MM) Acoplamento instalado e alinhado ? = Não Conforme | J19: Resolvida | K19: Resolvido | L19: Aprovada | O19: Eduardo Mendes Rodrigues - 27/01/2025 15:56:51 | P19: Gabriel Batista Cousso - 11/03/2025 09:14:08 | Q19: Gabriel Batista Cousso - 11/03/2025 09:14:08 | R19: Rafael Schafaschek - 14/03/2025 10:48:30 | S19: Usuários_Images/Rafael Schafaschek.Assinatura.135219.png
A20: 1d5e98a0 | B20: BC-2020_PC_P4 | D20: 10&20 - R.P.E | E20: Captador C9 | F20: BC-2020 | G20: Motor e Bomba | H20: Pré-Comissionamento | I20: (MM) Acoplamento instalado e alinhado ? = Não Conforme | J20: Resolvida | K20: Resolvido | L20: Aprovada | O20: Eduardo Mendes Rodrigues - 27/01/2025 15:57:09 | P20: Gabriel Batista Cousso - 11/03/2025 09:14:32 | Q20: Gabriel Batista Cousso - 11/03/2025 09:14:32 | R20: Rafael Schafaschek - 14/03/2025 10:48:28 | S20: Usuários_Images/Rafael Schafaschek.Assinatura.135219.png
A21: a1c76370 | B21: BC-2019_PC_P4 | D21: 10&20 - R.P.E | E21: Captador C8 | F21: BC-2019 | G21: Motor e Bomba | H21: Pré-Comissionamento | I21: (MM) Acoplamento instalado e alinhado ? = Não Conforme | J21: Resolvida | K21: Resolvido | L21: Aprovada | O21: Eduardo Mendes Rodrigues - 27/01/2025 15:57:38 | P21: Gabriel Batista Cousso - 11/03/2025 09:15:18 | Q21: Gabriel Batista Cousso - 11/03/2025 09:15:19 | R21: Rafael Schafaschek - 14/03/2025 10:48:25 | S21: Usuários_Images/Rafael Schafaschek.Assinatura.135219.png
A22: 5e5e0446 | B22: BC-2018_PC_P4 | D22: 10&20 - R.P.E | E22: Captador C7 | F22: BC-2018 | G22: Motor e Bomba | H22: Pré-Comissionamento | I22: (MM) Acoplamento instalado e alinhado ? = Não Conforme | J22: Resolvida | K22: Resolvido | L22: Aprovada | O22: Eduardo Mendes Rodrigues - 27/01/2025 15:57:51 | P22: Gabriel Batista Cousso - 11/03/2025 09:15:49 | Q22: Gabriel Batista Cousso - 11/03/2025 09:15:49 | R22: Rafael Schafaschek - 14/03/2025 10:48:22 | S22: Usuários_Images/Rafael Schafaschek.Assinatura.135219.png
A23: 114cf17d | B23: BC-2017_PC_P4 | D23: 10&20 - R.P.E | E23: Captador C6 | F23: BC-2017 | G23: Motor e Bomba | H23: Pré-Comissionamento | I23: (MM) Acoplamento instalado e alinhado ? = Não Conforme | J23: Resolvida | K23: resolvida | L23: Aprovada | O23: Eduardo Mendes Rodrigues - 27/01/2025 15:58:18 | P23: Denis Ueslei Lopes Romero - 11/03/2025 11:49:59 | Q23: Denis Ueslei Lopes Romero - 11/03/2025 11:49:59 | R23: Rafael Schafaschek - 14/03/2025 10:48:14 | S23: Usuários_Images/Rafael Schafaschek.Assinatura.135219.png
A24: 9847091f | B24: BC-2017_PC_P5 | D24: 10&20 - R.P.E | E24: Captador C6 | F24: BC-2017 | G24: Motor e Bomba | H24: Pré-Comissionamento | I24: (MM) Bomba instalada ? = Não Conforme | J24: Resolvida | K24: resolvida | L24: Aprovada | O24: Eduardo Mendes Rodrigues - 29/01/2025 07:41:23 | P24: Denis Ueslei Lopes Romero - 11/03/2025 11:50:05 | Q24: Denis Ueslei Lopes Romero - 11/03/2025 11:50:06 | R24: Rafael Schafaschek - 14/03/2025 10:48:16 | S24: Usuários_Images/Rafael Schafaschek.Assinatura.135219.png
A25: b11e4ed7 | B25: BC-2017_PC_P6 | D25: 10&20 - R.P.E | E25: Captador C6 | F25: BC-2017 | G25: Motor e Bomba | H25: Pré-Comissionamento | I25: (MM) Está acoplada ? = Não Conforme | J25: Resolvida | K25: resolvida | L25: Aprovada | O25: Eduardo Mendes Rodrigues - 29/01/2025 07:41:28 | P25: Denis Ueslei Lopes Romero - 11/03/2025 11:50:12 | Q25: Denis Ueslei Lopes Romero - 11/03/2025 11:50:13 | R25: Rafael Schafaschek - 14/03/2025 10:48:19 | S25: Usuários_Images/Rafael Schafaschek.Assinatura.135219.png
A26: e6789c70 | B26: XV-009_DF_P1 | D26: 90 - Sistema de Água e Utilidades - ETA | E26: Filtro 1A | F26: XV-009 | G26: Válvula Pneumatica | H26: Dinâmico Frio | I26: Teste de estanqueidade realizado ? = Não Conforme | J26: Resolvida | K26: marcado errado, está ok | L26: Aprovada | O26: Rafael Schafaschek - 31/01/2025 14:32:22 | Q26: Rafael Schafaschek - 31/01/2025 14:37:45 | R26: Rafael Schafaschek - 31/01/2025 14:50:00 | S26: Usuários_Images/Rafael Schafaschek.Assinatura.135219.png
A27: 31a98ced | B27: EB-7901_PC_P1 | D27: PCTS | E27: Geral | F27: EB-7901 | G27: Esteira de Borracha | H27: Pré-Comissionamento | I27: (MM) Equipamento Isento de vazamento de óleo ? = Não Conforme | J27: Verificada | O27: Ademilson Jose Saviol - 06/02/2025 16:09:25
A28: 4300525c | B28: BC-9213/ MO-14-12_PC_P3 | D28: 90 - Sistema de Água e Utilidades - ETA | E28: Torres De Resfriamento - Mosto | F28: BC-9213/ MO-14-12 | G28: Motor e Bomba | H28: Pré-Comissionamento | I28: (MM) Proteção da parte rotativa instalada ? = Não Conforme | J28: Verificada | O28: Rafael De Carvalho Vasconcelos - 07/02/2025 15:42:29
A29: dbd0133a | B29: BC-9213/ MO-14-12_PC_P4 | D29: 90 - Sistema de Água e Utilidades - ETA | E29: Torres De Resfriamento - Mosto | F29: BC-9213/ MO-14-12 | G29: Motor e Bomba | H29: Pré-Comissionamento | I29: (MM) Acoplamento instalado e alinhado ? = Não Conforme | J29: Verificada | O29: Rafael De Carvalho Vasconcelos - 07/02/2025 15:42:37
A30: 2b4386cd | B30: BC-9213/ MO-14-12_PC_P6 | D30: 90 - Sistema de Água e Utilidades - ETA | E30: Torres De Resfriamento - Mosto | F30: BC-9213/ MO-14-12 | G30: Motor e Bomba | H30: Pré-Comissionamento | I30: (MM) Está acoplada ? = Não Conforme | J30: Verificada | O30: Rafael De Carvalho Vasconcelos - 07/02/2025 15:43:25
A31: efc852a5 | B31: BC-9213/ MO-14-12_PC_P7 | D31: 90 - Sistema de Água e Utilidades - ETA | E31: Torres De Resfriamento - Mosto | F31: BC-9213/ MO-14-12 | G31: Motor e Bomba | H31: Pré-Comissionamento | I31: (MM) Está alinhada ? = Não Conforme | J31: Verificada | O31: Rafael De Carvalho Vasconcelos - 07/02/2025 15:43:31
A32: 5a9680f3 | B32: TQ4021_PC_P4 | D32: 40 - Fábrica de Açúcar | E32: Secador De Açúcar | F32: TQ4021 | G32: Tanque | H32: Pré-Comissionamento | I32: (MM) Lacres de controle das bocas de visita instalados e integros ? (Somente para vasos de pressão) = Não Conforme | J32: Resolvida | K32: Não se aplica | L32: Aprovada | O32: Luis Antonio Batista - 13/02/2025 10:04:48 | Q32: Rafael Schafaschek - 14/02/2025 08:08:30 | R32: Rafael Schafaschek - 14/02/2025 08:08:56 | S32: Usuários_Images/Rafael Schafaschek.Assinatura.135219.png
A33: f76ca8c4 | B33: TQ4021_PC_P3 | D33: 40 - Fábrica de Açúcar | E33: Secador De Açúcar | F33: TQ4021 | G33: Tanque | H33: Pré-Comissionamento | I33: (MM) Placas de espaço confinado instaladas ? = Não Conforme | J33: Resolvida | K33: Resolvido | L33: Aprovada | O33: Luis Antonio Batista - 13/02/2025 10:04:52 | Q33: Rafael Schafaschek - 14/02/2025 08:08:14 | R33: Rafael Schafaschek - 14/02/2025 08:09:01 | S33: Usuários_Images/Rafael Schafaschek.Assinatura.135219.png
A34: 86c7ea84 | B34: MT_265_10_PC_P1 | D34: 40 - Fábrica de Açúcar | E34: Tanque De Condensado | F34: MT_265_10 | G34: Motor e Bomba | H34: Pré-Comissionamento | I34: (ME) Motor instalado ? = Não Conforme | J34: Resolvida | K34: resolvida | L34: Aprovada | O34: Luis Antonio Batista - 21/02/2025 09:47:44 | P34: Leonildo Nogueira Araujo - 14/03/2025 10:22:40 | Q34: Leonildo Nogueira Araujo - 14/03/2025 10:22:40 | R34: Rafael Schafaschek - 14/03/2025 10:51:32 | S34: Usuários_Images/Rafael Schafaschek.Assinatura.135219.png
A35: 7040d820 | B35: MT_265_10_PC_P2 | D35: 40 - Fábrica de Açúcar | E35: Tanque De Condensado | F35: MT_265_10 | G35: Motor e Bomba | H35: Pré-Comissionamento | I35: (MM) Nível de óleo adequado ? = Não Conforme | J35: Resolvida | K35: resolvida | L35: Aprovada | O35: Luis Antonio Batista - 21/02/2025 09:47:47 | P35: Leonildo Nogueira Araujo - 14/03/2025 10:22:44 | Q35: Leonildo Nogueira Araujo - 14/03/2025 10:22:45 | R35: Rafael Schafaschek - 14/03/2025 10:51:34 | S35: Usuários_Images/Rafael Schafaschek.Assinatura.135219.png
A36: d9e09915 | B36: MT_265_10_PC_P3 | D36: 40 - Fábrica de Açúcar | E36: Tanque De Condensado | F36: MT_265_10 | G36: Motor e Bomba | H36: Pré-Comissionamento | I36: (MM) Proteção da parte rotativa instalada ? = Não Conforme | J36: Resolvida | K36: resolvida | L36: Aprovada | O36: Luis Antonio Batista - 21/02/2025 09:47:52 | P36: Leonildo Nogueira Araujo - 14/03/2025 10:22:49 | Q36: Leonildo Nogueira Araujo - 14/03/2025 10:22:49 | R36: Rafael Schafaschek - 14/03/2025 10:51:37 | S36: Usuários_Images/Rafael Schafaschek.Assinatura.135219.png
