Workbook

Sheet Base de Dados
A1: Área | B1: Sistema | C1: Tipo | D1: TAG | E1: Descrição | F1: (PC) Etapa | G1: (PC) Pergunta 01 | H1: (PC) Pergunta 01 [Monitoramento] | I1: (PC) Pergunta 02 | J1: (PC) Pergunta 02 [Monitoramento] | K1: (PC) Pergunta 03 | L1: (PC) Pergunta 03 [Monitoramento] | M1: (PC) Pergunta 04 | N1: (PC) Pergunta 04 [Monitoramento] | O1: (PC) Pergunta 05 | P1: (PC) Pergunta 05 [Monitoramento] | Q1: (PC) Pergunta 06 | R1: (PC) Pergunta 06 [Monitoramento] | S1: (PC) Pergunta 07 | T1: (PC) Pergunta 07 [Monitoramento] | U1: (PC) Pergunta 08 | V1: (PC) Pergunta 08 [Monitoramento] | W1: (PC) Pergunta 09 | X1: (PC) Pergunta 09 [Monitoramento] | Y1: (PC) Pergunta 10 | Z1: (PC) Pergunta 10 [Monitoramento] | AA1: (PC) Pergunta 11 | AB1: (PC) Pergunta 11 [Monitoramento] | AC1: (PC) Pergunta 12 | AD1: (PC) Pergunta 12 [Monitoramento] | AE1: (PC) Pergunta 13 | AF1: (PC) Pergunta 13 [Monitoramento] | AG1: (PC) Pergunta 14 | AH1: (PC) Pergunta 14 [Monitoramento] | AI1: (PC) Pergunta 15 | AJ1: (PC) Pergunta 15 [Monitoramento] | AK1: (PC) Pergunta 16 | AL1: (PC) Pergunta 16 [Monitoramento] | AM1: (PC) Pergunta 17 | AN1: (PC) Pergunta 17 [Monitoramento] | AO1: (PC) Pergunta 18 | AP1: (PC) Pergunta 18 [Monitoramento] | AQ1: (PC) Pergunta 19 | AR1: (PC) Pergunta 19 [Monitoramento] | AS1: (PC) Pergunta 20 | AT1: (PC) Pergunta 20 [Monitoramento] | AU1: (PC) Pergunta 21 | AV1: (PC) Pergunta 21 [Monitoramento] | AW1: (PC) Pergunta 22 | AX1: (PC) Pergunta 22 [Monitoramento] | AY1: (PC) Pergunta 23 | AZ1: (PC) Pergunta 23 [Monitoramento] | BA1: (PC) Pergunta 24 | BB1: (PC) Pergunta 24 [Monitoramento] | BC1: (PC) Pergunta 25 | BD1: (PC) Pergunta 25 [Monitoramento] | BE1: (PC) Pergunta 26 | BF1: (PC) Pergunta 26 [Monitoramento] | BG1: (PC) Pergunta 27 | BH1: (PC) Pergunta 27 [Monitoramento] | BI1: (PC) Pergunta 28 | BJ1: (PC) Pergunta 28 [Monitoramento] | BK1: (PC) Pergunta 29 | BL1: (PC) Pergunta 29 [Monitoramento] | BM1: (PC) Pergunta 30 | BN1: (PC) Pergunta 30 [Monitoramento] | BO1: (PC) Pergunta 31 | BP1: (PC) Pergunta 31 [Monitoramento] | BQ1: (PC) Pergunta 32 | BR1: (PC) Pergunta 32 [Monitoramento] | BS1: (PC) Não Conformidade ? (Físico) | BT1: (PC) Status Mecânica (Físico) | BU1: (PC) Mecânica Concluída: | BV1: (PC) Status Elétrica (Físico) | BW1: (PC) Elétrica Concluída: | BX1: (PC) Status Checklist (Físico) | BY1: (PC) Checklist Concluído: | BZ1: (CE) Etapa | CA1: (CE) Pergunta 01 | CB1: (CE) Pergunta 01 [Monitoramento] | CC1: (CE) Pergunta 02 | CD1: (CE) Pergunta 02 [Monitoramento] | CE1: (CE) Pergunta 03 | CF1: (CE) Pergunta 03 [Monitoramento] | CG1: (CE) Pergunta 04 | CH1: (CE) Pergunta 04 [Monitoramento] | CI1: (CE) Pergunta 05 | CJ1: (CE) Pergunta 05 [Monitoramento] | CK1: (CE) Pergunta 06 | CL1: (CE) Pergunta 06 [Monitoramento] | CM1: (CE) Pergunta 07 | CN1: (CE) Pergunta 07 [Monitoramento] | CO1: (CE) Pergunta 08 | CP1: (CE) Pergunta 08 [Monitoramento] | CQ1: (CE) Pergunta 09 | CR1: (CE) Pergunta 09 [Monitoramento] | CS1: (CE) Pergunta 10 | CT1: (CE) Pergunta 10 [Monitoramento] | CU1: (CE) Pergunta 11 | CV1: (CE) Pergunta 11 [Monitoramento] | CW1: (CE) Pergunta 12 | CX1: (CE) Pergunta 12 [Monitoramento] | CY1: (CE) Pergunta 13 | CZ1: (CE) Pergunta 13 [Monitoramento] | DA1: (CE) Pergunta 14 | DB1: (CE) Pergunta 14 [Monitoramento] | DC1: (CE) Pergunta 15 | DD1: (CE) Pergunta 15 [Monitoramento] | DE1: (CE) Não Conformidade ? (Físico) | DF1: (CE) Status Mecânica (Físico) | DG1: (CE) Mecânica Concluída: | DH1: (CE) Status Elétrica (Físico) | DI1: (CE) Elétrica Concluída: | DJ1: (CE) Status Checklist (Físico) | DK1: (CE) Checklist Concluído: | DL1: (DF) Etapa | DM1: (DF) Pergunta 01 | DN1: (DF) Pergunta 01 [Monitoramento] | DO1: (DF) Pergunta 02 | DP1: (DF) Pergunta 02 [Monitoramento] | DQ1: (DF) Pergunta 03 | DR1: (DF) Pergunta 03 [Monitoramento] | DS1: (DF) Pergunta 04 | DT1: (DF) Pergunta 04 [Monitoramento] | DU1: (DF) Pergunta 05 | DV1: (DF) Pergunta 05 [Monitoramento] | DW1: (DF) Pergunta 06 | DX1: (DF) Pergunta 06 [Monitoramento] | DY1: (DF) Pergunta 07 | DZ1: (DF) Pergunta 07 [Monitoramento] | EA1: (DF) Pergunta 08 | EB1: (DF) Pergunta 08 [Monitoramento] | EC1: (DF) Pergunta 09 | ED1: (DF) Pergunta 09 [Monitoramento] | EE1: (DF) Pergunta 10 | EF1: (DF) Pergunta 10 [Monitoramento] | EG1: (DF) Pergunta 11 | EH1: (DF) Pergunta 11 [Monitoramento] | EI1: (DF) Não Conformidade ? (Físico) | EJ1: (DF) Status Checklist (Físico) | EK1: (DF) Checklist Concluído: | EL1: (DQ) Etapa | EM1: (DQ) Pergunta 01 | EN1: (DQ) Pergunta 01 [Monitoramento] | EO1: (DQ) Pergunta 02 | EP1: (DQ) Pergunta 02 [Monitoramento] | EQ1: (DQ) Pergunta 03 | ER1: (DQ) Pergunta 03 [Monitoramento] | ES1: (DQ) Pergunta 04 | ET1: (DQ) Pergunta 04 [Monitoramento] | EU1: (DQ) Pergunta 05 | EV1: (DQ) Pergunta 05 [Monitoramento] | EW1: (DQ) Pergunta 06 | EX1: (DQ) Pergunta 06 [Monitoramento] | EY1: (DQ) Pergunta 07 | EZ1: (DQ) Pergunta 07 [Monitoramento] | FA1: (DQ) Pergunta 08 | FB1: (DQ) Pergunta 08 [Monitoramento] | FC1: (DQ) Pergunta 09 | FD1: (DQ) Pergunta 09 [Monitoramento] | FE1: (DQ) Pergunta 10 | FF1: (DQ) Pergunta 10 [Monitoramento] | FG1: (DQ) Pergunta 11 | FH1: (DQ) Pergunta 11 [Monitoramento] | FI1: (DQ) Não Conformidade ? (Físico) | FJ1: (DQ) Status Checklist (Físico) | FK1: (DQ) Checklist Concluído: | FL1: Observação: | FM1: Observação Registrada em: | FN1: Status do Questionário (Físico) | FO1: Status do Questionário Concluído: | FP1: Última atualização: | FQ1: Imagem do Equipamento: | FR1: Imagem do Equipamento Registrada em: | FS1: Imagem da Plaqueta do Motor: | FT1: Imagem da Plaqueta do Motor Registrada em: | FU1: Imagem (Display) | FV1: Imagem Indisponível | FW1: Imagem Indisponível [Monitoramento]
A2: 10&20 - R.P.E | B2: Caldo Prensado | C2: Motor e Bomba | D2: BC-2022 | E2: Bomba Nº1 De Caldo Prensado | F2: Pré-Comissionamento | G2: Conforme | H2: Wesley Soares - 28/01/2026 07:45:45 | I2: Conforme | J2: Bruno Borges - 27/01/2026 11:03:55 | K2: Conforme | L2: Bruno Borges - 27/01/2026 11:03:57 | M2: Conforme | N2: Bruno Borges - 27/01/2026 11:03:59 | O2: Conforme | P2: Bruno Borges - 27/01/2026 11:04:01 | Q2: Conforme | R2: Bruno Borges - 27/01/2026 11:04:03 | S2: Conforme | T2: Bruno Borges - 27/01/2026 11:04:21 | U2: Conforme | V2: Bruno Borges - 10/03/2026 09:48:34 | W2: Conforme | X2: Bruno Borges - 27/01/2026 11:05:02 | Y2: Não Aplicável | Z2: Bruno Borges - 27/01/2026 11:05:05 | AA2: Conforme | AB2: Wesley Soares - 27/01/2026 08:18:11 | AC2: Conforme | AD2: Wesley Soares - 27/01/2026 08:18:19 | AE2: Conforme | AF2: Wesley Soares - 27/01/2026 08:18:24 | AG2: Conforme | AH2: Wesley Soares - 27/01/2026 08:18:28 | AI2: Conforme | AJ2: Wesley Soares - 27/01/2026 08:18:49 | AK2: Conforme | AL2: Wesley Soares - 27/01/2026 08:18:58 | AM2: Não Aplicável | AN2: Bruno Borges - 27/01/2026 10:55:30 | AO2: Não Aplicável | AP2: Bruno Borges - 27/01/2026 10:55:30 | BS2: Não | BT2: Sim | BU2: 46091.409 | BV2: Sim | BW2: 46050.323 | BX2: Sim | BY2: 46091.409 | BZ2: Comissionamento Estático | CA2: Conforme | CB2: Bruno Borges - 10/03/2026 09:48:39 | CC2: Conforme | CD2: Bruno Borges - 10/03/2026 09:48:40 | CE2: Conforme | CF2: Bruno Borges - 10/03/2026 09:48:41 | CG2: Conforme | CH2: Wesley Soares - 16/03/2026 08:32:47 | CI2: Conforme | CJ2: Wesley Soares - 16/03/2026 08:32:49 | CK2: Não Aplicável | CL2: Glaucia Massuia - 16/03/2026 14:31:01 | DE2: Não | DF2: Sim | DG2: 46091.409 | DH2: Sim | DI2: 46097.605 | DJ2: Sim | DK2: 46097.605 | DL2: Dinâmico Frio | DM2: Conforme | DN2: Marcelo Pagioro - 23/03/2026 07:36:23 | DO2: Conforme | DP2: Marcelo Pagioro - 23/03/2026 07:36:25 | DQ2: Conforme | DR2: Marcelo Pagioro - 23/03/2026 07:36:27 | DS2: Conforme | DT2: Marcelo Pagioro - 23/03/2026 07:36:29 | EI2: Não | EJ2: Sim | EK2: 46104.317 | EL2: Dinâmico Quente | EM2: Conforme | EN2: Marcelo Pagioro - 23/03/2026 13:00:31 | EO2: Conforme | EP2: Marcelo Pagioro - 23/03/2026 13:00:32 | EQ2: Conforme | ER2: Marcelo Pagioro - 23/03/2026 13:00:35 | ES2: Conforme | ET2: Marcelo Pagioro - 23/03/2026 13:00:36 | FI2: Não | FJ2: Sim | FK2: 46104.542 | FN2: Feito | FO2: 46104.542 | FP2: Marcelo Pagioro - 23/03/2026 13:00:36 | FQ2: Base de Dados_Images/BC-2022.Imagem do Equipamento-.130419.jpg | FR2: Humberto Luiz - 22/01/2026 10:04:14 | FS2: Base de Dados_Images/BC-2022.Imagem da Plaqueta do Motor-.130500.jpg | FT2: Humberto Luiz - 22/01/2026 10:04:55 | FU2: =FQ2 -> Base de Dados_Images/BC-2022.Imagem do Equipamento-.130419.jpg
A3: 10&20 - R.P.E | B3: Caldo Prensado | C3: Motor e Bomba | D3: BC-2023 | E3: Bomba Nº2 De Caldo Prensado | F3: Pré-Comissionamento | G3: Conforme | H3: Wesley Soares - 28/01/2026 07:45:14 | I3: Conforme | J3: Marcelo Pagioro - 23/03/2026 07:36:43 | K3: Conforme | L3: Marcelo Pagioro - 23/03/2026 07:36:45 | M3: Conforme | N3: Marcelo Pagioro - 23/03/2026 07:36:46 | O3: Conforme | P3: Marcelo Pagioro - 23/03/2026 07:36:49 | Q3: Conforme | R3: Marcelo Pagioro - 23/03/2026 07:36:50 | S3: Conforme | T3: Marcelo Pagioro - 23/03/2026 07:36:52 | U3: Conforme | V3: Marcelo Pagioro - 23/03/2026 07:36:55 | W3: Conforme | X3: Marcelo Pagioro - 23/03/2026 07:36:56 | Y3: Conforme | Z3: Marcelo Pagioro - 23/03/2026 07:36:59 | AA3: Conforme | AB3: Wesley Soares - 27/01/2026 08:25:31 | AC3: Conforme | AD3: Wesley Soares - 27/01/2026 08:25:34 | AE3: Conforme | AF3: Wesley Soares - 27/01/2026 08:25:38 | AG3: Conforme | AH3: Wesley Soares - 27/01/2026 08:25:42 | AI3: Conforme | AJ3: Wesley Soares - 27/01/2026 08:25:45 | AK3: Conforme | AL3: Wesley Soares - 28/01/2026 07:44:46 | AM3: Não Aplicável | AN3: Marcelo Pagioro - 23/03/2026 07:37:08 | AO3: Não Aplicável | AP3: Marcelo Pagioro - 23/03/2026 07:37:11 | BS3: Não | BT3: Sim | BU3: 46104.317 | BV3: Sim | BW3: 46050.323 | BX3: Sim | BY3: 46104.317 | BZ3: Comissionamento Estático | CA3: Conforme | CB3: Marcelo Pagioro - 23/03/2026 07:37:18 | CC3: Conforme | CD3: Marcelo Pagioro - 23/03/2026 07:37:19 | CE3: Conforme | CF3: Marcelo Pagioro - 23/03/2026 07:37:21 | CG3: Conforme | CH3: Marcelo Pagioro - 23/03/2026 07:37:22 | CI3: Conforme | CJ3: Marcelo Pagioro - 23/03/2026 07:37:24 | CK3: Conforme | CL3: Marcelo Pagioro - 23/03/2026 07:37:27 | DE3: Não | DF3: Sim | DG3: 46104.318 | DH3: Sim | DI3: 46104.318 | DJ3: Sim | DK3: 46104.318 | DL3: Dinâmico Frio | DM3: Conforme | DN3: Marcelo Pagioro - 23/03/2026 07:37:34 | DO3: Conforme | DP3: Marcelo Pagioro - 23/03/2026 07:37:35 | DQ3: Conforme | DR3: Marcelo Pagioro - 23/03/2026 07:37:37 | DS3: Conforme | DT3: Marcelo Pagioro - 23/03/2026 07:37:39 | EI3: Não | EJ3: Sim | EK3: 46104.318 | EL3: Dinâmico Quente | EM3: Conforme | EN3: Marcelo Pagioro - 23/03/2026 13:00:48 | EO3: Conforme | EP3: Marcelo Pagioro - 23/03/2026 13:00:56 | EQ3: Conforme | ER3: Marcelo Pagioro - 23/03/2026 13:00:59 | ES3: Conforme | ET3: Marcelo Pagioro - 23/03/2026 13:01:02 | FI3: Não | FJ3: Sim | FK3: 46104.542 | FN3: Feito | FO3: 46104.542 | FP3: Marcelo Pagioro - 23/03/2026 13:01:02 | FQ3: Base de Dados_Images/BC-2023.Imagem do Equipamento-.112503.jpg | FR3: Wesley Soares - 27/01/2026 08:25:06 | FS3: Base de Dados_Images/BC-2023.Imagem da Plaqueta do Motor-.112503.jpg | FT3: Wesley Soares - 27/01/2026 08:25:06 | FU3: =FQ3 -> Base de Dados_Images/BC-2023.Imagem do Equipamento-.112503.jpg
A4: 10&20 - R.P.E | B4: Caldo Prensado | C4: Tanque | D4: TQ-2002 | E4: Tanque De Caldo Prensado | F4: Pré-Comissionamento | G4: Conforme | H4: Bruno Borges - 29/01/2026 08:30:50 | I4: Conforme | J4: Bruno Borges - 29/01/2026 08:30:52 | K4: Conforme | L4: Bruno Borges - 29/01/2026 08:30:54 | M4: Conforme | N4: Bruno Borges - 29/01/2026 08:30:56 | O4: Conforme | P4: Bruno Borges - 29/01/2026 08:30:59 | Q4: Conforme | R4: Bruno Borges - 29/01/2026 08:31:00 | S4: Conforme | T4: Bruno Borges - 29/01/2026 08:31:02 | U4: Não Aplicável | V4: Bruno Borges - 29/01/2026 08:40:27 | W4: Não Aplicável | X4: Bruno Borges - 29/01/2026 08:40:30 | BS4: Não | BT4: Sim | BU4: 46051.355 | BV4: Sim | BW4: 46051.361 | BX4: Sim | BY4: 46051.361 | BZ4: Comissionamento Estático | DE4: Não | DF4: Não Aplica | DH4: Não Aplica | DJ4: Não Aplica | DL4: Dinâmico Frio | DM4: Conforme | DN4: Marcelo Pagioro - 23/03/2026 07:37:48 | DO4: Conforme | DP4: Marcelo Pagioro - 23/03/2026 07:37:49 | EI4: Não | EJ4: Sim | EK4: 46104.318 | EL4: Dinâmico Quente | EM4: Conforme | EN4: Marcelo Pagioro - 23/03/2026 13:01:11 | EO4: Conforme | EP4: Marcelo Pagioro - 23/03/2026 13:01:12 | EQ4: Não Aplicável | ER4: Marcelo Pagioro - 23/03/2026 13:01:25 | ES4: Conforme | ET4: Marcelo Pagioro - 23/03/2026 13:01:29 | FI4: Não | FJ4: Sim | FK4: 46104.543 | FN4: Feito | FO4: 46104.543 | FP4: Marcelo Pagioro - 23/03/2026 13:01:29 | FQ4: Base de Dados_Images/TQ-2002.Imagem do Equipamento-.153725.jpg | FR4: Humberto Luiz - 22/01/2026 12:37:11 | FU4: =FQ4 -> Base de Dados_Images/TQ-2002.Imagem do Equipamento-.153725.jpg
A5: 10&20 - R.P.E | B5: Caldo Prensado | C5: Transmissor | D5: LIT-2023 | E5: Transmissor De Nível Do Tanque De Caldo Prensado | F5: Pré-Comissionamento | G5: Conforme | H5: Bruno Borges - 13/03/2026 12:52:01 | I5: Conforme | J5: Marcos Domingues - 28/02/2026 20:03:44 | K5: Conforme | L5: Marcos Domingues - 28/02/2026 20:03:49 | M5: Conforme | N5: Marcos Domingues - 28/02/2026 20:03:51 | BS5: Não | BT5: Sim | BU5: 46094.536 | BV5: Sim | BW5: 46081.836 | BX5: Sim | BY5: 46094.536 | BZ5: Comissionamento Estático | CA5: Conforme | CB5: Wesley Soares - 16/03/2026 08:34:10 | CC5: Conforme | CD5: Wesley Soares - 16/03/2026 08:34:13 | CE5: Conforme | CF5: Wesley Soares - 16/03/2026 08:34:15 | DE5: Não | DF5: Não Aplica | DH5: Sim | DI5: 46097.357 | DJ5: Sim | DK5: 46097.357 | DL5: Dinâmico Frio | DM5: Conforme | DN5: Marcelo Pagioro - 23/03/2026 07:37:59 | DO5: Conforme | DP5: Marcelo Pagioro - 23/03/2026 07:38:03 | EI5: Não | EJ5: Sim | EK5: 46104.318 | EL5: Dinâmico Quente | EM5: Conforme | EN5: Glaucia Massuia - 23/03/2026 13:02:15 | EO5: Conforme | EP5: Glaucia Massuia - 23/03/2026 13:02:17 | FI5: Não | FJ5: Sim | FK5: 46104.543 | FN5: Feito | FO5: 46104.543 | FP5: Glaucia Massuia - 23/03/2026 13:02:17 | FQ5: Base de Dados_Images/LIT-2023.Imagem do Equipamento-.085426.jpg | FR5: Marcos Domingues - 01/03/2026 05:54:20 | FU5: =FQ5 -> Base de Dados_Images/LIT-2023.Imagem do Equipamento-.085426.jpg
A6: 10&20 - R.P.E | B6: Desaguador | C6: Esteira Metálica | D6: EA-2001 | E6: Esteira Metálica Do Terno Desaguador | F6: Pré-Comissionamento | G6: Conforme | H6: Bruno Borges - 13/03/2026 12:53:13 | I6: Conforme | J6: Bruno Borges - 13/03/2026 12:53:16 | K6: Conforme | L6: Bruno Borges - 13/03/2026 12:53:18 | M6: Conforme | N6: Bruno Borges - 13/03/2026 12:53:19 | O6: Conforme | P6: Bruno Borges - 13/03/2026 12:53:21 | Q6: Conforme | R6: Bruno Borges - 13/03/2026 12:53:23 | S6: Conforme | T6: Bruno Borges - 13/03/2026 12:53:25 | U6: Conforme | V6: Bruno Borges - 13/03/2026 12:53:34 | W6: Conforme | X6: Bruno Borges - 13/03/2026 12:53:36 | Y6: Conforme | Z6: Bruno Borges - 13/03/2026 12:53:38 | AA6: Conforme | AB6: Bruno Borges - 13/03/2026 12:53:40 | AC6: Conforme | AD6: Bruno Borges - 13/03/2026 12:53:48 | AE6: Conforme | AF6: Bruno Borges - 13/03/2026 12:53:50 | AG6: Conforme | AH6: Bruno Borges - 13/03/2026 12:53:51 | AI6: Conforme | AJ6: Marcos Domingues - 13/03/2026 09:45:27 | AK6: Conforme | AL6: Marcos Domingues - 13/03/2026 09:45:27 | AM6: Conforme | AN6: Marcos Domingues - 13/03/2026 09:45:28 | AO6: Conforme | AP6: Marcos Domingues - 13/03/2026 09:45:31 | AQ6: Conforme | AR6: Marcos Domingues - 13/03/2026 09:45:30 | AS6: Conforme | AT6: Marcos Domingues - 13/03/2026 09:45:32 | AU6: Conforme | AV6: Júlio Cezar Alves Santana - 18/03/2026 10:35:20 | AW6: Conforme | AX6: Júlio Cezar Alves Santana - 18/03/2026 10:35:45 | AY6: Conforme | AZ6: Júlio Cezar Alves Santana - 18/03/2026 10:35:47 | BA6: Conforme | BB6: Júlio Cezar Alves Santana - 18/03/2026 10:35:50 | BC6: Não Aplicável | BD6: Júlio Cezar Alves Santana - 18/03/2026 10:37:06 | BE6: Conforme | BF6: Júlio Cezar Alves Santana - 18/03/2026 10:37:10 | BG6: Conforme | BH6: Júlio Cezar Alves Santana - 18/03/2026 10:37:11 | BI6: Conforme | BJ6: Júlio Cezar Alves Santana - 18/03/2026 10:37:14 | BK6: Não Aplicável | BL6: Júlio Cezar Alves Santana - 18/03/2026 10:37:17 | BM6: Conforme | BN6: Júlio Cezar Alves Santana - 18/03/2026 10:37:20 | BO6: Conforme | BP6: Júlio Cezar Alves Santana - 18/03/2026 10:37:23 | BS6: Não | BT6: Sim | BU6: 46094.537 | BV6: Sim | BW6: 46094.407 | BX6: Sim | BY6: 46099.443 | BZ6: Comissionamento Estático | CA6: Conforme | CB6: Bruno Borges - 13/03/2026 12:54:07 | CC6: Conforme | CD6: Wesley Soares - 16/03/2026 08:35:00 | CE6: Conforme | CF6: Wesley Soares - 16/03/2026 08:35:02 | CG6: Conforme | CH6: Wesley Soares - 16/03/2026 08:35:13 | DE6: Não | DF6: Sim | DG6: 46094.538 | DH6: Sim | DI6: 46097.358 | DJ6: Sim | DK6: 46097.358 | DL6: Dinâmico Frio | DM6: Conforme | DN6: Wesley Soares - 16/03/2026 08:35:20 | DO6: Conforme | DP6: Wesley Soares - 16/03/2026 08:35:21 | DQ6: Conforme | DR6: Humberto Luiz - 17/03/2026 09:00:31 | DS6: Conforme | DT6: Wesley Soares - 16/03/2026 08:35:34 | DU6: Não Aplicável | DV6: Humberto Luiz - 17/03/2026 08:51:47 | DW6: Conforme | DX6: Wesley Soares - 16/03/2026 08:35:46 | DY6: Não Aplicável | DZ6: Júlio Cezar Alves Santana - 19/03/2026 07:17:14 | EA6: Não Aplicável | EB6: Júlio Cezar Alves Santana - 19/03/2026 07:17:16 | EI6: Não | EJ6: Sim | EK6: 46100.304 | EL6: Dinâmico Quente | EM6: Conforme | EN6: Marcelo Pagioro - 23/03/2026 10:52:03 | EO6: Conforme | EP6: Marcelo Pagioro - 23/03/2026 10:52:04 | EQ6: Conforme | ER6: Marcelo Pagioro - 23/03/2026 10:52:06 | FI6: Não | FJ6: Sim | FK6: 46104.453 | FN6: Feito | FO6: 46104.453 | FP6: Marcelo Pagioro - 23/03/2026 10:52:06 | FQ6: Base de Dados_Images/EA-2001.Imagem do Equipamento-.124005.jpg | FR6: Marcos Domingues - 13/03/2026 09:39:58 | FU6: =FQ6 -> Base de Dados_Images/EA-2001.Imagem do Equipamento-.124005.jpg
A7: 10&20 - R.P.E | B7: Desaguador | C7: Motor e Bomba | D7: MO-045-01 | E7: Bomba Sistema Hidraulico Do Terno Desaguador | F7: Pré-Comissionamento | G7: Conforme | H7: Wesley Soares - 27/01/2026 08:29:50 | I7: Conforme | J7: Bruno Borges - 27/01/2026 10:49:02 | K7: Conforme | L7: Bruno Borges - 27/01/2026 10:49:04 | M7: Conforme | N7: Bruno Borges - 27/01/2026 10:49:06 | O7: Conforme | P7: Bruno Borges - 27/01/2026 10:49:08 | Q7: Conforme | R7: Bruno Borges - 27/01/2026 10:49:10 | S7: Conforme | T7: Bruno Borges - 27/01/2026 10:49:12 | U7: Conforme | V7: Bruno Borges - 27/01/2026 10:49:16 | W7: Conforme | X7: Bruno Borges - 27/01/2026 10:49:37 | Y7: Não Aplicável | Z7: Bruno Borges - 27/01/2026 10:49:34 | AA7: Conforme | AB7: Wesley Soares - 27/01/2026 08:30:00 | AC7: Conforme | AD7: Wesley Soares - 27/01/2026 08:30:02 | AE7: Conforme | AF7: Wesley Soares - 27/01/2026 08:30:04 | AG7: Conforme | AH7: Wesley Soares - 27/01/2026 08:30:12 | AI7: Conforme | AJ7: Wesley Soares - 27/01/2026 08:53:37 | AK7: Conforme | AL7: Wesley Soares - 27/01/2026 08:41:58 | AM7: Não Aplicável | AN7: Luiz Augusto - 03/02/2026 11:53:32 | AO7: Não Aplicável | AP7: Luiz Augusto - 03/02/2026 11:57:15 | BS7: Não | BT7: Sim | BU7: 46049.451 | BV7: Sim | BW7: 46049.371 | BX7: Sim | BY7: 46056.498 | BZ7: Comissionamento Estático | CA7: Conforme | CB7: Bruno Borges - 10/03/2026 09:48:56 | CC7: Não Aplicável | CD7: Alexandre Fernandes - 19/02/2026 08:49:38 | CE7: Não Aplicável | CF7: Alexandre Fernandes - 19/02/2026 08:51:39 | CG7: Não Aplicável | CH7: Wesley Soares - 19/02/2026 16:27:22 | CI7: Conforme | CJ7: Wesley Soares - 19/02/2026 16:27:28 | CK7: Não Aplicável | CL7: Wesley Soares - 19/02/2026 16:27:43 | DE7: Não | DF7: Sim | DG7: 46091.409 | DH7: Sim | DI7: 46072.686 | DJ7: Sim | DK7: 46091.409 | DL7: Dinâmico Frio | DM7: Conforme | DN7: Wesley Soares - 16/03/2026 08:36:56 | DO7: Conforme | DP7: Wesley Soares - 16/03/2026 08:36:58 | DQ7: Conforme | DR7: Wesley Soares - 16/03/2026 08:37:00 | DS7: Conforme | DT7: Wesley Soares - 16/03/2026 08:37:02 | EI7: Não | EJ7: Sim | EK7: 46097.359 | EL7: Dinâmico Quente | EM7: Conforme | EN7: Glaucia Massuia - 23/03/2026 10:57:27 | EO7: Conforme | EP7: Marcelo Pagioro - 23/03/2026 10:52:49 | EQ7: Conforme | ER7: Marcelo Pagioro - 23/03/2026 10:52:50 | ES7: Conforme | ET7: Marcelo Pagioro - 23/03/2026 10:52:53 | FI7: Não | FJ7: Sim | FK7: 46104.457 | FN7: Feito | FO7: 46104.457 | FP7: Glaucia Massuia - 23/03/2026 10:57:27 | FQ7: Base de Dados_Images/MO-045-01.Imagem do Equipamento-.144758.jpg | FR7: Humberto Luiz - 22/01/2026 11:47:35 | FS7: Base de Dados_Images/MO-045-01.Imagem da Plaqueta do Motor-.144758.jpg | FT7: Humberto Luiz - 22/01/2026 11:47:52 | FU7: =FQ7 -> Base de Dados_Images/MO-045-01.Imagem do Equipamento-.144758.jpg
A8: 10&20 - R.P.E | B8: Desaguador | C8: Motor e Bomba | D8: MO-046-01 | E8: Bomba De Lubrificação Do Rolo Inferior De Terno Desaguador | F8: Pré-Comissionamento | G8: Conforme | H8: Wesley Soares - 27/01/2026 08:55:42 | I8: Conforme | J8: Bruno Borges - 27/01/2026 10:49:52 | K8: Conforme | L8: Bruno Borges - 27/01/2026 10:49:54 | M8: Conforme | N8: Bruno Borges - 27/01/2026 10:49:55 | O8: Conforme | P8: Bruno Borges - 27/01/2026 10:49:59 | Q8: Conforme | R8: Bruno Borges - 27/01/2026 10:50:20 | S8: Conforme | T8: Bruno Borges - 27/01/2026 10:50:22 | U8: Conforme | V8: Bruno Borges - 27/01/2026 10:50:23 | W8: Conforme | X8: Bruno Borges - 27/01/2026 10:50:27 | Y8: Conforme | Z8: Bruno Borges - 27/01/2026 10:50:29 | AA8: Conforme | AB8: Wesley Soares - 27/01/2026 08:55:50 | AC8: Conforme | AD8: Wesley Soares - 27/01/2026 08:55:53 | AE8: Conforme | AF8: Wesley Soares - 27/01/2026 08:55:55 | AG8: Conforme | AH8: Wesley Soares - 27/01/2026 08:56:00 | AI8: Conforme | AJ8: Wesley Soares - 27/01/2026 08:56:06 | AK8: Conforme | AL8: Wesley Soares - 27/01/2026 08:56:10 | AM8: Não Aplicável | AN8: Luiz Augusto - 03/02/2026 11:54:09 | AO8: Não Aplicável | AP8: Luiz Augusto - 03/02/2026 11:57:28 | BS8: Não | BT8: Sim | BU8: 46049.452 | BV8: Sim | BW8: 46049.372 | BX8: Sim | BY8: 46056.498 | BZ8: Comissionamento Estático | CA8: Conforme | CB8: Alexandre Fernandes - 19/02/2026 08:53:24 | CC8: Não Aplicável | CD8: Alexandre Fernandes - 19/02/2026 08:54:21 | CE8: Conforme | CF8: Alexandre Fernandes - 19/02/2026 08:55:27 | CG8: Não Aplicável | CH8: Wesley Soares - 19/02/2026 16:28:01 | CI8: Conforme | CJ8: Wesley Soares - 19/02/2026 16:28:04 | CK8: Não Aplicável | CL8: Wesley Soares - 19/02/2026 16:28:07 | DE8: Não | DF8: Sim | DG8: 46072.372 | DH8: Sim | DI8: 46072.686 | DJ8: Sim | DK8: 46072.686 | DL8: Dinâmico Frio | DM8: Não Aplicável | DN8: Humberto Luiz - 17/03/2026 09:22:41 | DO8: Não Aplicável | DP8: Humberto Luiz - 17/03/2026 09:22:45 | DQ8: Conforme | DR8: Humberto Luiz - 17/03/2026 09:22:25 | DS8: Conforme | DT8: Humberto Luiz - 17/03/2026 09:22:28 | EI8: Não | EJ8: Sim | EK8: 46098.391 | EL8: Dinâmico Quente | EM8: Conforme | EN8: Glaucia Massuia - 23/03/2026 10:57:10 | EO8: Conforme | EP8: Marcelo Pagioro - 23/03/2026 10:54:26 | EQ8: Conforme | ER8: Glaucia Massuia - 23/03/2026 10:57:12 | ES8: Conforme | ET8: Marcelo Pagioro - 23/03/2026 10:54:07 | FI8: Não | FJ8: Sim | FK8: 46104.456 | FN8: Feito | FO8: 46104.456 | FP8: Glaucia Massuia - 23/03/2026 10:57:12 | FQ8: Base de Dados_Images/MO-046-01.Imagem do Equipamento-.145204.jpg | FR8: Humberto Luiz - 22/01/2026 11:51:44 | FS8: Base de Dados_Images/MO-046-01.Imagem da Plaqueta do Motor-.145204.jpg | FT8: Humberto Luiz - 22/01/2026 11:51:58 | FU8: =FQ8 -> Base de Dados_Images/MO-046-01.Imagem do Equipamento-.145204.jpg
A9: 10&20 - R.P.E | B9: Desaguador | C9: Motor e Bomba | D9: MO-047-01 | E9: Bomba De Lubrificação Do Rolo Superior De Terno Desaguador | F9: Pré-Comissionamento | G9: Conforme | H9: Wesley Soares - 27/01/2026 08:56:26 | I9: Conforme | J9: Bruno Borges - 02/02/2026 08:14:18 | K9: Conforme | L9: Bruno Borges - 02/02/2026 08:14:20 | M9: Conforme | N9: Bruno Borges - 02/02/2026 08:14:23 | O9: Conforme | P9: Bruno Borges - 02/02/2026 08:14:24 | Q9: Conforme | R9: Bruno Borges - 02/02/2026 08:14:26 | S9: Conforme | T9: Bruno Borges - 02/02/2026 08:14:26 | U9: Conforme | V9: Bruno Borges - 02/02/2026 08:14:29 | W9: Conforme | X9: Bruno Borges - 02/02/2026 08:14:29 | Y9: Conforme | Z9: Bruno Borges - 02/02/2026 08:14:32 | AA9: Conforme | AB9: Wesley Soares - 27/01/2026 08:56:38 | AC9: Conforme | AD9: Wesley Soares - 27/01/2026 08:56:41 | AE9: Conforme | AF9: Wesley Soares - 27/01/2026 08:56:43 | AG9: Conforme | AH9: Wesley Soares - 27/01/2026 08:56:45 | AI9: Conforme | AJ9: Wesley Soares - 27/01/2026 08:56:47 | AK9: Conforme | AL9: Wesley Soares - 27/01/2026 08:56:48 | AM9: Não Aplicável | AN9: Bruno Borges - 02/02/2026 08:16:28 | AO9: Não Aplicável | AP9: Bruno Borges - 02/02/2026 08:16:29 | BS9: Não | BT9: Sim | BU9: 46055.343 | BV9: Sim | BW9: 46049.373 | BX9: Sim | BY9: 46055.345 | BZ9: Comissionamento Estático | CA9: Conforme | CB9: Alexandre Fernandes - 19/02/2026 08:56:37 | CC9: Não Aplicável | CD9: Alexandre Fernandes - 19/02/2026 08:56:49 | CE9: Conforme | CF9: Alexandre Fernandes - 19/02/2026 08:57:05 | CG9: Não Aplicável | CH9: Wesley Soares - 19/02/2026 16:28:22 | CI9: Conforme | CJ9: Wesley Soares - 19/02/2026 16:28:25 | CK9: Não Aplicável | CL9: Wesley Soares - 19/02/2026 16:28:29 | DE9: Não | DF9: Sim | DG9: 46072.373 | DH9: Sim | DI9: 46072.686 | DJ9: Sim | DK9: 46072.686 | DL9: Dinâmico Frio | DM9: Conforme | DN9: Wesley Soares - 16/03/2026 08:37:11 | DO9: Conforme | DP9: Wesley Soares - 16/03/2026 08:37:12 | DQ9: Conforme | DR9: Wesley Soares - 16/03/2026 08:37:13 | DS9: Conforme | DT9: Wesley Soares - 16/03/2026 08:37:15 | EI9: Não | EJ9: Sim | EK9: 46097.359 | EL9: Dinâmico Quente | EM9: Conforme | EN9: Marcelo Pagioro - 23/03/2026 10:56:11 | EO9: Conforme | EP9: Marcelo Pagioro - 23/03/2026 10:56:13 | EQ9: Conforme | ER9: Marcelo Pagioro - 23/03/2026 10:56:15 | ES9: Conforme | ET9: Marcelo Pagioro - 23/03/2026 10:56:18 | FI9: Não | FJ9: Sim | FK9: 46104.456 | FN9: Feito | FO9: 46104.456 | FP9: Marcelo Pagioro - 23/03/2026 10:56:18 | FQ9: Base de Dados_Images/MO-047-01.Imagem do Equipamento-.145331.jpg | FR9: Humberto Luiz - 22/01/2026 11:52:57 | FS9: Base de Dados_Images/MO-047-01.Imagem da Plaqueta do Motor-.145331.jpg | FT9: Humberto Luiz - 22/01/2026 11:53:26 | FU9: =FQ9 -> Base de Dados_Images/MO-047-01.Imagem do Equipamento-.145331.jpg
A10: 10&20 - R.P.E | B10: Desaguador | C10: Rolo Desaguador | D10: TM-2001 | E10: Terno Desaguador | F10: Pré-Comissionamento | G10: Conforme | H10: Bruno Borges - 02/02/2026 08:16:53 | I10: Conforme | J10: Bruno Borges - 02/02/2026 08:16:54 | K10: Conforme | L10: Bruno Borges - 02/02/2026 08:16:55 | M10: Conforme | N10: Bruno Borges - 02/02/2026 08:16:57 | O10: Conforme | P10: Bruno Borges - 02/02/2026 08:16:59 | Q10: Conforme | R10: Bruno Borges - 02/02/2026 08:17:01 | S10: Conforme | T10: Bruno Borges - 02/02/2026 08:17:02 | U10: Conforme | V10: Bruno Borges - 02/02/2026 08:17:05 | W10: Conforme | X10: Bruno Borges - 02/02/2026 08:17:06 | Y10: Conforme | Z10: Bruno Borges - 02/02/2026 08:17:09 | AA10: Conforme | AB10: Bruno Borges - 02/02/2026 08:17:10 | AC10: Conforme | AD10: Bruno Borges - 02/02/2026 08:17:13 | AE10: Conforme | AF10: Bruno Borges - 02/02/2026 08:17:18 | AG10: Conforme | AH10: Bruno Borges - 02/02/2026 08:17:20 | AI10: Conforme | AJ10: Bruno Borges - 02/02/2026 08:17:22 | AK10: Conforme | AL10: Bruno Borges - 02/02/2026 08:17:24 | AM10: Conforme | AN10: Wesley Soares - 27/01/2026 08:57:58 | AO10: Conforme | AP10: Wesley Soares - 27/01/2026 08:58:02 | AQ10: Conforme | AR10: Wesley Soares - 27/01/2026 08:58:06 | AS10: Conforme | AT10: Wesley Soares - 27/01/2026 08:58:08 | AU10: Conforme | AV10: Wesley Soares - 27/01/2026 08:58:12 | AW10: Conforme | AX10: Wesley Soares - 27/01/2026 08:58:15 | BS10: Não | BT10: Sim | BU10: 46055.345 | BV10: Sim | BW10: 46049.374 | BX10: Sim | BY10: 46055.345 | BZ10: Comissionamento Estático | CA10: Conforme | CB10: Alexandre Fernandes - 19/02/2026 08:58:51 | CC10: Conforme | CD10: Wesley Soares - 19/02/2026 16:28:52 | CE10: Conforme | CF10: Wesley Soares - 19/02/2026 16:28:55 | CG10: Não Aplicável | CH10: Wesley Soares - 19/02/2026 16:29:05 | DE10: Não | DF10: Sim | DG10: 46072.374 | DH10: Sim | DI10: 46072.687 | DJ10: Sim | DK10: 46072.687 | DL10: Dinâmico Frio | DM10: Conforme | DN10: Glaucia Massuia - 19/03/2026 14:25:14 | DO10: Conforme | DP10: Glaucia Massuia - 19/03/2026 14:25:15 | DQ10: Conforme | DR10: Glaucia Massuia - 19/03/2026 14:25:15 | DS10: Conforme | DT10: Glaucia Massuia - 19/03/2026 14:25:17 | DU10: Não Aplicável | DV10: Glaucia Massuia - 19/03/2026 14:25:25 | DW10: Conforme | DX10: Glaucia Massuia - 19/03/2026 14:25:20 | EI10: Não | EJ10: Sim | EK10: 46100.601 | EL10: Dinâmico Quente | FI10: Não | FJ10: Não Aplica | FN10: Feito | FO10: 46100.601 | FP10: Glaucia Massuia - 19/03/2026 14:25:25 | FQ10: Base de Dados_Images/TM-2001.Imagem do Equipamento-.150156.jpg | FR10: Humberto Luiz - 22/01/2026 12:01:51 | FU10: =FQ10 -> Base de Dados_Images/TM-2001.Imagem do Equipamento-.150156.jpg
A11: 10&20 - R.P.E | B11: Desaguador | C11: Rolo Desaguador | D11: TM-2002 | E11: Rolo Superior Do Terno Desaguador | F11: Pré-Comissionamento | G11: Conforme | H11: Bruno Borges - 02/02/2026 08:17:33 | I11: Conforme | J11: Bruno Borges - 02/02/2026 08:17:37 | K11: Conforme | L11: Bruno Borges - 02/02/2026 08:17:38 | M11: Conforme | N11: Bruno Borges - 02/02/2026 08:17:42 | O11: Conforme | P11: Bruno Borges - 02/02/2026 08:17:43 | Q11: Conforme | R11: Bruno Borges - 02/02/2026 08:17:45 | S11: Conforme | T11: Bruno Borges - 02/02/2026 08:17:45 | U11: Conforme | V11: Bruno Borges - 02/02/2026 08:17:48 | W11: Conforme | X11: Bruno Borges - 02/02/2026 08:17:48 | Y11: Conforme | Z11: Bruno Borges - 02/02/2026 08:17:49 | AA11: Conforme | AB11: Bruno Borges - 02/02/2026 08:17:56 | AC11: Conforme | AD11: Bruno Borges - 02/02/2026 08:17:56 | AE11: Conforme | AF11: Bruno Borges - 02/02/2026 08:17:57 | AG11: Conforme | AH11: Bruno Borges - 02/02/2026 08:18:10 | AI11: Conforme | AJ11: Bruno Borges - 02/02/2026 08:18:11 | AK11: Conforme | AL11: Bruno Borges - 02/02/2026 08:18:14 | AM11: Conforme | AN11: Wesley Soares - 27/01/2026 08:58:49 | AO11: Conforme | AP11: Wesley Soares - 27/01/2026 08:58:52 | AQ11: Conforme | AR11: Wesley Soares - 27/01/2026 08:58:54 | AS11: Conforme | AT11: Wesley Soares - 27/01/2026 08:58:57 | AU11: Conforme | AV11: Wesley Soares - 27/01/2026 08:58:59 | AW11: Conforme | AX11: Wesley Soares - 27/01/2026 08:59:01 | BS11: Não | BT11: Sim | BU11: 46055.346 | BV11: Sim | BW11: 46049.374 | BX11: Sim | BY11: 46055.346 | BZ11: Comissionamento Estático | CA11: Conforme | CB11: Alexandre Fernandes - 19/02/2026 08:59:39 | CC11: Conforme | CD11: Wesley Soares - 19/02/2026 16:29:23 | CE11: Conforme | CF11: Wesley Soares - 19/02/2026 16:29:25 | CG11: Não Aplicável | CH11: Wesley Soares - 19/02/2026 16:29:27 | DE11: Não | DF11: Sim | DG11: 46072.375 | DH11: Sim | DI11: 46072.687 | DJ11: Sim | DK11: 46072.687 | DL11: Dinâmico Frio | DM11: Conforme | DN11: Glaucia Massuia - 19/03/2026 14:26:13 | DO11: Conforme | DP11: Glaucia Massuia - 19/03/2026 14:25:50 | DQ11: Conforme | DR11: Glaucia Massuia - 19/03/2026 14:25:50 | DS11: Conforme | DT11: Glaucia Massuia - 19/03/2026 14:25:49 | DU11: Não Aplicável | DV11: Glaucia Massuia - 19/03/2026 14:25:48 | DW11: Conforme | DX11: Glaucia Massuia - 19/03/2026 14:25:49 | EI11: Não | EJ11: Sim | EK11: 46100.602 | EL11: Dinâmico Quente | FI11: Não | FJ11: Não Aplica | FN11: Feito | FO11: 46100.602 | FP11: Glaucia Massuia - 19/03/2026 14:26:13 | FQ11: Base de Dados_Images/TM-2002.Imagem do Equipamento-.145519.jpg | FR11: Humberto Luiz - 22/01/2026 11:55:11 | FU11: =FQ11 -> Base de Dados_Images/TM-2002.Imagem do Equipamento-.145519.jpg
A12: 10&20 - R.P.E | B12: Desaguador | C12: Rolo Desaguador | D12: TM-2003 | E12: Rolo Inferior Do Terno Desaguador | F12: Pré-Comissionamento | G12: Conforme | H12: Bruno Borges - 02/02/2026 08:18:22 | I12: Conforme | J12: Bruno Borges - 02/02/2026 08:18:23 | K12: Conforme | L12: Bruno Borges - 02/02/2026 08:18:23 | M12: Conforme | N12: Bruno Borges - 02/02/2026 08:18:25 | O12: Conforme | P12: Bruno Borges - 02/02/2026 08:18:26 | Q12: Conforme | R12: Bruno Borges - 02/02/2026 08:18:28 | S12: Conforme | T12: Bruno Borges - 02/02/2026 08:18:28 | U12: Conforme | V12: Bruno Borges - 02/02/2026 08:18:30 | W12: Conforme | X12: Bruno Borges - 02/02/2026 08:18:30 | Y12: Conforme | Z12: Bruno Borges - 02/02/2026 08:18:32 | AA12: Conforme | AB12: Bruno Borges - 02/02/2026 08:18:33 | AC12: Conforme | AD12: Bruno Borges - 02/02/2026 08:18:35 | AE12: Conforme | AF12: Bruno Borges - 02/02/2026 08:18:36 | AG12: Conforme | AH12: Bruno Borges - 02/02/2026 08:18:38 | AI12: Conforme | AJ12: Bruno Borges - 02/02/2026 08:18:38 | AK12: Conforme | AL12: Bruno Borges - 02/02/2026 08:18:40 | AM12: Conforme | AN12: Wesley Soares - 27/01/2026 08:59:36 | AO12: Conforme | AP12: Wesley Soares - 27/01/2026 08:59:38 | AQ12: Conforme | AR12: Wesley Soares - 27/01/2026 08:59:39 | AS12: Conforme | AT12: Wesley Soares - 27/01/2026 08:59:41 | AU12: Conforme | AV12: Wesley Soares - 27/01/2026 08:59:44 | AW12: Conforme | AX12: Wesley Soares - 27/01/2026 08:59:45 | BS12: Não | BT12: Sim | BU12: 46055.346 | BV12: Sim | BW12: 46049.375 | BX12: Sim | BY12: 46055.346 | BZ12: Comissionamento Estático | CA12: Conforme | CB12: Alexandre Fernandes - 19/02/2026 09:00:26 | CC12: Conforme | CD12: Wesley Soares - 19/02/2026 16:29:41 | CE12: Conforme | CF12: Wesley Soares - 19/02/2026 16:29:44 | CG12: Não Aplicável | CH12: Wesley Soares - 19/02/2026 16:29:46 | DE12: Não | DF12: Sim | DG12: 46072.375 | DH12: Sim | DI12: 46072.687 | DJ12: Sim | DK12: 46072.687 | DL12: Dinâmico Frio | DM12: Conforme | DN12: Glaucia Massuia - 19/03/2026 14:26:19 | DO12: Conforme | DP12: Glaucia Massuia - 19/03/2026 14:26:06 | DQ12: Conforme | DR12: Glaucia Massuia - 19/03/2026 14:26:05 | DS12: Conforme | DT12: Glaucia Massuia - 19/03/2026 14:26:05 | DU12: Não Aplicável | DV12: Glaucia Massuia - 19/03/2026 14:26:03 | DW12: Conforme | DX12: Glaucia Massuia - 19/03/2026 14:26:04 | EI12: Não | EJ12: Sim | EK12: 46100.602 | EL12: Dinâmico Quente | FI12: Não | FJ12: Não Aplica | FN12: Feito | FO12: 46100.602 | FP12: Glaucia Massuia - 19/03/2026 14:26:19 | FQ12: Base de Dados_Images/TM-2003.Imagem do Equipamento-.145620.jpg | FR12: Humberto Luiz - 22/01/2026 11:56:14 | FU12: =FQ12 -> Base de Dados_Images/TM-2003.Imagem do Equipamento-.145620.jpg
A13: 10&20 - R.P.E | B13: Desaguador | C13: Transmissor | D13: LIT-9002-15 | E13: Transmissor De Nível Do Chute Donelly Do Terno Desaguador | F13: Pré-Comissionamento | G13: Conforme | H13: Bruno Borges - 02/02/2026 08:18:47 | I13: Conforme | J13: Wesley Soares - 11/02/2026 11:30:09 | K13: Conforme | L13: Wesley Soares - 11/02/2026 11:30:09 | M13: Conforme | N13: Wesley Soares - 11/02/2026 11:30:10 | BS13: Não | BT13: Sim | BU13: 46055.346 | BV13: Sim | BW13: 46064.479 | BX13: Sim | BY13: 46064.479 | BZ13: Comissionamento Estático | CA13: Conforme | CB13: Wesley Soares - 16/03/2026 08:37:22 | CC13: Conforme | CD13: Wesley Soares - 16/03/2026 08:37:24 | CE13: Conforme | CF13: Wesley Soares - 16/03/2026 08:37:26 | DE13: Não | DF13: Não Aplica | DH13: Sim | DI13: 46097.359 | DJ13: Sim | DK13: 46097.359 | DL13: Dinâmico Frio | DM13: Conforme | DN13: Wesley Soares - 16/03/2026 08:37:30 | DO13: Conforme | DP13: Wesley Soares - 16/03/2026 08:37:31 | EI13: Não | EJ13: Sim | EK13: 46097.359 | EL13: Dinâmico Quente | EM13: Conforme | EN13: Marcelo Pagioro - 23/03/2026 10:56:27 | EO13: Conforme | EP13: Marcelo Pagioro - 23/03/2026 10:56:28 | FI13: Não | FJ13: Sim | FK13: 46104.456 | FN13: Feito | FO13: 46104.456 | FP13: Marcelo Pagioro - 23/03/2026 10:56:28 | FQ13: Base de Dados_Images/LIT-9002-15.Imagem do Equipamento-.145756.jpg | FR13: Humberto Luiz - 22/01/2026 11:57:51 | FU13: =FQ13 -> Base de Dados_Images/LIT-9002-15.Imagem do Equipamento-.145756.jpg
A14: 10&20 - R.P.E | B14: Desaguador | C14: Transmissor | D14: ZSH-9002-15 | E14: Chave De Nível Alto Do Terno Desaguador | F14: Pré-Comissionamento | G14: Conforme | H14: Bruno Borges - 02/02/2026 08:18:59 | I14: Conforme | J14: Wesley Soares - 11/02/2026 11:30:23 | K14: Conforme | L14: Wesley Soares - 11/02/2026 11:30:24 | M14: Conforme | N14: Wesley Soares - 11/02/2026 11:30:24 | BS14: Não | BT14: Sim | BU14: 46055.347 | BV14: Sim | BW14: 46064.479 | BX14: Sim | BY14: 46064.479 | BZ14: Comissionamento Estático | CA14: Conforme | CB14: Wesley Soares - 16/03/2026 08:37:38 | CC14: Conforme | CD14: Wesley Soares - 16/03/2026 08:37:39 | CE14: Conforme | CF14: Wesley Soares - 16/03/2026 08:37:40 | DE14: Não | DF14: Não Aplica | DH14: Sim | DI14: 46097.359 | DJ14: Sim | DK14: 46097.359 | DL14: Dinâmico Frio | DM14: Conforme | DN14: Wesley Soares - 16/03/2026 08:37:44 | DO14: Conforme | DP14: Wesley Soares - 16/03/2026 08:37:45 | EI14: Não | EJ14: Sim | EK14: 46097.36 | EL14: Dinâmico Quente | EM14: Conforme | EN14: Marcelo Pagioro - 23/03/2026 10:56:52 | EO14: Conforme | EP14: Marcelo Pagioro - 23/03/2026 10:56:54 | FI14: Não | FJ14: Sim | FK14: 46104.456 | FN14: Feito | FO14: 46104.456 | FP14: Marcelo Pagioro - 23/03/2026 10:56:54 | FQ14: Base de Dados_Images/ZSH-9002-15.Imagem do Equipamento-.145849.jpg | FR14: Humberto Luiz - 22/01/2026 11:58:42 | FU14: =FQ14 -> Base de Dados_Images/ZSH-9002-15.Imagem do Equipamento-.145849.jpg
A15: 10&20 - R.P.E | B15: Desfibrador | C15: Desfibrador/Picador | D15: DE-2001 | E15: Desfibrador | F15: Pré-Comissionamento | G15: Conforme | H15: Bruno Borges - 04/03/2026 07:49:13 | I15: Conforme | J15: Bruno Borges - 04/03/2026 07:49:15 | K15: Conforme | L15: Bruno Borges - 04/03/2026 07:49:16 | M15: Conforme | N15: Bruno Borges - 04/03/2026 07:49:24 | O15: Não Aplicável | P15: Bruno Borges - 04/03/2026 07:49:44 | Q15: Não Aplicável | R15: Bruno Borges - 04/03/2026 07:49:43 | S15: Conforme | T15: Bruno Borges - 04/03/2026 07:49:49 | U15: Conforme | V15: Bruno Borges - 04/03/2026 07:49:52 | W15: Conforme | X15: Bruno Borges - 04/03/2026 07:49:54 | Y15: Conforme | Z15: Marcos Domingues - 03/03/2026 08:51:21 | AA15: Conforme | AB15: Marcos Domingues - 03/03/2026 08:51:28 | AC15: Conforme | AD15: Marcos Domingues - 03/03/2026 08:51:28 | AE15: Conforme | AF15: Marcos Domingues - 03/03/2026 08:51:31 | AG15: Não Aplicável | AH15: Marcos Domingues - 03/03/2026 08:51:57 | AI15: Conforme | AJ15: Marcos Domingues - 03/03/2026 08:51:58 | AK15: Conforme | AL15: Júlio Cezar Alves Santana - 13/03/2026 14:04:43 | AM15: Conforme | AN15: Júlio Cezar Alves Santana - 13/03/2026 14:04:42 | AO15: Conforme | AP15: Warlei Carvalho - 18/03/2026 08:52:43 | BS15: Não | BT15: Sim | BU15: 46085.326 | BV15: Sim | BW15: 46084.369 | BX15: Sim | BY15: 46099.37 | BZ15: Comissionamento Estático | CA15: Conforme | CB15: Bruno Borges - 04/03/2026 07:50:03 | CC15: Conforme | CD15: Bruno Borges - 04/03/2026 07:50:04 | CE15: Conforme | CF15: Bruno Borges - 04/03/2026 07:50:06 | CG15: Conforme | CH15: Wesley Soares - 16/03/2026 08:39:16 | CI15: Conforme | CJ15: Wesley Soares - 16/03/2026 08:39:19 | CK15: Conforme | CL15: Wesley Soares - 16/03/2026 08:39:22 | CM15: Conforme | CN15: Wesley Soares - 16/03/2026 08:39:26 | CO15: Conforme | CP15: Wesley Soares - 16/03/2026 08:39:27 | DE15: Não | DF15: Sim | DG15: 46085.326 | DH15: Sim | DI15: 46097.361 | DJ15: Sim | DK15: 46097.361 | DL15: Dinâmico Frio | DM15: Conforme | DN15: Wesley Soares - 16/03/2026 08:39:34 | DO15: Conforme | DP15: Wesley Soares - 16/03/2026 08:39:37 | DQ15: Conforme | DR15: Humberto Luiz - 17/03/2026 09:04:02 | DS15: Conforme | DT15: Wesley Soares - 16/03/2026 08:39:44 | DU15: Conforme | DV15: Wesley Soares - 16/03/2026 08:39:49 | DW15: Conforme | DX15: Humberto Luiz - 17/03/2026 09:04:12 | DY15: Conforme | DZ15: Wesley Soares - 16/03/2026 08:40:03 | EA15: Conforme | EB15: Warlei Carvalho - 18/03/2026 08:52:20 | EI15: Não | EJ15: Sim | EK15: 46099.37 | EL15: Dinâmico Quente | EM15: Conforme | EN15: Júlio Cezar Alves Santana - 21/03/2026 14:08:13 | FI15: Não | FJ15: Sim | FK15: 46102.589 | FN15: Feito | FO15: 46102.589 | FP15: Júlio Cezar Alves Santana - 21/03/2026 14:08:13 | FQ15: Base de Dados_Images/DE-2001.Imagem do Equipamento-.115115.jpg | FR15: Marcos Domingues - 03/03/2026 08:51:31 | FU15: =FQ15 -> Base de Dados_Images/DE-2001.Imagem do Equipamento-.115115.jpg
A16: 10&20 - R.P.E | B16: Desfibrador | C16: Eletroímã | D16: EL-2001 | E16: Eletroíma Da Esteira Rápica De Cana Desfibrada | F16: Pré-Comissionamento | G16: Conforme | H16: Bruno Borges - 04/03/2026 07:50:15 | I16: Conforme | J16: Marcelo Pagioro - 23/03/2026 07:53:24 | K16: Conforme | L16: Marcelo Pagioro - 23/03/2026 07:53:26 | M16: Conforme | N16: Marcelo Pagioro - 23/03/2026 07:53:28 | O16: Conforme | P16: Marcelo Pagioro - 23/03/2026 07:53:31 | Q16: Conforme | R16: Marcelo Pagioro - 23/03/2026 07:53:33 | S16: Conforme | T16: Marcelo Pagioro - 23/03/2026 07:53:35 | BS16: Não | BT16: Sim | BU16: 46104.329 | BV16: Sim | BW16: 46104.329 | BX16: Sim | BY16: 46104.329 | BZ16: Comissionamento Estático | DE16: Não | DF16: Não Aplica | DH16: Não Aplica | DJ16: Não Aplica | DL16: Dinâmico Frio | DM16: Conforme | DN16: Marcelo Pagioro - 23/03/2026 07:53:42 | DO16: Não Aplicável | DP16: Marcelo Pagioro - 23/03/2026 07:53:47 | DQ16: Conforme | DR16: Glaucia Massuia - 24/03/2026 16:27:50 | EI16: Não | EJ16: Sim | EK16: 46105.686 | EL16: Dinâmico Quente | EM16: Conforme | EN16: Glaucia Massuia - 24/03/2026 16:27:54 | EO16: Conforme | EP16: Glaucia Massuia - 24/03/2026 16:27:55 | EQ16: Conforme | ER16: Glaucia Massuia - 24/03/2026 16:27:56 | FI16: Não | FJ16: Sim | FK16: 46105.686 | FN16: Feito | FO16: 46105.686 | FP16: Glaucia Massuia - 24/03/2026 16:27:56 | FQ16: Base de Dados_Images/EL-2001.Imagem do Equipamento-.115252.jpg | FR16: Marcos Domingues - 03/03/2026 08:52:46 | FU16: =FQ16 -> Base de Dados_Images/EL-2001.Imagem do Equipamento-.115252.jpg
A17: 10&20 - R.P.E | B17: Desfibrador | C17: Esteira de Borracha | D17: EB-2001 | E17: Esteira Rápida De Cana Desfibrada | F17: Pré-Comissionamento | G17: Conforme | H17: Glaucia Massuia - 18/03/2026 08:39:00 | I17: Conforme | J17: Bruno Borges - 29/01/2026 08:21:27 | K17: Conforme | L17: Bruno Borges - 29/01/2026 08:21:31 | M17: Conforme | N17: Bruno Borges - 29/01/2026 08:21:34 | O17: Conforme | P17: Bruno Borges - 29/01/2026 08:21:36 | Q17: Conforme | R17: Bruno Borges - 29/01/2026 08:21:38 | S17: Conforme | T17: Bruno Borges - 29/01/2026 08:21:41 | U17: Conforme | V17: Bruno Borges - 29/01/2026 08:21:45 | W17: Conforme | X17: Bruno Borges - 29/01/2026 08:21:51 | Y17: Conforme | Z17: Bruno Borges - 29/01/2026 08:22:03 | AA17: Conforme | AB17: Bruno Borges - 29/01/2026 08:22:07 | AC17: Conforme | AD17: Bruno Borges - 29/01/2026 08:22:11 | AE17: Conforme | AF17: Bruno Borges - 29/01/2026 08:22:14 | AG17: Conforme | AH17: Bruno Borges - 29/01/2026 08:22:22 | AI17: Conforme | AJ17: Bruno Borges - 29/01/2026 08:22:26 | AK17: Não Aplicável | AL17: Humberto Luiz - 17/03/2026 08:44:00 | AM17: Conforme | AN17: Bruno Borges - 29/01/2026 08:22:39 | AO17: Conforme | AP17: Humberto Luiz - 17/03/2026 08:44:25 | AQ17: Conforme | AR17: Marcelo Pagioro - 23/03/2026 07:54:25 | AS17: Conforme | AT17: Wesley Soares - 27/01/2026 09:12:25 | AU17: Conforme | AV17: Wesley Soares - 27/01/2026 09:12:26 | AW17: Conforme | AX17: Wesley Soares - 27/01/2026 09:12:29 | AY17: Conforme | AZ17: Wesley Soares - 27/01/2026 09:12:30 | BA17: Conforme | BB17: Wesley Soares - 27/01/2026 09:12:33 | BC17: Conforme | BD17: Wesley Soares - 27/01/2026 09:12:35 | BE17: Conforme | BF17: Alex Gomes Ferreira - 26/02/2026 09:31:26 | BG17: Conforme | BH17: Marcelo Pagioro - 24/03/2026 08:26:43 | BI17: Não Conforme | BJ17: Luiz Augusto - 11/02/2026 12:34:46 | BK17: Conforme | BL17: Marcelo Pagioro - 23/03/2026 07:54:44 | BM17: Conforme | BN17: Luiz Augusto - 11/02/2026 12:34:53 | BS17: Sim | BT17: Sim | BU17: 46104.329 | BV17: Sim | BW17: 46079.397 | BX17: Não | BZ17: Comissionamento Estático | CA17: Conforme | CB17: Bruno Borges - 10/03/2026 09:49:20 | CC17: Conforme | CD17: Bruno Borges - 10/03/2026 09:49:20 | CE17: Conforme | CF17: Alex Gomes Ferreira - 26/02/2026 09:31:42 | CG17: Conforme | CH17: Alex Gomes Ferreira - 26/02/2026 09:31:44 | CI17: Conforme | CJ17: Alex Gomes Ferreira - 26/02/2026 09:31:56 | DE17: Não | DF17: Sim | DG17: 46091.409 | DH17: Sim | DI17: 46079.397 | DJ17: Sim | DK17: 46091.409 | DL17: Dinâmico Frio | DM17: Conforme | DN17: Wesley Soares - 16/03/2026 08:41:23 | DO17: Conforme | DP17: Wesley Soares - 16/03/2026 08:41:26 | DQ17: Conforme | DR17: Wesley Soares - 16/03/2026 08:41:28 | DS17: Conforme | DT17: Humberto Luiz - 17/03/2026 08:45:08 | DU17: Conforme | DV17: Wesley Soares - 16/03/2026 08:41:33 | DW17: Conforme | DX17: Marcelo Pagioro - 23/03/2026 07:55:00 | DY17: Conforme | DZ17: Marcelo Pagioro - 23/03/2026 07:55:02 | EA17: Conforme | EB17: Marcelo Pagioro - 23/03/2026 07:55:11 | EC17: Conforme | ED17: Marcelo Pagioro - 23/03/2026 07:55:16 | EE17: Conforme | EF17: Marcelo Pagioro - 23/03/2026 07:55:22 | EG17: Conforme | EI17: Não | EJ17: Sim | EK17: 46104.33 | EL17: Dinâmico Quente | EM17: Conforme | EN17: Wesley Soares - 16/03/2026 08:41:55 | EO17: Conforme | EP17: Wesley Soares - 16/03/2026 08:41:58 | EQ17: Conforme | ER17: Marcelo Pagioro - 23/03/2026 13:02:29 | ES17: Conforme | ET17: Marcelo Pagioro - 23/03/2026 13:02:32 | EU17: Conforme | EV17: Marcelo Pagioro - 23/03/2026 13:02:34 | EW17: Conforme | EX17: Marcelo Pagioro - 23/03/2026 13:02:39 | EY17: Conforme | EZ17: Marcelo Pagioro - 23/03/2026 13:02:43 | FA17: Conforme | FB17: Marcelo Pagioro - 23/03/2026 13:02:51 | FI17: Não | FJ17: Sim | FK17: 46104.544 | FN17: Pendente | FP17: Marcelo Pagioro - 24/03/2026 08:26:43 | FQ17: Base de Dados_Images/EB-2001.Imagem do Equipamento-.115035.jpg | FR17: Humberto Luiz - 22/01/2026 08:50:28 | FU17: =FQ17 -> Base de Dados_Images/EB-2001.Imagem do Equipamento-.115035.jpg
A18: 10&20 - R.P.E | B18: Desfibrador | C18: Esteira de Borracha | D18: ER-2001 | E18: Esteira De Retorno De Cana Desfibrada | F18: Pré-Comissionamento | G18: Conforme | H18: Glaucia Massuia - 18/03/2026 08:39:15 | I18: Conforme | J18: Bruno Borges - 29/01/2026 08:31:55 | K18: Conforme | L18: Bruno Borges - 29/01/2026 08:31:56 | M18: Conforme | N18: Bruno Borges - 29/01/2026 08:31:57 | O18: Conforme | P18: Bruno Borges - 29/01/2026 08:32:00 | Q18: Conforme | R18: Bruno Borges - 29/01/2026 08:32:00 | S18: Conforme | T18: Bruno Borges - 29/01/2026 08:32:02 | U18: Conforme | V18: Bruno Borges - 29/01/2026 08:32:03 | W18: Conforme | X18: Bruno Borges - 29/01/2026 08:32:06 | Y18: Conforme | Z18: Bruno Borges - 29/01/2026 08:32:06 | AA18: Conforme | AB18: Bruno Borges - 29/01/2026 08:32:09 | AC18: Conforme | AD18: Bruno Borges - 29/01/2026 08:32:09 | AE18: Conforme | AF18: Bruno Borges - 29/01/2026 08:32:10 | AG18: Conforme | AH18: Bruno Borges - 29/01/2026 08:32:12 | AI18: Conforme | AJ18: Bruno Borges - 29/01/2026 08:32:13 | AK18: Não Aplicável | AL18: Bruno Borges - 29/01/2026 08:32:17 | AM18: Conforme | AN18: Bruno Borges - 29/01/2026 08:32:17 | AO18: Conforme | AP18: Bruno Borges - 29/01/2026 08:32:18 | AQ18: Conforme | AR18: Marcelo Pagioro - 24/03/2026 08:25:19 | AS18: Conforme | AT18: Wesley Soares - 27/01/2026 09:13:24 | AU18: Conforme | AV18: Wesley Soares - 27/01/2026 09:13:25 | AW18: Conforme | AX18: Wesley Soares - 27/01/2026 09:13:27 | AY18: Conforme | AZ18: Wesley Soares - 27/01/2026 09:13:29 | BA18: Conforme | BB18: Wesley Soares - 27/01/2026 09:13:30 | BC18: Conforme | BD18: Wesley Soares - 27/01/2026 09:13:32 | BE18: Conforme | BF18: Marcelo Pagioro - 24/03/2026 08:25:27 | BG18: Não Aplicável | BH18: Luiz Augusto - 12/02/2026 16:26:03 | BI18: Não Conforme | BJ18: Luiz Augusto - 11/02/2026 12:37:59 | BK18: Conforme | BL18: Marcelo Pagioro - 24/03/2026 08:25:46 | BM18: Conforme | BN18: Luiz Augusto - 11/02/2026 12:37:53 | BS18: Sim | BT18: Sim | BU18: 46105.351 | BV18: Sim | BW18: 46105.351 | BX18: Não | BZ18: Comissionamento Estático | CA18: Conforme | CB18: Alexandre Fernandes - 19/02/2026 09:38:34 | CC18: Conforme | CD18: Alexandre Fernandes - 19/02/2026 09:37:09 | CE18: Conforme | CF18: Wesley Soares - 16/03/2026 08:43:27 | CG18: Conforme | CH18: Wesley Soares - 16/03/2026 08:43:28 | CI18: Conforme | CJ18: Wesley Soares - 16/03/2026 08:43:31 | DE18: Não | DF18: Sim | DG18: 46072.402 | DH18: Sim | DI18: 46097.364 | DJ18: Sim | DK18: 46097.364 | DL18: Dinâmico Frio | DM18: Conforme | DN18: Humberto Luiz - 20/03/2026 09:52:23 | DO18: Conforme | DP18: Humberto Luiz - 17/03/2026 09:07:28 | DQ18: Conforme | DR18: Humberto Luiz - 17/03/2026 09:07:32 | DS18: Conforme | DT18: Humberto Luiz - 17/03/2026 09:07:40 | DU18: Conforme | DV18: Marcelo Pagioro - 23/03/2026 07:55:59 | DW18: Conforme | DX18: Marcelo Pagioro - 23/03/2026 07:56:01 | DY18: Conforme | DZ18: Marcelo Pagioro - 23/03/2026 13:03:18 | EA18: Conforme | EB18: Marcelo Pagioro - 23/03/2026 07:56:05 | EC18: Conforme | ED18: Marcelo Pagioro - 23/03/2026 07:56:07 | EE18: Conforme | EF18: Marcelo Pagioro - 23/03/2026 07:56:09 | EG18: Conforme | EI18: Não | EJ18: Sim | EK18: 46104.544 | EL18: Dinâmico Quente | EM18: Conforme | EN18: Wesley Soares - 16/03/2026 08:43:38 | EO18: Conforme | EP18: Wesley Soares - 16/03/2026 08:43:39 | EQ18: Conforme | ER18: Marcelo Pagioro - 23/03/2026 13:03:28 | ES18: Conforme | ET18: Marcelo Pagioro - 23/03/2026 13:03:29 | EU18: Conforme | EV18: Marcelo Pagioro - 23/03/2026 13:03:32 | EW18: Conforme | EX18: Marcelo Pagioro - 23/03/2026 13:03:35 | EY18: Conforme | EZ18: Marcelo Pagioro - 23/03/2026 13:03:38 | FA18: Conforme | FB18: Marcelo Pagioro - 23/03/2026 13:03:41 | FI18: Não | FJ18: Sim | FK18: 46104.544 | FN18: Pendente | FP18: Marcelo Pagioro - 24/03/2026 08:25:46 | FQ18: Base de Dados_Images/ER-2001.Imagem do Equipamento-.141832.jpg | FR18: Humberto Luiz - 22/01/2026 11:18:27 | FU18: =FQ18 -> Base de Dados_Images/ER-2001.Imagem do Equipamento-.141832.jpg
A19: 10&20 - R.P.E | B19: Desfibrador | C19: Motor e Bomba | D19: SX2005 | E19: Bomba Lub. Turbina Desfibrador | F19: Pré-Comissionamento | G19: Conforme | H19: Marcos Domingues - 10/03/2026 17:05:24 | I19: Conforme | J19: Bruno Borges - 13/03/2026 12:43:30 | K19: Conforme | L19: Bruno Borges - 13/03/2026 12:43:33 | M19: Conforme | N19: Bruno Borges - 13/03/2026 12:43:34 | O19: Conforme | P19: Bruno Borges - 13/03/2026 12:43:36 | Q19: Conforme | R19: Bruno Borges - 13/03/2026 12:43:38 | S19: Conforme | T19: Bruno Borges - 13/03/2026 12:43:42 | U19: Conforme | V19: Bruno Borges - 13/03/2026 12:43:45 | W19: Conforme | X19: Bruno Borges - 13/03/2026 12:43:47 | Y19: Não Aplicável | Z19: Bruno Borges - 13/03/2026 12:44:24 | AA19: Conforme | AB19: Marcos Domingues - 10/03/2026 17:05:31 | AC19: Conforme | AD19: Marcos Domingues - 10/03/2026 17:05:32 | AE19: Conforme | AF19: Marcos Domingues - 10/03/2026 17:05:34 | AG19: Conforme | AH19: Marcos Domingues - 10/03/2026 17:11:32 | AI19: Conforme | AJ19: Marcos Domingues - 10/03/2026 17:12:08 | AK19: Conforme | AL19: Marcos Domingues - 10/03/2026 17:12:01 | AM19: Não Aplicável | AN19: Bruno Borges - 13/03/2026 12:44:37 | AO19: Não Aplicável | AP19: Bruno Borges - 13/03/2026 12:44:39 | BS19: Não | BT19: Sim | BU19: 46094.531 | BV19: Sim | BW19: 46091.717 | BX19: Sim | BY19: 46094.531 | BZ19: Comissionamento Estático | CA19: Conforme | CB19: Bruno Borges - 13/03/2026 12:44:47 | CC19: Conforme | CD19: Bruno Borges - 13/03/2026 12:44:50 | CE19: Conforme | CF19: Bruno Borges - 13/03/2026 12:44:50 | CG19: Conforme | CH19: Marcos Domingues - 13/03/2026 11:45:23 | CI19: Conforme | CJ19: Marcos Domingues - 13/03/2026 11:45:01 | CK19: Conforme | CL19: Marcos Domingues - 13/03/2026 11:44:59 | DE19: Não | DF19: Sim | DG19: 46094.531 | DH19: Sim | DI19: 46094.49 | DJ19: Sim | DK19: 46094.531 | DL19: Dinâmico Frio | DM19: Conforme | DN19: Glaucia Massuia - 13/03/2026 13:06:25 | DO19: Conforme | DP19: Glaucia Massuia - 13/03/2026 13:06:28 | DQ19: Conforme | DR19: Glaucia Massuia - 13/03/2026 13:06:31 | DS19: Conforme | DT19: Glaucia Massuia - 13/03/2026 13:08:47 | EI19: Não | EJ19: Sim | EK19: 46094.548 | EL19: Dinâmico Quente | EM19: Conforme | EN19: Wesley Soares - 16/03/2026 08:43:55 | EO19: Conforme | EP19: Wesley Soares - 16/03/2026 08:43:57 | EQ19: Conforme | ER19: Wesley Soares - 16/03/2026 08:43:59 | ES19: Conforme | ET19: Wesley Soares - 16/03/2026 08:44:00 | FI19: Não | FJ19: Sim | FK19: 46097.364 | FN19: Feito | FO19: 46097.364 | FP19: Wesley Soares - 16/03/2026 08:44:00 | FQ19: Base de Dados_Images/SX2005.Imagem do Equipamento-.201240.jpg | FR19: Marcos Domingues - 10/03/2026 17:12:33 | FU19: =FQ19 -> Base de Dados_Images/SX2005.Imagem do Equipamento-.201240.jpg
A20: 10&20 - R.P.E | B20: Desfibrador | C20: PSV | D20: 10014512 | E20: Turbina - Desfibrador | F20: Pré-Comissionamento | G20: Conforme | H20: Bruno Borges - 14/03/2026 09:44:09 | I20: Conforme | J20: Bruno Borges - 14/03/2026 09:44:11 | K20: Conforme | L20: Bruno Borges - 14/03/2026 09:44:14 | M20: Conforme | N20: Bruno Borges - 14/03/2026 09:44:17 | O20: Conforme | P20: Bruno Borges - 14/03/2026 09:44:20 | BS20: Não | BT20: Sim | BU20: 46095.406 | BV20: Não Aplica | BX20: Sim | BY20: 46095.406 | BZ20: Comissionamento Estático | CA20: Conforme | CB20: Bruno Borges - 14/03/2026 09:44:27 | DE20: Não | DF20: Sim | DG20: 46095.406 | DH20: Não Aplica | DJ20: Sim | DK20: 46095.406 | DL20: Dinâmico Frio | EI20: Não | EJ20: Não Aplica | EL20: Dinâmico Quente | EM20: Conforme | EN20: Wesley Soares - 16/03/2026 08:44:14 | FI20: Não | FJ20: Sim | FK20: 46097.364 | FN20: Feito | FO20: 46097.364 | FP20: Wesley Soares - 16/03/2026 08:44:14 | FQ20: Base de Dados_Images/10014512.Imagem do Equipamento-.171622.jpg | FR20: Glaucia Massuia - 10/03/2026 14:16:17 | FU20: =FQ20 -> Base de Dados_Images/10014512.Imagem do Equipamento-.171622.jpg
A21: 10&20 - R.P.E | B21: Desfibrador | C21: Transmissor | D21: PSH-9005-17 | E21: Pressão Muito Alta De Vapor De Escape - Desfibrador | F21: Pré-Comissionamento | G21: Conforme | H21: Bruno Borges - 06/02/2026 08:23:04 | I21: Conforme | J21: Wesley Soares - 05/02/2026 14:56:32 | K21: Conforme | L21: Wesley Soares - 05/02/2026 14:56:35 | M21: Conforme | N21: Wesley Soares - 05/02/2026 14:56:37 | BS21: Não | BT21: Sim | BU21: 46059.349 | BV21: Sim | BW21: 46058.623 | BX21: Sim | BY21: 46059.349 | BZ21: Comissionamento Estático | CA21: Conforme | CB21: Marcos Domingues - 10/03/2026 18:20:47 | CC21: Não Aplicável | CD21: Marcos Domingues - 10/03/2026 18:20:49 | CE21: Não Aplicável | CF21: Marcos Domingues - 10/03/2026 18:20:49 | DE21: Não | DF21: Não Aplica | DH21: Sim | DI21: 46091.764 | DJ21: Sim | DK21: 46091.764 | DL21: Dinâmico Frio | DM21: Conforme | DN21: Alex Gomes Ferreira - 12/03/2026 19:42:32 | DO21: Conforme | DP21: Alex Gomes Ferreira - 12/03/2026 19:42:29 | EI21: Não | EJ21: Sim | EK21: 46093.821 | EL21: Dinâmico Quente | EM21: Conforme | EN21: Wesley Soares - 16/03/2026 08:44:22 | EO21: Conforme | EP21: Wesley Soares - 16/03/2026 08:44:24 | FI21: Não | FJ21: Sim | FK21: 46097.364 | FN21: Feito | FO21: 46097.364 | FP21: Wesley Soares - 16/03/2026 08:44:24 | FQ21: Base de Dados_Images/PSH-9005-17.Imagem do Equipamento-.175631.jpg | FR21: Wesley Soares - 05/02/2026 14:56:37 | FU21: =FQ21 -> Base de Dados_Images/PSH-9005-17.Imagem do Equipamento-.175631.jpg
A22: 10&20 - R.P.E | B22: Desfibrador | C22: Transmissor | D22: TT-9024-01 | E22: Temp. Mancal Axial Externo Turb. Desfibrador | F22: Pré-Comissionamento | G22: Conforme | H22: Bruno Borges - 04/03/2026 07:46:39 | I22: Conforme | J22: Marcos Domingues - 02/03/2026 16:31:38 | K22: Conforme | L22: Marcos Domingues - 02/03/2026 16:31:38 | M22: Conforme | N22: Marcos Domingues - 02/03/2026 16:31:39 | BS22: Não | BT22: Sim | BU22: 46085.324 | BV22: Sim | BW22: 46083.689 | BX22: Sim | BY22: 46085.324 | BZ22: Comissionamento Estático | CA22: Conforme | CB22: Marcos Domingues - 10/03/2026 22:34:43 | CC22: Não Aplicável | CD22: Marcos Domingues - 10/03/2026 22:34:43 | CE22: Não Aplicável | CF22: Marcos Domingues - 10/03/2026 22:34:44 | DE22: Não | DF22: Não Aplica | DH22: Sim | DI22: 46091.941 | DJ22: Sim | DK22: 46091.941 | DL22: Dinâmico Frio | DM22: Conforme | DN22: Marcos Domingues - 13/03/2026 11:19:38 | DO22: Conforme | DP22: Marcos Domingues - 13/03/2026 11:19:38 | EI22: Não | EJ22: Sim | EK22: 46094.472 | EL22: Dinâmico Quente | EM22: Conforme | EN22: Wesley Soares - 16/03/2026 08:45:16 | EO22: Conforme | EP22: Wesley Soares - 16/03/2026 08:45:17 | FI22: Não | FJ22: Sim | FK22: 46097.365 | FN22: Feito | FO22: 46097.365 | FP22: Wesley Soares - 16/03/2026 08:45:17 | FQ22: Base de Dados_Images/TT-9024-01.Imagem do Equipamento-.193138.jpg | FR22: Marcos Domingues - 02/03/2026 16:31:39 | FU22: =FQ22 -> Base de Dados_Images/TT-9024-01.Imagem do Equipamento-.193138.jpg
A23: 10&20 - R.P.E | B23: Desfibrador | C23: Transmissor | D23: TT-9025-01 | E23: Temp. Mancal Axial Interno Turb. Desfibrador | F23: Pré-Comissionamento | G23: Conforme | H23: Bruno Borges - 04/03/2026 07:46:46 | I23: Conforme | J23: Marcos Domingues - 02/03/2026 16:30:57 | K23: Conforme | L23: Marcos Domingues - 02/03/2026 16:30:57 | M23: Conforme | N23: Marcos Domingues - 02/03/2026 16:30:57 | BS23: Não | BT23: Sim | BU23: 46085.324 | BV23: Sim | BW23: 46083.688 | BX23: Sim | BY23: 46085.324 | BZ23: Comissionamento Estático | CA23: Conforme | CB23: Marcos Domingues - 10/03/2026 22:34:28 | CC23: Não Aplicável | CD23: Marcos Domingues - 10/03/2026 22:34:29 | CE23: Não Aplicável | CF23: Marcos Domingues - 10/03/2026 22:34:29 | DE23: Não | DF23: Não Aplica | DH23: Sim | DI23: 46091.941 | DJ23: Sim | DK23: 46091.941 | DL23: Dinâmico Frio | DM23: Conforme | DN23: Marcos Domingues - 13/03/2026 11:19:53 | DO23: Conforme | DP23: Marcos Domingues - 13/03/2026 11:19:53 | EI23: Não | EJ23: Sim | EK23: 46094.472 | EL23: Dinâmico Quente | EM23: Conforme | EN23: Wesley Soares - 16/03/2026 08:45:26 | EO23: Conforme | EP23: Wesley Soares - 16/03/2026 08:45:27 | FI23: Não | FJ23: Sim | FK23: 46097.365 | FN23: Feito | FO23: 46097.365 | FP23: Wesley Soares - 16/03/2026 08:45:27 | FQ23: Base de Dados_Images/TT-9025-01.Imagem do Equipamento-.193058.jpg | FR23: Marcos Domingues - 02/03/2026 16:30:57 | FU23: =FQ23 -> Base de Dados_Images/TT-9025-01.Imagem do Equipamento-.193058.jpg
A24: 10&20 - R.P.E | B24: Desfibrador | C24: Transmissor | D24: TT-9026-01 | E24: Temp. Mancal Radial Anterior Turb. Desfibrador | F24: Pré-Comissionamento | G24: Conforme | H24: Bruno Borges - 04/03/2026 07:46:51 | I24: Conforme | J24: Marcos Domingues - 02/03/2026 16:30:19 | K24: Conforme | L24: Marcos Domingues - 02/03/2026 16:30:19 | M24: Conforme | N24: Marcos Domingues - 02/03/2026 16:30:20 | BS24: Não | BT24: Sim | BU24: 46085.324 | BV24: Sim | BW24: 46083.688 | BX24: Sim | BY24: 46085.324 | BZ24: Comissionamento Estático | CA24: Conforme | CB24: Alex Gomes Ferreira - 12/03/2026 20:53:50 | CC24: Não Aplicável | CD24: Alex Gomes Ferreira - 12/03/2026 20:53:54 | CE24: Não Aplicável | CF24: Alex Gomes Ferreira - 12/03/2026 20:53:56 | DE24: Não | DF24: Não Aplica | DH24: Sim | DI24: 46093.871 | DJ24: Sim | DK24: 46093.871 | DL24: Dinâmico Frio | DM24: Conforme | DN24: Alex Gomes Ferreira - 12/03/2026 20:54:01 | DO24: Conforme | DP24: Alex Gomes Ferreira - 12/03/2026 20:54:03 | EI24: Não | EJ24: Sim | EK24: 46093.871 | EL24: Dinâmico Quente | EM24: Conforme | EN24: Wesley Soares - 16/03/2026 08:45:34 | EO24: Conforme | EP24: Wesley Soares - 16/03/2026 08:45:35 | FI24: Não | FJ24: Sim | FK24: 46097.365 | FN24: Feito | FO24: 46097.365 | FP24: Wesley Soares - 16/03/2026 08:45:35 | FQ24: Base de Dados_Images/TT-9026-01.Imagem do Equipamento-.193014.jpg | FR24: Marcos Domingues - 02/03/2026 16:30:20 | FU24: =FQ24 -> Base de Dados_Images/TT-9026-01.Imagem do Equipamento-.193014.jpg
A25: 10&20 - R.P.E | B25: Desfibrador | C25: Transmissor | D25: TT-9027-01 | E25: Temp. Mancal Radial Posterior Turb. Desfibrador | F25: Pré-Comissionamento | G25: Conforme | H25: Bruno Borges - 04/03/2026 07:46:57 | I25: Conforme | J25: Marcos Domingues - 10/03/2026 22:33:32 | K25: Conforme | L25: Marcos Domingues - 10/03/2026 22:33:34 | M25: Conforme | N25: Marcos Domingues - 10/03/2026 22:33:36 | BS25: Não | BT25: Sim | BU25: 46085.324 | BV25: Sim | BW25: 46091.94 | BX25: Sim | BY25: 46091.94 | BZ25: Comissionamento Estático | CA25: Conforme | CB25: Marcos Domingues - 10/03/2026 22:33:42 | CC25: Não Aplicável | CD25: Marcos Domingues - 10/03/2026 22:33:43 | CE25: Não Aplicável | CF25: Marcos Domingues - 10/03/2026 22:33:44 | DE25: Não | DF25: Não Aplica | DH25: Sim | DI25: 46091.94 | DJ25: Sim | DK25: 46091.94 | DL25: Dinâmico Frio | DM25: Conforme | DN25: Alex Gomes Ferreira - 12/03/2026 20:54:16 | DO25: Conforme | DP25: Alex Gomes Ferreira - 12/03/2026 20:54:16 | EI25: Não | EJ25: Sim | EK25: 46093.871 | EL25: Dinâmico Quente | EM25: Conforme | EN25: Wesley Soares - 16/03/2026 08:45:42 | EO25: Conforme | EP25: Wesley Soares - 16/03/2026 08:45:43 | FI25: Não | FJ25: Sim | FK25: 46097.365 | FN25: Feito | FO25: 46097.365 | FP25: Wesley Soares - 16/03/2026 08:45:43 | FQ25: Base de Dados_Images/TT-9027-01.Imagem do Equipamento-.123758.jpg | FR25: Marcos Domingues - 03/03/2026 08:56:03 | FU25: =FQ25 -> Base de Dados_Images/TT-9027-01.Imagem do Equipamento-.123758.jpg
A26: 10&20 - R.P.E | B26: Desfibrador | C26: Transmissor | D26: TT-9028-01 | E26: Temp. Óleo Lubrificação Turb. Desfibrador | F26: Pré-Comissionamento | G26: Conforme | H26: Bruno Borges - 04/03/2026 07:47:13 | I26: Conforme | J26: Marcos Domingues - 02/03/2026 16:28:52 | K26: Conforme | L26: Marcos Domingues - 02/03/2026 16:28:53 | M26: Conforme | N26: Marcos Domingues - 02/03/2026 16:28:53 | BS26: Não | BT26: Sim | BU26: 46085.324 | BV26: Sim | BW26: 46083.687 | BX26: Sim | BY26: 46085.324 | BZ26: Comissionamento Estático | CA26: Conforme | CB26: Marcos Domingues - 10/03/2026 22:34:04 | CC26: Não Aplicável | CD26: Marcos Domingues - 10/03/2026 22:34:06 | CE26: Não Aplicável | CF26: Marcos Domingues - 10/03/2026 22:34:07 | DE26: Não | DF26: Não Aplica | DH26: Sim | DI26: 46091.94 | DJ26: Sim | DK26: 46091.94 | DL26: Dinâmico Frio | DM26: Conforme | DN26: Alex Gomes Ferreira - 12/03/2026 20:54:31 | DO26: Conforme | DP26: Alex Gomes Ferreira - 12/03/2026 20:54:33 | EI26: Não | EJ26: Sim | EK26: 46093.871 | EL26: Dinâmico Quente | EM26: Conforme | EN26: Wesley Soares - 16/03/2026 08:45:50 | EO26: Conforme | EP26: Wesley Soares - 16/03/2026 08:45:51 | FI26: Não | FJ26: Sim | FK26: 46097.365 | FN26: Feito | FO26: 46097.365 | FP26: Wesley Soares - 16/03/2026 08:45:51 | FQ26: Base de Dados_Images/TT-9028-01.Imagem do Equipamento-.192844.jpg | FR26: Marcos Domingues - 02/03/2026 16:28:53 | FU26: =FQ26 -> Base de Dados_Images/TT-9028-01.Imagem do Equipamento-.192844.jpg
A27: 10&20 - R.P.E | B27: Desfibrador | C27: Transmissor | D27: TT-9029-01 | E27: Temp. Vapor Entrada Turb. Desfibrador | F27: Pré-Comissionamento | G27: Conforme | H27: Alexandre Fernandes - 19/02/2026 10:59:45 | I27: Conforme | J27: Marcos Domingues - 13/02/2026 12:01:52 | K27: Conforme | L27: Marcos Domingues - 13/02/2026 12:01:53 | M27: Conforme | N27: Marcos Domingues - 13/02/2026 12:01:53 | BS27: Não | BT27: Sim | BU27: 46072.458 | BV27: Sim | BW27: 46066.501 | BX27: Sim | BY27: 46072.458 | BZ27: Comissionamento Estático | CA27: Conforme | CB27: Marcos Domingues - 10/03/2026 22:33:12 | CC27: Não Aplicável | CD27: Marcos Domingues - 10/03/2026 22:33:13 | CE27: Não Aplicável | CF27: Marcos Domingues - 10/03/2026 22:33:14 | DE27: Não | DF27: Não Aplica | DH27: Sim | DI27: 46091.94 | DJ27: Sim | DK27: 46091.94 | DL27: Dinâmico Frio | DM27: Conforme | DN27: Alex Gomes Ferreira - 12/03/2026 20:54:47 | DO27: Conforme | DP27: Alex Gomes Ferreira - 12/03/2026 20:54:48 | EI27: Não | EJ27: Sim | EK27: 46093.871 | EL27: Dinâmico Quente | EM27: Conforme | EN27: Wesley Soares - 16/03/2026 08:46:02 | EO27: Conforme | EP27: Wesley Soares - 16/03/2026 08:46:03 | FI27: Não | FJ27: Sim | FK27: 46097.365 | FN27: Feito | FO27: 46097.365 | FP27: Wesley Soares - 16/03/2026 08:46:03 | FQ27: Base de Dados_Images/TT-9029-01.Imagem do Equipamento-.150152.jpg | FR27: Marcos Domingues - 13/02/2026 12:01:53 | FU27: =FQ27 -> Base de Dados_Images/TT-9029-01.Imagem do Equipamento-.150152.jpg
A28: 10&20 - R.P.E | B28: Desfibrador | C28: Transmissor | D28: TT-9030-01 | E28: Temp. Vapor Saida Turb. Desfibrador | F28: Pré-Comissionamento | G28: Conforme | H28: Alexandre Fernandes - 19/02/2026 10:59:48 | I28: Conforme | J28: Marcos Domingues - 13/02/2026 12:01:18 | K28: Conforme | L28: Marcos Domingues - 13/02/2026 12:01:19 | M28: Conforme | N28: Marcos Domingues - 13/02/2026 12:01:19 | BS28: Não | BT28: Sim | BU28: 46072.458 | BV28: Sim | BW28: 46066.501 | BX28: Sim | BY28: 46072.458 | BZ28: Comissionamento Estático | CA28: Conforme | CB28: Marcos Domingues - 10/03/2026 22:37:01 | CC28: Não Aplicável | CD28: Marcos Domingues - 10/03/2026 22:37:02 | CE28: Não Aplicável | CF28: Marcos Domingues - 10/03/2026 22:37:03 | DE28: Não | DF28: Não Aplica | DH28: Sim | DI28: 46091.942 | DJ28: Sim | DK28: 46091.942 | DL28: Dinâmico Frio | DM28: Conforme | DN28: Alex Gomes Ferreira - 12/03/2026 20:54:58 | DO28: Conforme | DP28: Alex Gomes Ferreira - 12/03/2026 20:54:59 | EI28: Não | EJ28: Sim | EK28: 46093.872 | EL28: Dinâmico Quente | EM28: Conforme | EN28: Wesley Soares - 16/03/2026 08:46:12 | EO28: Conforme | EP28: Wesley Soares - 16/03/2026 08:46:13 | FI28: Não | FJ28: Sim | FK28: 46097.365 | FN28: Feito | FO28: 46097.365 | FP28: Wesley Soares - 16/03/2026 08:46:13 | FQ28: Base de Dados_Images/TT-9030-01.Imagem do Equipamento-.150115.jpg | FR28: Marcos Domingues - 13/02/2026 12:01:19 | FU28: =FQ28 -> Base de Dados_Images/TT-9030-01.Imagem do Equipamento-.150115.jpg
A29: 10&20 - R.P.E | B29: Desfibrador | C29: Transmissor | D29: TT-9033-01 | E29: Temp. Mancal L.A - Desfibrador | F29: Pré-Comissionamento | G29: Conforme | H29: Bruno Borges - 04/03/2026 07:48:00 | I29: Conforme | J29: Marcos Domingues - 03/03/2026 09:14:35 | K29: Conforme | L29: Marcos Domingues - 03/03/2026 09:14:35 | M29: Conforme | N29: Marcos Domingues - 03/03/2026 09:14:36 | BS29: Não | BT29: Sim | BU29: 46085.325 | BV29: Sim | BW29: 46084.385 | BX29: Sim | BY29: 46085.325 | BZ29: Comissionamento Estático | CA29: Conforme | CB29: Marcos Domingues - 10/03/2026 22:37:42 | CC29: Não Aplicável | CD29: Marcos Domingues - 03/03/2026 09:14:44 | CE29: Não Aplicável | CF29: Marcos Domingues - 10/03/2026 22:37:43 | DE29: Não | DF29: Não Aplica | DH29: Sim | DI29: 46091.943 | DJ29: Sim | DK29: 46091.943 | DL29: Dinâmico Frio | DM29: Conforme | DN29: Alex Gomes Ferreira - 12/03/2026 20:55:09 | DO29: Conforme | DP29: Alex Gomes Ferreira - 12/03/2026 20:55:10 | EI29: Não | EJ29: Sim | EK29: 46093.872 | EL29: Dinâmico Quente | EM29: Conforme | EN29: Wesley Soares - 16/03/2026 08:46:20 | EO29: Conforme | EP29: Wesley Soares - 16/03/2026 08:46:21 | FI29: Não | FJ29: Sim | FK29: 46097.366 | FN29: Feito | FO29: 46097.366 | FP29: Wesley Soares - 16/03/2026 08:46:21 | FQ29: Base de Dados_Images/TT-9033-01.Imagem do Equipamento-.123808.jpg | FR29: Marcos Domingues - 03/03/2026 09:14:44 | FU29: =FQ29 -> Base de Dados_Images/TT-9033-01.Imagem do Equipamento-.123808.jpg
A30: 10&20 - R.P.E | B30: Desfibrador | C30: Transmissor | D30: TT-9034-01 | E30: Temp. Mancal L.Ñ.A - Desfibrador | F30: Pré-Comissionamento | G30: Conforme | H30: Bruno Borges - 04/03/2026 07:48:23 | I30: Conforme | J30: Marcos Domingues - 03/03/2026 09:38:35 | K30: Conforme | L30: Marcos Domingues - 03/03/2026 09:38:35 | M30: Conforme | N30: Marcos Domingues - 03/03/2026 09:38:36 | BS30: Não | BT30: Sim | BU30: 46085.325 | BV30: Sim | BW30: 46084.402 | BX30: Sim | BY30: 46085.325 | BZ30: Comissionamento Estático | CA30: Conforme | CB30: Marcos Domingues - 10/03/2026 22:37:57 | CC30: Não Aplicável | CD30: Marcos Domingues - 03/03/2026 09:38:40 | CE30: Não Aplicável | CF30: Marcos Domingues - 10/03/2026 22:37:58 | DE30: Não | DF30: Não Aplica | DH30: Sim | DI30: 46091.943 | DJ30: Sim | DK30: 46091.943 | DL30: Dinâmico Frio | DM30: Conforme | DN30: Alex Gomes Ferreira - 12/03/2026 20:55:20 | DO30: Conforme | DP30: Alex Gomes Ferreira - 12/03/2026 20:55:21 | EI30: Não | EJ30: Sim | EK30: 46093.872 | EL30: Dinâmico Quente | EM30: Conforme | EN30: Wesley Soares - 16/03/2026 08:46:28 | EO30: Conforme | EP30: Wesley Soares - 16/03/2026 08:46:30 | FI30: Não | FJ30: Sim | FK30: 46097.366 | FN30: Feito | FO30: 46097.366 | FP30: Wesley Soares - 16/03/2026 08:46:30 | FQ30: Base de Dados_Images/TT-9034-01.Imagem do Equipamento-.123835.jpg | FR30: Marcos Domingues - 03/03/2026 09:38:40 | FU30: =FQ30 -> Base de Dados_Images/TT-9034-01.Imagem do Equipamento-.123835.jpg
A31: 10&20 - R.P.E | B31: Desfibrador | C31: Transmissor | D31: PIT-9013-02 | E31: Pressão Vapor Vivo Turb. Desfibrador | F31: Pré-Comissionamento | G31: Conforme | H31: Bruno Borges - 06/02/2026 08:23:12 | I31: Conforme | J31: Wesley Soares - 05/02/2026 14:54:43 | K31: Conforme | L31: Wesley Soares - 05/02/2026 14:54:45 | M31: Conforme | N31: Wesley Soares - 05/02/2026 14:54:47 | BS31: Não | BT31: Sim | BU31: 46059.349 | BV31: Sim | BW31: 46058.621 | BX31: Sim | BY31: 46059.349 | BZ31: Comissionamento Estático | CA31: Conforme | CB31: Marcos Domingues - 10/03/2026 18:18:42 | CC31: Conforme | CD31: Marcos Domingues - 10/03/2026 18:18:43 | CE31: Não Aplicável | CF31: Marcos Domingues - 10/03/2026 18:18:43 | DE31: Não | DF31: Não Aplica | DH31: Sim | DI31: 46091.763 | DJ31: Sim | DK31: 46091.763 | DL31: Dinâmico Frio | DM31: Conforme | DN31: Alex Gomes Ferreira - 12/03/2026 20:55:42 | DO31: Conforme | DP31: Alex Gomes Ferreira - 12/03/2026 20:55:43 | EI31: Não | EJ31: Sim | EK31: 46093.872 | EL31: Dinâmico Quente | EM31: Conforme | EN31: Wesley Soares - 16/03/2026 08:46:37 | EO31: Conforme | EP31: Wesley Soares - 16/03/2026 08:46:38 | FI31: Não | FJ31: Sim | FK31: 46097.366 | FN31: Feito | FO31: 46097.366 | FP31: Wesley Soares - 16/03/2026 08:46:38 | FQ31: Base de Dados_Images/PIT-9013-02.Imagem do Equipamento-.174418.jpg | FR31: Glaucia Massuia - 05/02/2026 14:44:14 | FU31: =FQ31 -> Base de Dados_Images/PIT-9013-02.Imagem do Equipamento-.174418.jpg
A32: 10&20 - R.P.E | B32: Desfibrador | C32: Transmissor | D32: PIT-9014-02 | E32: Pressão Câmara Roda Turb. Desfibrador | F32: Pré-Comissionamento | G32: Conforme | H32: Bruno Borges - 06/02/2026 08:23:19 | I32: Conforme | J32: Wesley Soares - 05/02/2026 14:55:04 | K32: Conforme | L32: Wesley Soares - 05/02/2026 14:55:05 | M32: Conforme | N32: Wesley Soares - 05/02/2026 14:55:08 | BS32: Não | BT32: Sim | BU32: 46059.35 | BV32: Sim | BW32: 46058.622 | BX32: Sim | BY32: 46059.35 | BZ32: Comissionamento Estático | CA32: Conforme | CB32: Marcos Domingues - 10/03/2026 18:19:22 | CC32: Conforme | CD32: Marcos Domingues - 10/03/2026 18:19:22 | CE32: Não Aplicável | CF32: Marcos Domingues - 10/03/2026 18:19:23 | DE32: Não | DF32: Não Aplica | DH32: Sim | DI32: 46091.763 | DJ32: Sim | DK32: 46091.763 | DL32: Dinâmico Frio | DM32: Conforme | DN32: Alex Gomes Ferreira - 12/03/2026 20:55:55 | DO32: Conforme | DP32: Alex Gomes Ferreira - 12/03/2026 20:55:56 | EI32: Não | EJ32: Sim | EK32: 46093.872 | EL32: Dinâmico Quente | EM32: Conforme | EN32: Wesley Soares - 16/03/2026 08:46:45 | EO32: Conforme | EP32: Wesley Soares - 16/03/2026 08:46:47 | FI32: Não | FJ32: Sim | FK32: 46097.366 | FN32: Feito | FO32: 46097.366 | FP32: Wesley Soares - 16/03/2026 08:46:47 | FQ32: Base de Dados_Images/PIT-9014-02.Imagem do Equipamento-.174316.jpg | FR32: Glaucia Massuia - 05/02/2026 14:43:12 | FU32: =FQ32 -> Base de Dados_Images/PIT-9014-02.Imagem do Equipamento-.174316.jpg
... A48: 10&20 - R.P.E | B48: Desfibrador | C48: Transmissor | D48: LIT-9025-03 | E48: Transmissor(Apalpador - Tp) De Nível Da Esteira De Retorno De Cana Desfibrada | F48: Pré-Comissionamento | G48: Conforme | H48: Alex Gomes Ferreira - 12/03/2026 21:09:11 | I48: Conforme | J48: Marcos Domingues - 10/03/2026 18:31:00 | K48: Conforme | L48: Marcos Domingues - 10/03/2026 18:31:01 | M48: Conforme | N48: Marcos Domingues - 10/03/2026 18:31:03 | BS48: Não | BT48: Sim | BU48: 46093.881 | BV48: Sim | BW48: 46091.772 | BX48: Sim | BY48: 46093.881 | BZ48: Comissionamento Estático | CA48: Conforme | CB48: Marcos Domingues - 10/03/2026 18:31:09 | CC48: Conforme | CD48: Marcos Domingues - 10/03/2026 18:31:09 | CE48: Não Aplicável | CF48: Marcos Domingues - 10/03/2026 18:31:11 | DE48: Não | DF48: Não Aplica | DH48: Sim | DI48: 46091.772 | DJ48: Sim | DK48: 46091.772 | DL48: Dinâmico Frio | DM48: Conforme | DN48: Alex Gomes Ferreira - 12/03/2026 21:09:24 | DO48: Conforme | DP48: Alex Gomes Ferreira - 12/03/2026 21:09:24 | EI48: Não | EJ48: Sim | EK48: 46093.882 | EL48: Dinâmico Quente | EM48: Conforme | EN48: Wesley Soares - 16/03/2026 08:48:58 | EO48: Conforme | EP48: Wesley Soares - 16/03/2026 08:48:59 | FI48: Não | FJ48: Sim | FK48: 46097.367 | FN48: Feito | FO48: 46097.367 | FP48: Wesley Soares - 16/03/2026 08:48:59 | FQ48: Base de Dados_Images/LIT-9025-03.Imagem do Equipamento-.214542.jpg | FR48: Marcos Domingues - 10/03/2026 18:31:11 | FU48: =FQ48 -> Base de Dados_Images/LIT-9025-03.Imagem do Equipamento-.214542.jpg
A49: 10&20 - R.P.E | B49: Difusor | C49: Controlador | D49: FIC-9000-04 | E49: Controle De Vazão De Embebição Do Difusor | F49: Pré-Comissionamento | BS49: Não | BT49: Não Aplica | BV49: Não Aplica | BX49: Não Aplica | BZ49: Comissionamento Estático | DE49: Não | DF49: Não Aplica | DH49: Não Aplica | DJ49: Não Aplica | DL49: Dinâmico Frio | DM49: Conforme | DN49: Wesley Soares - 16/03/2026 08:57:10 | DO49: Conforme | DP49: Wesley Soares - 16/03/2026 08:57:12 | EI49: Não | EJ49: Sim | EK49: 46097.373 | EL49: Dinâmico Quente | EM49: Conforme | EN49: Marcelo Pagioro - 23/03/2026 10:32:04 | EO49: Conforme | EP49: Marcelo Pagioro - 23/03/2026 10:32:06 | FI49: Não | FJ49: Sim | FK49: 46104.439 | FN49: Feito | FO49: 46104.439 | FP49: Marcelo Pagioro - 23/03/2026 10:32:06 | FQ49: Base de Dados_Images/FIC-9000-04.Imagem do Equipamento-.204737.jpg | FR49: Marcos Domingues - 02/03/2026 17:47:31 | FU49: =FQ49 -> Base de Dados_Images/FIC-9000-04.Imagem do Equipamento-.204737.jpg
A50: 10&20 - R.P.E | B50: Difusor | C50: Descarregador Rotativo | D50: EP-2001 | E50: Descarregador Rotativo Da Saída Do Difusor | F50: Pré-Comissionamento | G50: Conforme | H50: Marcelo Pagioro - 19/03/2026 10:54:29 | I50: Conforme | J50: Marcelo Pagioro - 19/03/2026 10:54:33 | K50: Conforme | L50: Marcelo Pagioro - 19/03/2026 10:54:45 | M50: Conforme | N50: Marcelo Pagioro - 19/03/2026 10:54:50 | O50: Conforme | P50: Marcelo Pagioro - 23/03/2026 07:38:33 | Q50: Conforme | R50: Marcelo Pagioro - 19/03/2026 10:55:06 | S50: Conforme | T50: Marcelo Pagioro - 19/03/2026 10:55:12 | U50: Conforme | V50: Marcelo Pagioro - 19/03/2026 10:56:32 | W50: Conforme | X50: Marcelo Pagioro - 19/03/2026 10:55:27 | Y50: Conforme | Z50: Marcelo Pagioro - 19/03/2026 10:55:36 | AA50: Conforme | AB50: Marcelo Pagioro - 19/03/2026 10:55:40 | AC50: Conforme | AD50: Marcelo Pagioro - 19/03/2026 10:55:47 | AE50: Conforme | AF50: Marcelo Pagioro - 19/03/2026 10:56:00 | AG50: Conforme | AH50: Marcelo Pagioro - 19/03/2026 10:56:05 | AI50: Conforme | AJ50: Marcelo Pagioro - 23/03/2026 07:38:39 | AK50: Conforme | AL50: Marcelo Pagioro - 23/03/2026 07:38:41 | BS50: Não | BT50: Sim | BU50: 46104.318 | BV50: Sim | BW50: 46104.319 | BX50: Sim | BY50: 46104.319 | BZ50: Comissionamento Estático | CA50: Conforme | CB50: Marcelo Pagioro - 19/03/2026 10:57:05 | CC50: Conforme | CD50: Marcelo Pagioro - 23/03/2026 07:38:51 | CE50: Conforme | CF50: Marcelo Pagioro - 23/03/2026 07:38:53 | CG50: Conforme | CH50: Marcelo Pagioro - 23/03/2026 07:38:55 | DE50: Não | DF50: Sim | DG50: 46100.456 | DH50: Sim | DI50: 46104.319 | DJ50: Sim | DK50: 46104.319 | DL50: Dinâmico Frio | DM50: Conforme | DN50: Marcelo Pagioro - 24/03/2026 08:28:51 | DO50: Conforme | DP50: Marcelo Pagioro - 24/03/2026 08:28:54 | DQ50: Conforme | DR50: Marcelo Pagioro - 24/03/2026 08:28:56 | DS50: Conforme | DT50: Marcelo Pagioro - 24/03/2026 08:28:59 | EI50: Não | EJ50: Sim | EK50: 46105.353 | EL50: Dinâmico Quente | FI50: Não | FJ50: Não Aplica | FN50: Feito | FO50: 46105.353 | FP50: Marcelo Pagioro - 24/03/2026 08:28:59 | FQ50: Base de Dados_Images/EP-2001.Imagem do Equipamento-.085100.jpg | FR50: Marcos Domingues - 01/03/2026 05:50:53 | FU50: =FQ50 -> Base de Dados_Images/EP-2001.Imagem do Equipamento-.085100.jpg
A51: 10&20 - R.P.E | B51: Difusor | C51: Difusor | D51: ET-2001 | E51: Difusor | F51: Pré-Comissionamento | G51: Não Conforme | H51: Glaucia Massuia - 19/02/2026 17:34:45 | I51: Conforme | J51: Bruno Borges - 02/02/2026 07:56:44 | K51: Conforme | L51: Bruno Borges - 02/02/2026 07:56:46 | M51: Conforme | N51: Bruno Borges - 02/02/2026 07:56:48 | O51: Conforme | P51: Bruno Borges - 02/02/2026 07:56:50 | Q51: Conforme | R51: Bruno Borges - 02/02/2026 07:56:51 | S51: Conforme | T51: Bruno Borges - 02/02/2026 07:58:02 | U51: Conforme | V51: Bruno Borges - 02/02/2026 07:58:04 | W51: Conforme | X51: Bruno Borges - 02/02/2026 07:58:06 | Y51: Conforme | Z51: Bruno Borges - 02/02/2026 07:58:21 | AA51: Conforme | AB51: Bruno Borges - 02/02/2026 07:58:31 | AC51: Conforme | AD51: Bruno Borges - 02/02/2026 07:58:35 | AE51: Conforme | AF51: Bruno Borges - 02/02/2026 07:58:38 | AG51: Conforme | AH51: Bruno Borges - 02/02/2026 07:58:42 | AI51: Conforme | AJ51: Bruno Borges - 02/02/2026 07:58:44 | AK51: Conforme | AL51: Bruno Borges - 02/02/2026 07:58:47 | AM51: Conforme | AN51: Wesley Soares - 27/01/2026 09:29:14 | AO51: Conforme | AP51: Wesley Soares - 27/01/2026 09:29:39 | AQ51: Conforme | AR51: Wesley Soares - 27/01/2026 09:29:42 | AS51: Conforme | AT51: Wesley Soares - 27/01/2026 09:29:45 | AU51: Conforme | AV51: Wesley Soares - 27/01/2026 09:29:47 | AW51: Não Aplicável | AX51: Marcelo Pagioro - 25/03/2026 17:03:27 | AY51: Conforme | AZ51: Glaucia Massuia - 02/03/2026 18:05:35 | BA51: Não Conforme | BB51: Marcelo Pagioro - 24/03/2026 08:29:33 | BS51: Sim | BT51: Não | BV51: Não | BX51: Não | BZ51: Comissionamento Estático | CA51: Não Conforme | CB51: Glaucia Massuia - 15/03/2026 14:51:04 | CC51: Conforme | CD51: Bruno Borges - 10/03/2026 09:51:40 | CE51: Conforme | CF51: Alexandre Fernandes - 19/02/2026 13:12:24 | CG51: Conforme | CH51: Bruno Borges - 10/03/2026 09:51:45 | CI51: Não Aplicável | CJ51: Alexandre Fernandes - 19/02/2026 13:12:50 | CK51: Não Aplicável | CL51: Alexandre Fernandes - 19/02/2026 13:12:44 | CM51: Conforme | CN51: Alexandre Fernandes - 19/02/2026 13:13:13 | CO51: Conforme | CP51: Wesley Soares - 19/02/2026 16:30:22 | CQ51: Conforme | CR51: Wesley Soares - 19/02/2026 16:30:24 | CS51: Não Aplicável | CT51: Wesley Soares - 19/02/2026 16:30:27 | CU51: Conforme | CV51: Glaucia Massuia - 02/03/2026 18:05:43 | DE51: Sim | DF51: Não | DH51: Sim | DI51: 46083.754 | DJ51: Não | DL51: Dinâmico Frio | DM51: Conforme | DN51: Wesley Soares - 16/03/2026 08:58:44 | DO51: Conforme | DP51: Wesley Soares - 16/03/2026 08:58:46 | DQ51: Conforme | DR51: Wesley Soares - 16/03/2026 08:58:49 | DS51: Conforme | DT51: Humberto Luiz - 17/03/2026 09:08:50 | DU51: Conforme | DV51: Marcelo Pagioro - 23/03/2026 10:34:16 | DW51: Conforme | DX51: Humberto Luiz - 17/03/2026 09:09:00 | DY51: Conforme | DZ51: Marcelo Pagioro - 23/03/2026 10:32:32 | EA51: Conforme | EB51: Marcelo Pagioro - 23/03/2026 10:33:39 | EC51: Conforme | ED51: Marcelo Pagioro - 23/03/2026 10:33:39 | EI51: Não | EJ51: Sim | EK51: 46104.44 | EL51: Dinâmico Quente | EM51: Conforme | EN51: Warlei Carvalho - 25/03/2026 08:32:02 | EO51: Conforme | EP51: Warlei Carvalho - 25/03/2026 08:32:29 | EQ51: Conforme | ER51: Warlei Carvalho - 25/03/2026 08:32:23 | ES51: Não Conforme | ET51: Warlei Carvalho - 25/03/2026 08:32:45 | EU51: Conforme | EV51: Warlei Carvalho - 25/03/2026 08:32:33 | EW51: Conforme | EX51: Warlei Carvalho - 25/03/2026 08:32:36 | EY51: Conforme | EZ51: Warlei Carvalho - 25/03/2026 08:32:38 | FI51: Sim | FJ51: Não | FN51: Pendente | FP51: Marcelo Pagioro - 25/03/2026 17:03:27 | FQ51: Base de Dados_Images/ET-2001.Imagem do Equipamento-.141000.jpg | FR51: Humberto Luiz - 22/01/2026 11:09:53 | FU51: =FQ51 -> Base de Dados_Images/ET-2001.Imagem do Equipamento-.141000.jpg
A52: 10&20 - R.P.E | B52: Difusor | C52: Esteira de Borracha | D52: EB-2002 | E52: Esteira De Saída Do Difusor | F52: Pré-Comissionamento | G52: Conforme | H52: Bruno Borges - 02/02/2026 07:59:58 | I52: Conforme | J52: Bruno Borges - 02/02/2026 08:00:00 | K52: Conforme | L52: Bruno Borges - 02/02/2026 08:00:03 | M52: Conforme | N52: Bruno Borges - 02/02/2026 08:00:06 | O52: Conforme | P52: Bruno Borges - 02/02/2026 08:00:08 | Q52: Conforme | R52: Bruno Borges - 02/02/2026 08:00:10 | S52: Conforme | T52: Bruno Borges - 02/02/2026 08:00:12 | U52: Conforme | V52: Bruno Borges - 02/02/2026 08:00:13 | W52: Conforme | X52: Bruno Borges - 02/02/2026 08:00:16 | Y52: Conforme | Z52: Bruno Borges - 02/02/2026 08:00:19 | AA52: Conforme | AB52: Bruno Borges - 02/02/2026 08:00:22 | AC52: Conforme | AD52: Bruno Borges - 02/02/2026 08:00:24 | AE52: Conforme | AF52: Bruno Borges - 02/02/2026 08:00:26 | AG52: Conforme | AH52: Bruno Borges - 02/02/2026 08:00:30 | AI52: Conforme | AJ52: Bruno Borges - 02/02/2026 08:00:32 | AK52: Não Aplicável | AL52: Alexandre Fernandes - 19/02/2026 08:43:22 | AM52: Conforme | AN52: Bruno Borges - 02/02/2026 08:00:39 | AO52: Conforme | AP52: Bruno Borges - 02/02/2026 08:00:42 | AQ52: Conforme | AR52: Glaucia Massuia - 15/03/2026 14:50:05 | AS52: Conforme | AT52: Wesley Soares - 27/01/2026 09:39:01 | AU52: Conforme | AV52: Wesley Soares - 27/01/2026 09:39:04 | AW52: Conforme | AX52: Wesley Soares - 27/01/2026 09:39:06 | AY52: Conforme | AZ52: Wesley Soares - 27/01/2026 09:39:08 | BA52: Conforme | BB52: Wesley Soares - 27/01/2026 09:39:11 | BC52: Conforme | BD52: Glaucia Massuia - 02/03/2026 14:03:53 | BE52: Conforme | BF52: Wesley Soares - 27/01/2026 09:39:17 | BG52: Conforme | BH52: Alexandre Fernandes - 19/02/2026 08:44:23 | BI52: Conforme | BJ52: Luiz Augusto - 11/02/2026 12:39:33 | BK52: Não Conforme | BL52: Luiz Augusto - 11/02/2026 12:39:29 | BM52: Conforme | BN52: Luiz Augusto - 11/02/2026 12:39:27 | BS52: Sim | BT52: Sim | BU52: 46096.618 | BV52: Sim | BW52: 46083.586 | BX52: Não | BZ52: Comissionamento Estático | CA52: Conforme | CB52: Alexandre Fernandes - 19/02/2026 08:46:40 | CC52: Conforme | CD52: Alexandre Fernandes - 19/02/2026 08:45:50 | CE52: Conforme | CF52: Wesley Soares - 19/02/2026 16:30:57 | CG52: Conforme | CH52: Wesley Soares - 19/02/2026 16:30:59 | CI52: Conforme | CJ52: Wesley Soares - 19/02/2026 16:31:47 | DE52: Não | DF52: Sim | DG52: 46072.366 | DH52: Sim | DI52: 46072.689 | DJ52: Sim | DK52: 46072.689 | DL52: Dinâmico Frio | DM52: Conforme | DN52: Humberto Luiz - 17/03/2026 09:10:36 | DO52: Conforme | DP52: Humberto Luiz - 17/03/2026 09:10:42 | DQ52: Conforme | DR52: Wesley Soares - 16/03/2026 08:59:40 | DS52: Conforme | DT52: Humberto Luiz - 17/03/2026 09:10:57 | DU52: Conforme | DV52: Wesley Soares - 16/03/2026 08:59:45 | DW52: Conforme | DX52: Marcelo Pagioro - 23/03/2026 07:41:35 | DY52: Conforme | DZ52: Marcelo Pagioro - 23/03/2026 07:41:38 | EA52: Conforme | EB52: Marcelo Pagioro - 23/03/2026 07:41:40 | EC52: Conforme | ED52: Marcelo Pagioro - 23/03/2026 07:41:43 | EE52: Conforme | EF52: Marcelo Pagioro - 23/03/2026 07:41:45 | EG52: Conforme | EI52: Não | EJ52: Sim | EK52: 46104.321 | EL52: Dinâmico Quente | EM52: Conforme | EN52: Glaucia Massuia - 25/03/2026 05:27:52 | EO52: Conforme | EP52: Glaucia Massuia - 25/03/2026 05:27:53 | EQ52: Conforme | ER52: Glaucia Massuia - 25/03/2026 05:28:03 | ES52: Não Aplicável | ET52: Glaucia Massuia - 25/03/2026 05:28:01 | EU52: Conforme | EV52: Glaucia Massuia - 25/03/2026 05:28:08 | EW52: Conforme | EX52: Glaucia Massuia - 25/03/2026 05:28:09 | EY52: Conforme | EZ52: Glaucia Massuia - 25/03/2026 05:28:10 | FA52: Conforme | FB52: Glaucia Massuia - 25/03/2026 05:28:15 | FI52: Não | FJ52: Sim | FK52: 46106.228 | FN52: Pendente | FP52: Glaucia Massuia - 25/03/2026 05:28:15 | FQ52: Base de Dados_Images/EB-2002.Imagem do Equipamento-.140805.jpg | FR52: Humberto Luiz - 22/01/2026 11:07:58 | FU52: =FQ52 -> Base de Dados_Images/EB-2002.Imagem do Equipamento-.140805.jpg
A53: 10&20 - R.P.E | B53: Difusor | C53: esteira metálica | D53: EM-2002 | E53: Esteira Transversal | F53: Pré-Comissionamento | G53: Conforme | H53: Marcelo Pagioro - 19/03/2026 10:59:04 | I53: Conforme | J53: Marcelo Pagioro - 19/03/2026 10:59:09 | K53: Conforme | L53: Marcelo Pagioro - 19/03/2026 13:05:46 | M53: Conforme | N53: Marcelo Pagioro - 19/03/2026 13:05:48 | O53: Conforme | P53: Marcelo Pagioro - 19/03/2026 13:05:51 | Q53: Conforme | R53: Marcelo Pagioro - 19/03/2026 13:05:56 | S53: Conforme | T53: Marcelo Pagioro - 19/03/2026 13:05:58 | U53: Conforme | V53: Marcelo Pagioro - 19/03/2026 13:06:01 | W53: Conforme | X53: Marcelo Pagioro - 19/03/2026 13:06:04 | Y53: Conforme | Z53: Marcelo Pagioro - 19/03/2026 13:06:07 | AA53: Conforme | AB53: Marcelo Pagioro - 19/03/2026 13:06:13 | AC53: Conforme | AD53: Marcelo Pagioro - 19/03/2026 13:06:16 | AE53: Conforme | AF53: Marcelo Pagioro - 19/03/2026 13:06:19 | AG53: Conforme | AH53: Marcelo Pagioro - 19/03/2026 13:06:21 | AI53: Conforme | AJ53: Marcos Domingues - 14/03/2026 06:02:01 | AK53: Conforme | AL53: Marcos Domingues - 14/03/2026 06:02:06 | AM53: Conforme | AN53: Marcos Domingues - 14/03/2026 06:02:08 | AO53: Conforme | AP53: Marcos Domingues - 14/03/2026 06:02:10 | AQ53: Conforme | AR53: Marcos Domingues - 14/03/2026 06:02:13 | AS53: Conforme | AT53: Marcos Domingues - 14/03/2026 06:02:18 | AU53: Conforme | AV53: Marcelo Pagioro - 19/03/2026 13:06:30 | AW53: Conforme | AX53: Marcelo Pagioro - 19/03/2026 13:06:34 | AY53: Conforme | AZ53: Marcelo Pagioro - 19/03/2026 13:06:37 | BA53: Conforme | BB53: Marcelo Pagioro - 19/03/2026 13:06:45 | BC53: Conforme | BD53: Marcelo Pagioro - 19/03/2026 13:06:48 | BE53: Conforme | BF53: Marcelo Pagioro - 19/03/2026 13:06:51 | BG53: Conforme | BH53: Marcelo Pagioro - 19/03/2026 13:06:53 | BI53: Conforme | BJ53: Marcelo Pagioro - 19/03/2026 13:06:56 | BK53: Conforme | BL53: Marcelo Pagioro - 19/03/2026 13:06:58 | BM53: Conforme | BN53: Marcelo Pagioro - 19/03/2026 13:07:02 | BO53: Conforme | BP53: Marcelo Pagioro - 19/03/2026 13:07:05 | BS53: Não | BT53: Sim | BU53: 46100.546 | BV53: Sim | BW53: 46095.252 | BX53: Sim | BY53: 46100.547 | BZ53: Comissionamento Estático | CA53: Conforme | CB53: Marcelo Pagioro - 19/03/2026 13:07:18 | CC53: Não Aplicável | CD53: Marcelo Pagioro - 19/03/2026 13:07:24 | CE53: Conforme | CF53: Wesley Soares - 19/02/2026 16:32:59 | CG53: Conforme | CH53: Wesley Soares - 19/02/2026 16:33:03 | DE53: Não | DF53: Sim | DG53: 46100.547 | DH53: Sim | DI53: 46072.69 | DJ53: Sim | DK53: 46100.547 | DL53: Dinâmico Frio | DM53: Conforme | DN53: Humberto Luiz - 17/03/2026 09:11:43 | DO53: Conforme | DP53: Humberto Luiz - 17/03/2026 09:11:49 | DQ53: Conforme | DR53: Humberto Luiz - 17/03/2026 09:11:53 | DS53: Conforme | DT53: Marcelo Pagioro - 23/03/2026 07:42:09 | DU53: Não Aplicável | DV53: Humberto Luiz - 17/03/2026 09:12:18 | DW53: Conforme | DX53: Marcelo Pagioro - 23/03/2026 07:42:17 | DY53: Não Aplicável | DZ53: Marcelo Pagioro - 23/03/2026 07:42:36 | EA53: Conforme | EB53: Marcelo Pagioro - 23/03/2026 07:42:40 | EI53: Não | EJ53: Sim | EK53: 46104.321 | EL53: Dinâmico Quente | EM53: Conforme | EN53: Warlei Carvalho - 25/03/2026 08:31:42 | EO53: Conforme | EP53: Warlei Carvalho - 25/03/2026 08:31:44 | EQ53: Conforme | ER53: Warlei Carvalho - 25/03/2026 08:31:45 | FI53: Não | FJ53: Sim | FK53: 46106.355 | FN53: Feito | FO53: 46106.355 | FP53: Warlei Carvalho - 25/03/2026 08:31:45 | FQ53: Base de Dados_Images/EM-2002.Imagem do Equipamento-.185241.jpg | FR53: Marcos Domingues - 13/03/2026 15:52:34 | FU53: =FQ53 -> Base de Dados_Images/EM-2002.Imagem do Equipamento-.185241.jpg
A54: 10&20 - R.P.E | B54: Difusor | C54: Motor e Bomba | D54: BC2011 | E54: Bba Caldo De Embebição 01 (Br1) | F54: Pré-Comissionamento | G54: Conforme | H54: Wesley Soares - 27/01/2026 09:16:41 | I54: Conforme | J54: Bruno Borges - 29/01/2026 07:37:24 | K54: Conforme | L54: Bruno Borges - 29/01/2026 07:37:25 | M54: Conforme | N54: Bruno Borges - 29/01/2026 07:37:25 | O54: Conforme | P54: Bruno Borges - 29/01/2026 07:37:27 | Q54: Conforme | R54: Bruno Borges - 29/01/2026 07:37:29 | S54: Conforme | T54: Bruno Borges - 29/01/2026 07:37:31 | U54: Conforme | V54: Bruno Borges - 29/01/2026 07:37:39 | W54: Conforme | X54: Bruno Borges - 29/01/2026 07:37:42 | Y54: Conforme | Z54: Bruno Borges - 29/01/2026 07:37:46 | AA54: Conforme | AB54: Wesley Soares - 27/01/2026 09:16:48 | AC54: Conforme | AD54: Wesley Soares - 27/01/2026 09:16:51 | AE54: Conforme | AF54: Wesley Soares - 27/01/2026 09:16:54 | AG54: Conforme | AH54: Wesley Soares - 27/01/2026 09:16:56 | AI54: Conforme | AJ54: Wesley Soares - 27/01/2026 09:17:01 | AK54: Conforme | AL54: Wesley Soares - 27/01/2026 09:17:04 | AM54: Não Aplicável | AN54: Bruno Borges - 29/01/2026 07:37:49 | AO54: Não Aplicável | AP54: Bruno Borges - 29/01/2026 07:37:50 | BS54: Não | BT54: Sim | BU54: 46051.318 | BV54: Sim | BW54: 46049.387 | BX54: Sim | BY54: 46051.318 | BZ54: Comissionamento Estático | CA54: Conforme | CB54: Alexandre Fernandes - 19/02/2026 11:56:45 | CC54: Conforme | CD54: Alexandre Fernandes - 19/02/2026 11:56:50 | CE54: Conforme | CF54: Alexandre Fernandes - 19/02/2026 11:56:58 | CG54: Conforme | CH54: Wesley Soares - 19/02/2026 16:33:16 | CI54: Conforme | CJ54: Wesley Soares - 19/02/2026 16:33:17 | CK54: Não Aplicável | CL54: Wesley Soares - 19/02/2026 16:33:26 | DE54: Não | DF54: Sim | DG54: 46072.498 | DH54: Sim | DI54: 46072.69 | DJ54: Sim | DK54: 46072.69 | DL54: Dinâmico Frio | DM54: Conforme | DN54: Humberto Luiz - 12/03/2026 18:17:58 | DO54: Conforme | DP54: Humberto Luiz - 12/03/2026 18:17:48 | DQ54: Conforme | DR54: Humberto Luiz - 12/03/2026 18:17:51 | DS54: Conforme | DT54: Wesley Soares - 16/03/2026 09:01:36 | EI54: Não | EJ54: Sim | EK54: 46097.376 | EL54: Dinâmico Quente | EM54: Conforme | EN54: Glaucia Massuia - 25/03/2026 09:28:58 | EO54: Conforme | EP54: Glaucia Massuia - 25/03/2026 09:28:59 | EQ54: Conforme | ER54: Glaucia Massuia - 25/03/2026 09:28:59 | ES54: Conforme | ET54: Glaucia Massuia - 25/03/2026 09:28:59 | FI54: Não | FJ54: Sim | FK54: 46106.395 | FN54: Feito | FO54: 46106.395 | FP54: Glaucia Massuia - 25/03/2026 09:28:59 | FQ54: Base de Dados_Images/BC2011.Imagem do Equipamento-.123238.jpg | FR54: Humberto Luiz - 22/01/2026 09:32:08 | FS54: Base de Dados_Images/BC2011.Imagem da Plaqueta do Motor-.123238.jpg | FT54: Humberto Luiz - 22/01/2026 09:32:31 | FU54: =FQ54 -> Base de Dados_Images/BC2011.Imagem do Equipamento-.123238.jpg
A55: 10&20 - R.P.E | B55: Difusor | C55: Motor e Bomba | D55: BC2012 | E55: Bba Caldo De Embebição 02 (Br2) | F55: Pré-Comissionamento | G55: Conforme | H55: Wesley Soares - 27/01/2026 09:17:25 | I55: Conforme | J55: Bruno Borges - 29/01/2026 07:38:08 | K55: Conforme | L55: Bruno Borges - 29/01/2026 07:38:09 | M55: Conforme | N55: Bruno Borges - 29/01/2026 07:38:09 | O55: Conforme | P55: Bruno Borges - 29/01/2026 07:38:11 | Q55: Conforme | R55: Bruno Borges - 29/01/2026 07:38:12 | S55: Conforme | T55: Bruno Borges - 29/01/2026 07:38:14 | U55: Conforme | V55: Bruno Borges - 29/01/2026 07:38:15 | W55: Conforme | X55: Bruno Borges - 29/01/2026 07:38:15 | Y55: Conforme | Z55: Bruno Borges - 29/01/2026 07:38:17 | AA55: Conforme | AB55: Wesley Soares - 27/01/2026 09:17:31 | AC55: Conforme | AD55: Wesley Soares - 27/01/2026 09:17:34 | AE55: Conforme | AF55: Wesley Soares - 27/01/2026 09:17:36 | AG55: Conforme | AH55: Wesley Soares - 27/01/2026 09:17:38 | AI55: Conforme | AJ55: Wesley Soares - 27/01/2026 09:17:41 | AK55: Conforme | AL55: Wesley Soares - 27/01/2026 09:17:42 | AM55: Não Aplicável | AN55: Bruno Borges - 29/01/2026 07:38:20 | AO55: Não Aplicável | AP55: Bruno Borges - 29/01/2026 07:38:20 | BS55: Não | BT55: Sim | BU55: 46051.318 | BV55: Sim | BW55: 46049.387 | BX55: Sim | BY55: 46051.318 | BZ55: Comissionamento Estático | CA55: Conforme | CB55: Alexandre Fernandes - 19/02/2026 11:57:37 | CC55: Conforme | CD55: Bruno Borges - 10/03/2026 09:50:03 | CE55: Conforme | CF55: Alexandre Fernandes - 19/02/2026 11:57:43 | CG55: Conforme | CH55: Wesley Soares - 19/02/2026 16:33:35 | CI55: Conforme | CJ55: Wesley Soares - 19/02/2026 16:33:39 | CK55: Não Aplicável | CL55: Wesley Soares - 19/02/2026 16:33:41 | DE55: Não | DF55: Sim | DG55: 46091.41 | DH55: Sim | DI55: 46072.69 | DJ55: Sim | DK55: 46091.41 | DL55: Dinâmico Frio | DM55: Conforme | DN55: Humberto Luiz - 12/03/2026 18:17:22 | DO55: Conforme | DP55: Humberto Luiz - 12/03/2026 18:17:25 | DQ55: Conforme | DR55: Humberto Luiz - 12/03/2026 18:17:27 | DS55: Conforme | DT55: Wesley Soares - 16/03/2026 09:04:31 | EI55: Não | EJ55: Sim | EK55: 46097.378 | EL55: Dinâmico Quente | EM55: Conforme | EN55: Glaucia Massuia - 25/03/2026 09:29:27 | EO55: Conforme | EP55: Glaucia Massuia - 25/03/2026 09:29:27 | EQ55: Conforme | ER55: Glaucia Massuia - 25/03/2026 09:29:27 | ES55: Conforme | ET55: Glaucia Massuia - 25/03/2026 09:29:28 | FI55: Não | FJ55: Sim | FK55: 46106.395 | FN55: Feito | FO55: 46106.395 | FP55: Glaucia Massuia - 25/03/2026 09:29:28 | FQ55: Base de Dados_Images/BC2012.Imagem do Equipamento-.123450.jpg | FR55: Humberto Luiz - 22/01/2026 09:34:05 | FS55: Base de Dados_Images/BC2012.Imagem da Plaqueta do Motor-.123450.jpg | FT55: Humberto Luiz - 22/01/2026 09:34:43 | FU55: =FQ55 -> Base de Dados_Images/BC2012.Imagem do Equipamento-.123450.jpg
A56: 10&20 - R.P.E | B56: Difusor | C56: Motor e Bomba | D56: BC2013 | E56: Bba Caldo De Embebição 03 (Br3) | F56: Pré-Comissionamento | G56: Conforme | H56: Wesley Soares - 27/01/2026 09:18:08 | I56: Conforme | J56: Bruno Borges - 29/01/2026 07:38:38 | K56: Conforme | L56: Bruno Borges - 29/01/2026 07:38:39 | M56: Conforme | N56: Bruno Borges - 29/01/2026 07:38:41 | O56: Conforme | P56: Bruno Borges - 29/01/2026 07:38:42 | Q56: Conforme | R56: Bruno Borges - 29/01/2026 07:38:46 | S56: Conforme | T56: Bruno Borges - 29/01/2026 07:38:44 | U56: Conforme | V56: Bruno Borges - 29/01/2026 07:38:49 | W56: Conforme | X56: Bruno Borges - 29/01/2026 07:38:49 | Y56: Conforme | Z56: Bruno Borges - 29/01/2026 07:38:51 | AA56: Conforme | AB56: Wesley Soares - 27/01/2026 09:18:26 | AC56: Conforme | AD56: Wesley Soares - 27/01/2026 09:18:28 | AE56: Conforme | AF56: Wesley Soares - 27/01/2026 09:18:30 | AG56: Conforme | AH56: Wesley Soares - 27/01/2026 09:18:32 | AI56: Conforme | AJ56: Wesley Soares - 27/01/2026 09:18:34 | AK56: Conforme | AL56: Wesley Soares - 27/01/2026 09:18:35 | AM56: Não Aplicável | AN56: Bruno Borges - 29/01/2026 07:38:54 | AO56: Não Aplicável | AP56: Bruno Borges - 29/01/2026 07:38:55 | BS56: Não | BT56: Sim | BU56: 46051.319 | BV56: Sim | BW56: 46049.388 | BX56: Sim | BY56: 46051.319 | BZ56: Comissionamento Estático | CA56: Conforme | CB56: Alexandre Fernandes - 19/02/2026 12:11:51 | CC56: Conforme | CD56: Bruno Borges - 10/03/2026 09:50:16 | CE56: Conforme | CF56: Alexandre Fernandes - 19/02/2026 12:11:57 | CG56: Conforme | CH56: Wesley Soares - 19/02/2026 16:33:50 | CI56: Conforme | CJ56: Wesley Soares - 19/02/2026 16:33:54 | CK56: Não Aplicável | CL56: Wesley Soares - 19/02/2026 16:33:56 | DE56: Não | DF56: Sim | DG56: 46091.41 | DH56: Sim | DI56: 46072.69 | DJ56: Sim | DK56: 46091.41 | DL56: Dinâmico Frio | DM56: Conforme | DN56: Humberto Luiz - 12/03/2026 18:16:42 | DO56: Conforme | DP56: Humberto Luiz - 12/03/2026 18:16:30 | DQ56: Conforme | DR56: Humberto Luiz - 12/03/2026 18:16:33 | DS56: Conforme | DT56: Humberto Luiz - 12/03/2026 18:31:21 | EI56: Não | EJ56: Sim | EK56: 46093.772 | EL56: Dinâmico Quente | EM56: Conforme | EN56: Glaucia Massuia - 25/03/2026 09:29:35 | EO56: Conforme | EP56: Glaucia Massuia - 25/03/2026 09:29:35 | EQ56: Conforme | ER56: Glaucia Massuia - 25/03/2026 09:29:36 | ES56: Conforme | ET56: Glaucia Massuia - 25/03/2026 09:29:36 | FI56: Não | FJ56: Sim | FK56: 46106.396 | FN56: Feito | FO56: 46106.396 | FP56: Glaucia Massuia - 25/03/2026 09:29:36 | FQ56: Base de Dados_Images/BC2013.Imagem do Equipamento-.123731.jpg | FR56: Humberto Luiz - 22/01/2026 09:37:04 | FS56: Base de Dados_Images/BC2013.Imagem da Plaqueta do Motor-.123731.jpg | FT56: Humberto Luiz - 22/01/2026 09:37:25 | FU56: =FQ56 -> Base de Dados_Images/BC2013.Imagem do Equipamento-.123731.jpg
A57: 10&20 - R.P.E | B57: Difusor | C57: Motor e Bomba | D57: BC2014 | E57: Bba Caldo De Embebição 04 (Br4) | F57: Pré-Comissionamento | G57: Conforme | H57: Wesley Soares - 27/01/2026 09:18:52 | I57: Conforme | J57: Bruno Borges - 29/01/2026 07:39:13 | K57: Conforme | L57: Bruno Borges - 29/01/2026 07:39:13 | M57: Conforme | N57: Bruno Borges - 29/01/2026 07:39:14 | O57: Conforme | P57: Bruno Borges - 29/01/2026 07:39:16 | Q57: Conforme | R57: Bruno Borges - 29/01/2026 07:39:16 | S57: Conforme | T57: Bruno Borges - 29/01/2026 07:39:17 | U57: Conforme | V57: Bruno Borges - 29/01/2026 07:39:19 | W57: Conforme | X57: Bruno Borges - 29/01/2026 07:39:19 | Y57: Conforme | Z57: Bruno Borges - 29/01/2026 07:39:20 | AA57: Conforme | AB57: Wesley Soares - 27/01/2026 09:19:02 | AC57: Conforme | AD57: Wesley Soares - 27/01/2026 09:19:04 | AE57: Conforme | AF57: Wesley Soares - 27/01/2026 09:19:07 | AG57: Conforme | AH57: Wesley Soares - 27/01/2026 09:19:09 | AI57: Conforme | AJ57: Wesley Soares - 27/01/2026 09:19:10 | AK57: Conforme | AL57: Wesley Soares - 27/01/2026 09:19:13 | AM57: Não Aplicável | AN57: Bruno Borges - 29/01/2026 07:39:23 | AO57: Não Aplicável | AP57: Bruno Borges - 29/01/2026 07:39:23 | BS57: Não | BT57: Sim | BU57: 46051.319 | BV57: Sim | BW57: 46049.388 | BX57: Sim | BY57: 46051.319 | BZ57: Comissionamento Estático | CA57: Conforme | CB57: Alexandre Fernandes - 19/02/2026 12:12:51 | CC57: Conforme | CD57: Alexandre Fernandes - 19/02/2026 12:12:59 | CE57: Conforme | CF57: Alexandre Fernandes - 19/02/2026 12:13:08 | CG57: Conforme | CH57: Wesley Soares - 19/02/2026 16:34:05 | CI57: Conforme | CJ57: Wesley Soares - 19/02/2026 16:34:08 | CK57: Não Aplicável | CL57: Wesley Soares - 19/02/2026 16:34:09 | DE57: Não | DF57: Sim | DG57: 46072.509 | DH57: Sim | DI57: 46072.69 | DJ57: Sim | DK57: 46072.69 | DL57: Dinâmico Frio | DM57: Conforme | DN57: Wesley Soares - 16/03/2026 09:13:20 | DO57: Conforme | DP57: Wesley Soares - 16/03/2026 09:13:21 | DQ57: Conforme | DR57: Wesley Soares - 16/03/2026 09:13:27 | DS57: Conforme | DT57: Wesley Soares - 16/03/2026 09:13:28 | EI57: Não | EJ57: Sim | EK57: 46097.384 | EL57: Dinâmico Quente | EM57: Conforme | EN57: Warlei Carvalho - 25/03/2026 10:32:24 | EO57: Conforme | EP57: Marcelo Pagioro - 25/03/2026 17:00:22 | EQ57: Conforme | ER57: Marcelo Pagioro - 25/03/2026 17:00:25 | ES57: Conforme | ET57: Marcelo Pagioro - 25/03/2026 17:00:31 | FI57: Não | FJ57: Sim | FK57: 46106.709 | FN57: Feito | FO57: 46106.709 | FP57: Marcelo Pagioro - 25/03/2026 17:00:31 | FQ57: Base de Dados_Images/BC2014.Imagem do Equipamento-.123919.jpg | FR57: Humberto Luiz - 22/01/2026 09:38:16 | FS57: Base de Dados_Images/BC2014.Imagem da Plaqueta do Motor-.123919.jpg | FT57: Humberto Luiz - 22/01/2026 09:39:11 | FU57: =FQ57 -> Base de Dados_Images/BC2014.Imagem do Equipamento-.123919.jpg
A58: 10&20 - R.P.E | B58: Difusor | C58: Motor e Bomba | D58: BC2015 | E58: Bba Caldo De Embebição 05 (Br5) | F58: Pré-Comissionamento | G58: Conforme | H58: Wesley Soares - 27/01/2026 09:22:27 | I58: Conforme | J58: Bruno Borges - 29/01/2026 07:39:39 | K58: Conforme | L58: Bruno Borges - 29/01/2026 07:39:46 | M58: Conforme | N58: Bruno Borges - 29/01/2026 07:39:47 | O58: Conforme | P58: Bruno Borges - 29/01/2026 07:39:50 | Q58: Conforme | R58: Bruno Borges - 29/01/2026 07:39:50 | S58: Conforme | T58: Bruno Borges - 29/01/2026 07:39:50 | U58: Conforme | V58: Bruno Borges - 29/01/2026 07:39:53 | W58: Conforme | X58: Bruno Borges - 29/01/2026 07:39:53 | Y58: Conforme | Z58: Bruno Borges - 29/01/2026 07:39:54 | AA58: Conforme | AB58: Wesley Soares - 27/01/2026 09:22:35 | AC58: Conforme | AD58: Wesley Soares - 27/01/2026 09:22:37 | AE58: Conforme | AF58: Wesley Soares - 27/01/2026 09:22:39 | AG58: Conforme | AH58: Wesley Soares - 27/01/2026 09:22:41 | AI58: Conforme | AJ58: Wesley Soares - 27/01/2026 09:22:44 | AK58: Conforme | AL58: Wesley Soares - 27/01/2026 09:22:46 | AM58: Não Aplicável | AN58: Bruno Borges - 29/01/2026 07:39:57 | AO58: Não Aplicável | AP58: Bruno Borges - 29/01/2026 07:39:58 | BS58: Não | BT58: Sim | BU58: 46051.319 | BV58: Sim | BW58: 46049.391 | BX58: Sim | BY58: 46051.319 | BZ58: Comissionamento Estático | CA58: Conforme | CB58: Alexandre Fernandes - 19/02/2026 12:14:08 | CC58: Conforme | CD58: Alexandre Fernandes - 19/02/2026 12:14:21 | CE58: Conforme | CF58: Alexandre Fernandes - 19/02/2026 12:14:15 | CG58: Conforme | CH58: Wesley Soares - 19/02/2026 16:34:17 | CI58: Conforme | CJ58: Wesley Soares - 19/02/2026 16:34:19 | CK58: Não Aplicável | CL58: Wesley Soares - 19/02/2026 16:34:21 | DE58: Não | DF58: Sim | DG58: 46072.51 | DH58: Sim | DI58: 46072.691 | DJ58: Sim | DK58: 46072.691 | DL58: Dinâmico Frio | DM58: Conforme | DN58: Humberto Luiz - 12/03/2026 18:15:17 | DO58: Conforme | DP58: Humberto Luiz - 12/03/2026 18:15:20 | DQ58: Conforme | DR58: Humberto Luiz - 12/03/2026 18:15:22 | DS58: Conforme | DT58: Humberto Luiz - 12/03/2026 18:30:46 | EI58: Não | EJ58: Sim | EK58: 46093.771 | EL58: Dinâmico Quente | EM58: Conforme | EN58: Glaucia Massuia - 25/03/2026 09:29:43 | EO58: Conforme | EP58: Glaucia Massuia - 25/03/2026 09:29:44 | EQ58: Conforme | ER58: Glaucia Massuia - 25/03/2026 09:29:44 | ES58: Conforme | ET58: Glaucia Massuia - 25/03/2026 09:29:45 | FI58: Não | FJ58: Sim | FK58: 46106.396 | FN58: Feito | FO58: 46106.396 | FP58: Glaucia Massuia - 25/03/2026 09:29:45 | FQ58: Base de Dados_Images/BC2015.Imagem do Equipamento-.124212.jpg | FR58: Humberto Luiz - 22/01/2026 09:41:34 | FS58: Base de Dados_Images/BC2015.Imagem da Plaqueta do Motor-.124212.jpg | FT58: Humberto Luiz - 22/01/2026 09:42:06 | FU58: =FQ58 -> Base de Dados_Images/BC2015.Imagem do Equipamento-.124212.jpg
A59: 10&20 - R.P.E | B59: Difusor | C59: Motor e Bomba | D59: BC2016 | E59: Bba Caldo De Embebição 06 (Br6) | F59: Pré-Comissionamento | G59: Conforme | H59: Wesley Soares - 27/01/2026 09:23:01 | I59: Conforme | J59: Bruno Borges - 29/01/2026 07:40:36 | K59: Conforme | L59: Bruno Borges - 29/01/2026 07:40:39 | M59: Conforme | N59: Bruno Borges - 29/01/2026 07:40:39 | O59: Conforme | P59: Bruno Borges - 29/01/2026 07:40:41 | Q59: Conforme | R59: Bruno Borges - 29/01/2026 07:40:42 | S59: Conforme | T59: Bruno Borges - 29/01/2026 07:40:44 | U59: Conforme | V59: Bruno Borges - 29/01/2026 07:40:46 | W59: Conforme | X59: Bruno Borges - 29/01/2026 07:40:47 | Y59: Conforme | Z59: Bruno Borges - 29/01/2026 07:40:49 | AA59: Conforme | AB59: Wesley Soares - 27/01/2026 09:23:08 | AC59: Conforme | AD59: Wesley Soares - 27/01/2026 09:23:10 | AE59: Conforme | AF59: Wesley Soares - 27/01/2026 09:23:13 | AG59: Conforme | AH59: Wesley Soares - 27/01/2026 09:23:15 | AI59: Conforme | AJ59: Wesley Soares - 27/01/2026 09:23:17 | AK59: Conforme | AL59: Wesley Soares - 27/01/2026 09:23:20 | AM59: Não Aplicável | AN59: Bruno Borges - 29/01/2026 07:40:51 | AO59: Não Aplicável | AP59: Bruno Borges - 29/01/2026 07:40:52 | BS59: Não | BT59: Sim | BU59: 46051.32 | BV59: Sim | BW59: 46049.391 | BX59: Sim | BY59: 46051.32 | BZ59: Comissionamento Estático | CA59: Conforme | CB59: Alexandre Fernandes - 19/02/2026 12:15:56 | CC59: Conforme | CD59: Alexandre Fernandes - 19/02/2026 12:15:51 | CE59: Conforme | CF59: Alexandre Fernandes - 19/02/2026 12:16:01 | CG59: Conforme | CH59: Wesley Soares - 19/02/2026 16:34:29 | CI59: Conforme | CJ59: Wesley Soares - 19/02/2026 16:34:30 | CK59: Não Aplicável | CL59: Wesley Soares - 19/02/2026 16:34:32 | DE59: Não | DF59: Sim | DG59: 46072.511 | DH59: Sim | DI59: 46072.691 | DJ59: Sim | DK59: 46072.691 | DL59: Dinâmico Frio | DM59: Conforme | DN59: Wesley Soares - 16/03/2026 09:13:43 | DO59: Conforme | DP59: Wesley Soares - 16/03/2026 09:13:44 | DQ59: Conforme | DR59: Wesley Soares - 16/03/2026 09:13:45 | DS59: Conforme | DT59: Wesley Soares - 16/03/2026 09:13:47 | EI59: Não | EJ59: Sim | EK59: 46097.385 | EL59: Dinâmico Quente | EM59: Conforme | EN59: Marcelo Pagioro - 25/03/2026 17:00:48 | EO59: Conforme | EP59: Marcelo Pagioro - 25/03/2026 17:00:49 | EQ59: Conforme | ER59: Marcelo Pagioro - 25/03/2026 17:00:51 | ES59: Conforme | ET59: Marcelo Pagioro - 25/03/2026 17:00:53 | FI59: Não | FJ59: Sim | FK59: 46106.709 | FN59: Feito | FO59: 46106.709 | FP59: Marcelo Pagioro - 25/03/2026 17:00:53 | FQ59: Base de Dados_Images/BC2016.Imagem do Equipamento-.124351.jpg | FR59: Humberto Luiz - 22/01/2026 09:42:59 | FS59: Base de Dados_Images/BC2016.Imagem da Plaqueta do Motor-.124351.jpg | FT59: Humberto Luiz - 22/01/2026 09:43:46 | FU59: =FQ59 -> Base de Dados_Images/BC2016.Imagem do Equipamento-.124351.jpg
A60: 10&20 - R.P.E | B60: Difusor | C60: Motor e Bomba | D60: BC2017 | E60: Bba Caldo De Embebição 07 (Br7) | F60: Pré-Comissionamento | G60: Conforme | H60: Wesley Soares - 27/01/2026 09:23:33 | I60: Conforme | J60: Glaucia Massuia - 15/03/2026 14:49:41 | K60: Conforme | L60: Bruno Borges - 29/01/2026 07:41:31 | M60: Conforme | N60: Bruno Borges - 29/01/2026 07:41:32 | O60: Conforme | P60: Bruno Borges - 29/01/2026 07:41:32 | Q60: Conforme | R60: Bruno Borges - 29/01/2026 07:41:35 | S60: Conforme | T60: Bruno Borges - 29/01/2026 07:41:36 | U60: Conforme | V60: Bruno Borges - 29/01/2026 07:41:38 | W60: Conforme | X60: Bruno Borges - 29/01/2026 07:41:39 | Y60: Conforme | Z60: Bruno Borges - 29/01/2026 07:41:42 | AA60: Conforme | AB60: Wesley Soares - 27/01/2026 09:23:41 | AC60: Conforme | AD60: Wesley Soares - 27/01/2026 09:23:44 | AE60: Conforme | AF60: Wesley Soares - 27/01/2026 09:23:46 | AG60: Conforme | AH60: Wesley Soares - 27/01/2026 09:23:49 | AI60: Conforme | AJ60: Wesley Soares - 27/01/2026 09:23:51 | AK60: Conforme | AL60: Wesley Soares - 27/01/2026 09:23:53 | AM60: Não Aplicável | AN60: Bruno Borges - 29/01/2026 07:41:45 | AO60: Não Aplicável | AP60: Bruno Borges - 02/02/2026 08:07:46 | BS60: Não | BT60: Sim | BU60: 46096.618 | BV60: Sim | BW60: 46049.392 | BX60: Sim | BY60: 46096.618 | BZ60: Comissionamento Estático | CA60: Conforme | CB60: Alexandre Fernandes - 19/02/2026 12:19:19 | CC60: Conforme | CD60: Alexandre Fernandes - 19/02/2026 12:19:24 | CE60: Conforme | CF60: Alexandre Fernandes - 19/02/2026 12:19:28 | CG60: Conforme | CH60: Wesley Soares - 19/02/2026 16:34:47 | CI60: Conforme | CJ60: Wesley Soares - 19/02/2026 16:34:48 | CK60: Não Aplicável | CL60: Wesley Soares - 19/02/2026 16:34:49 | DE60: Não | DF60: Sim | DG60: 46072.514 | DH60: Sim | DI60: 46072.691 | DJ60: Sim | DK60: 46072.691 | DL60: Dinâmico Frio | DM60: Conforme | DN60: Humberto Luiz - 12/03/2026 18:14:44 | DO60: Conforme | DP60: Humberto Luiz - 12/03/2026 18:14:47 | DQ60: Conforme | DR60: Humberto Luiz - 12/03/2026 18:14:50 | DS60: Conforme | DT60: Humberto Luiz - 12/03/2026 18:30:02 | EI60: Não | EJ60: Sim | EK60: 46093.771 | EL60: Dinâmico Quente | EM60: Conforme | EN60: Glaucia Massuia - 25/03/2026 09:30:15 | EO60: Conforme | EP60: Glaucia Massuia - 25/03/2026 09:30:16 | EQ60: Conforme | ER60: Glaucia Massuia - 25/03/2026 09:30:16 | ES60: Conforme | ET60: Glaucia Massuia - 25/03/2026 09:30:16 | FI60: Não | FJ60: Sim | FK60: 46106.396 | FN60: Feito | FO60: 46106.396 | FP60: Glaucia Massuia - 25/03/2026 09:30:16 | FQ60: Base de Dados_Images/BC2017.Imagem do Equipamento-.124910.jpg | FR60: Humberto Luiz - 22/01/2026 09:48:35 | FS60: Base de Dados_Images/BC2017.Imagem da Plaqueta do Motor-.124910.jpg | FT60: Humberto Luiz - 22/01/2026 09:49:02 | FU60: =FQ60 -> Base de Dados_Images/BC2017.Imagem do Equipamento-.124910.jpg
A61: 10&20 - R.P.E | B61: Difusor | C61: Motor e Bomba | D61: BC2018 | E61: Bba Caldo De Embebição 08 (Br8) | F61: Pré-Comissionamento | G61: Conforme | H61: Wesley Soares - 27/01/2026 09:24:08 | I61: Conforme | J61: Bruno Borges - 29/01/2026 07:42:07 | K61: Conforme | L61: Bruno Borges - 29/01/2026 07:42:09 | M61: Conforme | N61: Bruno Borges - 29/01/2026 07:42:09 | O61: Conforme | P61: Bruno Borges - 29/01/2026 07:42:20 | Q61: Conforme | R61: Bruno Borges - 29/01/2026 07:42:21 | S61: Conforme | T61: Bruno Borges - 29/01/2026 07:42:21 | U61: Conforme | V61: Bruno Borges - 29/01/2026 07:42:23 | W61: Conforme | X61: Bruno Borges - 29/01/2026 07:42:24 | Y61: Conforme | Z61: Bruno Borges - 29/01/2026 07:42:26 | AA61: Conforme | AB61: Wesley Soares - 27/01/2026 09:24:15 | AC61: Conforme | AD61: Wesley Soares - 27/01/2026 09:24:17 | AE61: Conforme | AF61: Wesley Soares - 27/01/2026 09:24:20 | AG61: Conforme | AH61: Wesley Soares - 27/01/2026 09:24:22 | AI61: Conforme | AJ61: Wesley Soares - 27/01/2026 09:24:24 | AK61: Conforme | AL61: Wesley Soares - 27/01/2026 09:24:26 | AM61: Não Aplicável | AN61: Bruno Borges - 29/01/2026 07:42:28 | AO61: Não Aplicável | AP61: Bruno Borges - 29/01/2026 07:42:29 | BS61: Não | BT61: Sim | BU61: 46051.321 | BV61: Sim | BW61: 46049.392 | BX61: Sim | BY61: 46051.321 | BZ61: Comissionamento Estático | CA61: Conforme | CB61: Bruno Borges - 10/03/2026 09:50:24 | CC61: Conforme | CD61: Bruno Borges - 10/03/2026 09:50:25 | CE61: Conforme | CF61: Bruno Borges - 10/03/2026 09:50:25 | CG61: Conforme | CH61: Wesley Soares - 19/02/2026 16:35:11 | CI61: Conforme | CJ61: Wesley Soares - 19/02/2026 16:35:13 | CK61: Não Aplicável | CL61: Wesley Soares - 19/02/2026 16:35:15 | DE61: Não | DF61: Sim | DG61: 46091.41 | DH61: Sim | DI61: 46072.691 | DJ61: Sim | DK61: 46091.41 | DL61: Dinâmico Frio | DM61: Conforme | DN61: Wesley Soares - 16/03/2026 09:14:00 | DO61: Conforme | DP61: Wesley Soares - 16/03/2026 09:14:01 | DQ61: Conforme | DR61: Wesley Soares - 16/03/2026 09:14:02 | DS61: Conforme | DT61: Wesley Soares - 16/03/2026 09:14:04 | EI61: Não | EJ61: Sim | EK61: 46097.385 | EL61: Dinâmico Quente | EM61: Conforme | EN61: Marcelo Pagioro - 25/03/2026 17:01:05 | EO61: Conforme | EP61: Marcelo Pagioro - 25/03/2026 17:01:06 | EQ61: Conforme | ER61: Marcelo Pagioro - 25/03/2026 17:01:07 | ES61: Conforme | ET61: Marcelo Pagioro - 25/03/2026 17:01:09 | FI61: Não | FJ61: Sim | FK61: 46106.709 | FN61: Feito | FO61: 46106.709 | FP61: Marcelo Pagioro - 25/03/2026 17:01:09 | FQ61: Base de Dados_Images/BC2018.Imagem do Equipamento-.125206.jpg | FR61: Humberto Luiz - 22/01/2026 09:51:36 | FS61: Base de Dados_Images/BC2018.Imagem da Plaqueta do Motor-.125206.jpg | FT61: Humberto Luiz - 22/01/2026 09:51:59 | FU61: =FQ61 -> Base de Dados_Images/BC2018.Imagem do Equipamento-.125206.jpg
A62: 10&20 - R.P.E | B62: Difusor | C62: Motor e Bomba | D62: BC2019 | E62: Bba Caldo De Embebição 09 (Br9) | F62: Pré-Comissionamento | G62: Conforme | H62: Wesley Soares - 27/01/2026 09:24:46 | I62: Conforme | J62: Bruno Borges - 29/01/2026 07:42:51 | K62: Conforme | L62: Bruno Borges - 29/01/2026 07:42:52 | M62: Conforme | N62: Bruno Borges - 29/01/2026 07:42:52 | O62: Conforme | P62: Bruno Borges - 29/01/2026 07:42:55 | Q62: Conforme | R62: Bruno Borges - 29/01/2026 07:42:55 | S62: Conforme | T62: Bruno Borges - 29/01/2026 07:42:57 | U62: Conforme | V62: Bruno Borges - 29/01/2026 07:42:58 | W62: Conforme | X62: Bruno Borges - 29/01/2026 07:42:58 | Y62: Conforme | Z62: Bruno Borges - 29/01/2026 07:43:00 | AA62: Conforme | AB62: Wesley Soares - 27/01/2026 09:24:53 | AC62: Conforme | AD62: Wesley Soares - 27/01/2026 09:24:56 | AE62: Conforme | AF62: Wesley Soares - 27/01/2026 09:24:59 | AG62: Conforme | AH62: Wesley Soares - 27/01/2026 09:25:01 | AI62: Conforme | AJ62: Wesley Soares - 27/01/2026 09:25:03 | AK62: Conforme | AL62: Wesley Soares - 27/01/2026 09:25:06 | AM62: Não Aplicável | AN62: Bruno Borges - 29/01/2026 07:43:03 | AO62: Não Aplicável | AP62: Bruno Borges - 29/01/2026 07:43:03 | BS62: Não | BT62: Sim | BU62: 46051.322 | BV62: Sim | BW62: 46049.392 | BX62: Sim | BY62: 46051.322 | BZ62: Comissionamento Estático | CA62: Conforme | CB62: Bruno Borges - 10/03/2026 09:50:56 | CC62: Conforme | CD62: Bruno Borges - 10/03/2026 09:50:57 | CE62: Conforme | CF62: Bruno Borges - 10/03/2026 09:50:57 | CG62: Conforme | CH62: Wesley Soares - 19/02/2026 16:35:28 | CI62: Conforme | CJ62: Wesley Soares - 19/02/2026 16:35:30 | CK62: Não Aplicável | CL62: Wesley Soares - 19/02/2026 16:35:33 | DE62: Não | DF62: Sim | DG62: 46091.41 | DH62: Sim | DI62: 46072.691 | DJ62: Sim | DK62: 46091.41 | DL62: Dinâmico Frio | DM62: Conforme | DN62: Humberto Luiz - 12/03/2026 18:14:08 | DO62: Conforme | DP62: Humberto Luiz - 12/03/2026 18:14:11 | DQ62: Conforme | DR62: Humberto Luiz - 12/03/2026 18:14:13 | DS62: Conforme | DT62: Humberto Luiz - 12/03/2026 18:29:22 | EI62: Não | EJ62: Sim | EK62: 46093.77 | EL62: Dinâmico Quente | EM62: Conforme | EN62: Glaucia Massuia - 25/03/2026 09:30:29 | EO62: Conforme | EP62: Glaucia Massuia - 25/03/2026 09:30:28 | EQ62: Conforme | ER62: Glaucia Massuia - 25/03/2026 09:30:28 | ES62: Conforme | ET62: Glaucia Massuia - 25/03/2026 09:30:27 | FI62: Não | FJ62: Sim | FK62: 46106.396 | FN62: Feito | FO62: 46106.396 | FP62: Glaucia Massuia - 25/03/2026 09:30:29 | FQ62: Base de Dados_Images/BC2019.Imagem do Equipamento-.125507.jpg | FR62: Humberto Luiz - 22/01/2026 09:54:34 | FS62: Base de Dados_Images/BC2019.Imagem da Plaqueta do Motor-.125507.jpg | FT62: Humberto Luiz - 22/01/2026 09:55:02 | FU62: =FQ62 -> Base de Dados_Images/BC2019.Imagem do Equipamento-.125507.jpg
A63: 10&20 - R.P.E | B63: Difusor | C63: Motor e Bomba | D63: BC2020 | E63: Bba Caldo De Embebição 10 (Br10) | F63: Pré-Comissionamento | G63: Conforme | H63: Wesley Soares - 27/01/2026 09:25:27 | I63: Conforme | J63: Bruno Borges - 29/01/2026 07:43:25 | K63: Conforme | L63: Bruno Borges - 29/01/2026 07:43:25 | M63: Conforme | N63: Bruno Borges - 29/01/2026 07:43:27 | O63: Conforme | P63: Bruno Borges - 29/01/2026 07:43:29 | Q63: Conforme | R63: Bruno Borges - 29/01/2026 07:43:31 | S63: Conforme | T63: Bruno Borges - 29/01/2026 07:43:32 | U63: Conforme | V63: Bruno Borges - 29/01/2026 07:43:34 | W63: Conforme | X63: Bruno Borges - 29/01/2026 07:43:34 | Y63: Conforme | Z63: Bruno Borges - 29/01/2026 07:43:36 | AA63: Conforme | AB63: Wesley Soares - 27/01/2026 09:25:33 | AC63: Conforme | AD63: Wesley Soares - 27/01/2026 09:25:35 | AE63: Conforme | AF63: Wesley Soares - 27/01/2026 09:25:37 | AG63: Conforme | AH63: Wesley Soares - 27/01/2026 09:25:39 | AI63: Conforme | AJ63: Wesley Soares - 27/01/2026 09:25:43 | AK63: Conforme | AL63: Wesley Soares - 27/01/2026 09:25:50 | AM63: Não Aplicável | AN63: Bruno Borges - 29/01/2026 07:43:39 | AO63: Não Aplicável | AP63: Bruno Borges - 29/01/2026 07:43:41 | BS63: Não | BT63: Sim | BU63: 46051.322 | BV63: Sim | BW63: 46049.393 | BX63: Sim | BY63: 46051.322 | BZ63: Comissionamento Estático | CA63: Conforme | CB63: Alexandre Fernandes - 19/02/2026 11:33:23 | CC63: Conforme | CD63: Alexandre Fernandes - 19/02/2026 11:38:39 | CE63: Conforme | CF63: Alexandre Fernandes - 19/02/2026 11:38:20 | CG63: Conforme | CH63: Wesley Soares - 19/02/2026 16:35:41 | CI63: Conforme | CJ63: Wesley Soares - 19/02/2026 16:35:42 | CK63: Não Aplicável | CL63: Wesley Soares - 19/02/2026 16:35:43 | DE63: Não | DF63: Sim | DG63: 46072.485 | DH63: Sim | DI63: 46072.691 | DJ63: Sim | DK63: 46072.691 | DL63: Dinâmico Frio | DM63: Conforme | DN63: Humberto Luiz - 12/03/2026 18:13:01 | DO63: Conforme | DP63: Humberto Luiz - 12/03/2026 18:13:29 | DQ63: Conforme | DR63: Humberto Luiz - 12/03/2026 18:13:13 | DS63: Conforme | DT63: Humberto Luiz - 12/03/2026 18:28:54 | EI63: Não | EJ63: Sim | EK63: 46093.77 | EL63: Dinâmico Quente | EM63: Conforme | EN63: Glaucia Massuia - 25/03/2026 09:30:41 | EO63: Conforme | EP63: Glaucia Massuia - 25/03/2026 09:30:41 | EQ63: Conforme | ER63: Glaucia Massuia - 25/03/2026 09:30:40 | ES63: Conforme | ET63: Glaucia Massuia - 25/03/2026 09:30:40 | FI63: Não | FJ63: Sim | FK63: 46106.396 | FN63: Feito | FO63: 46106.396 | FP63: Glaucia Massuia - 25/03/2026 09:30:41 | FQ63: Base de Dados_Images/BC2020.Imagem do Equipamento-.125742.jpg | FR63: Humberto Luiz - 22/01/2026 09:56:53 | FS63: Base de Dados_Images/BC2020.Imagem da Plaqueta do Motor-.125742.jpg | FT63: Humberto Luiz - 22/01/2026 09:57:36 | FU63: =FQ63 -> Base de Dados_Images/BC2020.Imagem do Equipamento-.125742.jpg
A64: 10&20 - R.P.E | B64: Difusor | C64: Motor e Bomba | D64: BC-2021 | E64: Bomba De Coxo De Saída Do Difusor | F64: Pré-Comissionamento | G64: Conforme | H64: Wesley Soares - 27/01/2026 09:26:03 | I64: Conforme | J64: Bruno Borges - 27/01/2026 12:11:37 | K64: Conforme | L64: Glaucia Massuia - 10/03/2026 13:00:39 | M64: Conforme | N64: Bruno Borges - 27/01/2026 12:11:47 | O64: Conforme | P64: Bruno Borges - 27/01/2026 12:11:47 | Q64: Conforme | R64: Bruno Borges - 27/01/2026 12:11:48 | S64: Conforme | T64: Bruno Borges - 27/01/2026 12:11:51 | U64: Conforme | V64: Alexandre Fernandes - 19/02/2026 11:29:12 | W64: Conforme | X64: Bruno Borges - 27/01/2026 12:11:52 | Y64: Conforme | Z64: Bruno Borges - 27/01/2026 12:11:55 | AA64: Conforme | AB64: Wesley Soares - 27/01/2026 09:26:14 | AC64: Conforme | AD64: Wesley Soares - 27/01/2026 09:26:16 | AE64: Conforme | AF64: Wesley Soares - 27/01/2026 09:26:19 | AG64: Conforme | AH64: Wesley Soares - 27/01/2026 09:26:21 | AI64: Conforme | AJ64: Wesley Soares - 27/01/2026 09:26:22 | AK64: Conforme | AL64: Wesley Soares - 27/01/2026 09:26:24 | AM64: Não Aplicável | AN64: Bruno Borges - 27/01/2026 12:11:58 | AO64: Não Aplicável | AP64: Bruno Borges - 27/01/2026 12:12:00 | BS64: Não | BT64: Sim | BU64: 46091.542 | BV64: Sim | BW64: 46049.393 | BX64: Sim | BY64: 46091.542 | BZ64: Comissionamento Estático | CA64: Conforme | CB64: Alexandre Fernandes - 19/02/2026 11:31:20 | CC64: Conforme | CD64: Alexandre Fernandes - 19/02/2026 11:31:25 | CE64: Conforme | CF64: Alexandre Fernandes - 19/02/2026 11:31:30 | CG64: Conforme | CH64: Wesley Soares - 19/02/2026 16:36:00 | CI64: Conforme | CJ64: Wesley Soares - 19/02/2026 16:36:02 | CK64: Não Aplicável | CL64: Wesley Soares - 19/02/2026 16:36:03 | DE64: Não | DF64: Sim | DG64: 46072.48 | DH64: Sim | DI64: 46072.692 | DJ64: Sim | DK64: 46072.692 | DL64: Dinâmico Frio | DM64: Conforme | DN64: Humberto Luiz - 12/03/2026 18:34:03 | DO64: Conforme | DP64: Humberto Luiz - 12/03/2026 18:34:09 | DQ64: Conforme | DR64: Humberto Luiz - 12/03/2026 18:33:53 | DS64: Conforme | DT64: Humberto Luiz - 12/03/2026 18:33:56 | EI64: Não | EJ64: Sim | EK64: 46093.774 | EL64: Dinâmico Quente | EM64: Conforme | EN64: Glaucia Massuia - 25/03/2026 09:30:54 | EO64: Conforme | EP64: Glaucia Massuia - 25/03/2026 09:30:54 | EQ64: Conforme | ER64: Glaucia Massuia - 25/03/2026 09:30:54 | ES64: Conforme | ET64: Glaucia Massuia - 25/03/2026 09:30:53 | FI64: Não | FJ64: Sim | FK64: 46106.396 | FN64: Feito | FO64: 46106.396 | FP64: Glaucia Massuia - 25/03/2026 09:30:54 | FQ64: Base de Dados_Images/BC-2021.Imagem do Equipamento-.130106.jpg | FR64: Humberto Luiz - 22/01/2026 10:00:49 | FS64: Base de Dados_Images/BC-2021.Imagem da Plaqueta do Motor-.130106.jpg | FT64: Humberto Luiz - 22/01/2026 10:00:58 | FU64: =FQ64 -> Base de Dados_Images/BC-2021.Imagem do Equipamento-.130106.jpg
A65: 10&20 - R.P.E | B65: Difusor | C65: Motor e Bomba | D65: BC-2024 | E65: Bomba De Limpeza Do Difusor | F65: Pré-Comissionamento | G65: Conforme | H65: Wesley Soares - 27/01/2026 09:43:25 | I65: Conforme | J65: Bruno Borges - 27/01/2026 11:28:11 | K65: Conforme | L65: Bruno Borges - 27/01/2026 11:28:13 | M65: Conforme | N65: Bruno Borges - 27/01/2026 11:28:20 | O65: Conforme | P65: Bruno Borges - 27/01/2026 11:28:22 | Q65: Conforme | R65: Bruno Borges - 27/01/2026 11:28:25 | S65: Conforme | T65: Bruno Borges - 27/01/2026 11:28:26 | U65: Conforme | V65: Bruno Borges - 27/01/2026 11:28:28 | W65: Conforme | X65: Bruno Borges - 27/01/2026 11:28:29 | Y65: Não Aplicável | Z65: Bruno Borges - 27/01/2026 11:28:44 | AA65: Conforme | AB65: Wesley Soares - 27/01/2026 09:43:34 | AC65: Conforme | AD65: Wesley Soares - 27/01/2026 09:43:55 | AE65: Conforme | AF65: Wesley Soares - 27/01/2026 09:43:59 | AG65: Conforme | AH65: Wesley Soares - 27/01/2026 09:44:01 | AI65: Conforme | AJ65: Wesley Soares - 27/01/2026 09:44:03 | AK65: Conforme | AL65: Wesley Soares - 27/01/2026 09:44:06 | AM65: Não Aplicável | AN65: Bruno Borges - 27/01/2026 11:28:48 | AO65: Não Aplicável | AP65: Bruno Borges - 27/01/2026 11:28:49 | BS65: Não | BT65: Sim | BU65: 46049.478 | BV65: Sim | BW65: 46049.406 | BX65: Sim | BY65: 46049.478 | BZ65: Comissionamento Estático | CA65: Conforme | CB65: Alexandre Fernandes - 19/02/2026 11:52:33 | CC65: Não Aplicável | CD65: Alexandre Fernandes - 19/02/2026 11:48:29 | CE65: Conforme | CF65: Alexandre Fernandes - 19/02/2026 11:48:39 | CG65: Conforme | CH65: Wesley Soares - 19/02/2026 16:36:13 | CI65: Conforme | CJ65: Wesley Soares - 19/02/2026 16:36:15 | CK65: Não Aplicável | CL65: Alex Gomes Ferreira - 26/02/2026 12:15:05 | DE65: Não | DF65: Sim | DG65: 46072.495 | DH65: Sim | DI65: 46079.51 | DJ65: Sim | DK65: 46079.51 | DL65: Dinâmico Frio | DM65: Conforme | DN65: Humberto Luiz - 13/03/2026 11:43:11 | DO65: Conforme | DP65: Humberto Luiz - 13/03/2026 11:43:14 | DQ65: Conforme | DR65: Humberto Luiz - 13/03/2026 11:43:17 | DS65: Conforme | DT65: Humberto Luiz - 13/03/2026 11:43:35 | EI65: Não | EJ65: Sim | EK65: 46094.489 | EL65: Dinâmico Quente | EM65: Conforme | EN65: Glaucia Massuia - 25/03/2026 09:31:14 | EO65: Conforme | EP65: Glaucia Massuia - 25/03/2026 09:31:14 | EQ65: Conforme | ER65: Glaucia Massuia - 25/03/2026 09:31:14 | ES65: Conforme | ET65: Glaucia Massuia - 25/03/2026 09:31:13 | FI65: Não | FJ65: Sim | FK65: 46106.397 | FN65: Feito | FO65: 46106.397 | FP65: Glaucia Massuia - 25/03/2026 09:31:14 | FQ65: Base de Dados_Images/BC-2024.Imagem do Equipamento-.131222.jpg | FR65: Humberto Luiz - 22/01/2026 10:11:14 | FS65: Base de Dados_Images/BC-2024.Imagem da Plaqueta do Motor-.131222.jpg | FT65: Humberto Luiz - 22/01/2026 10:12:14 | FU65: =FQ65 -> Base de Dados_Images/BC-2024.Imagem do Equipamento-.131222.jpg
... A74: 10&20 - R.P.E | B74: Difusor | C74: Motor e Bomba | D74: BC-2026 | E74: Bomba De Caldo Misto Do Difusor Nº03 | F74: Pré-Comissionamento | G74: Conforme | H74: Wesley Soares - 27/01/2026 09:46:41 | I74: Conforme | J74: Glaucia Massuia - 16/03/2026 14:24:27 | K74: Conforme | L74: Bruno Borges - 27/01/2026 11:35:09 | M74: Conforme | N74: Bruno Borges - 27/01/2026 11:35:10 | O74: Conforme | P74: Bruno Borges - 27/01/2026 11:35:13 | Q74: Conforme | R74: Bruno Borges - 27/01/2026 11:35:17 | S74: Conforme | T74: Bruno Borges - 27/01/2026 11:35:19 | U74: Conforme | V74: Bruno Borges - 27/01/2026 11:35:22 | W74: Conforme | X74: Bruno Borges - 27/01/2026 11:35:26 | Y74: Não Aplicável | Z74: Bruno Borges - 27/01/2026 11:35:34 | AA74: Conforme | AB74: Wesley Soares - 27/01/2026 09:46:50 | AC74: Conforme | AD74: Wesley Soares - 27/01/2026 09:46:52 | AE74: Conforme | AF74: Wesley Soares - 27/01/2026 09:46:57 | AG74: Conforme | AH74: Wesley Soares - 27/01/2026 09:47:03 | AI74: Conforme | AJ74: Wesley Soares - 27/01/2026 09:47:06 | AK74: Conforme | AL74: Wesley Soares - 27/01/2026 09:47:07 | AM74: Não Aplicável | AN74: Bruno Borges - 27/01/2026 11:35:40 | AO74: Não Aplicável | AP74: Bruno Borges - 27/01/2026 11:35:41 | BS74: Não | BT74: Sim | BU74: 46097.6 | BV74: Sim | BW74: 46049.408 | BX74: Sim | BY74: 46097.6 | BZ74: Comissionamento Estático | CA74: Conforme | CB74: Bruno Borges - 10/03/2026 09:52:52 | CC74: Conforme | CD74: Bruno Borges - 10/03/2026 09:52:53 | CE74: Conforme | CF74: Bruno Borges - 10/03/2026 09:52:53 | CG74: Conforme | CH74: Alex Gomes Ferreira - 26/02/2026 11:49:22 | CI74: Conforme | CJ74: Alex Gomes Ferreira - 26/02/2026 11:49:27 | CK74: Não Aplicável | CL74: Alex Gomes Ferreira - 26/02/2026 11:49:31 | DE74: Não | DF74: Sim | DG74: 46091.412 | DH74: Sim | DI74: 46079.493 | DJ74: Sim | DK74: 46091.412 | DL74: Dinâmico Frio | DM74: Conforme | DN74: Wesley Soares - 16/03/2026 09:17:37 | DO74: Conforme | DP74: Wesley Soares - 16/03/2026 09:17:39 | DQ74: Conforme | DR74: Wesley Soares - 16/03/2026 09:17:40 | DS74: Conforme | DT74: Wesley Soares - 16/03/2026 09:17:42 | EI74: Não | EJ74: Sim | EK74: 46097.387 | EL74: Dinâmico Quente | EM74: Conforme | EN74: Glaucia Massuia - 25/03/2026 09:34:19 | EO74: Conforme | EP74: Glaucia Massuia - 25/03/2026 09:34:19 | EQ74: Conforme | ER74: Glaucia Massuia - 25/03/2026 09:34:18 | ES74: Conforme | ET74: Glaucia Massuia - 25/03/2026 09:34:18 | FI74: Não | FJ74: Sim | FK74: 46106.399 | FN74: Feito | FO74: 46106.399 | FP74: Glaucia Massuia - 25/03/2026 09:34:19 | FQ74: Base de Dados_Images/BC-2026.Imagem do Equipamento-.120550.jpg | FR74: Humberto Luiz - 22/01/2026 09:05:29 | FS74: Base de Dados_Images/BC-2026.Imagem da Plaqueta do Motor-.120550.jpg | FT74: Humberto Luiz - 22/01/2026 09:05:42 | FU74: =FQ74 -> Base de Dados_Images/BC-2026.Imagem do Equipamento-.120550.jpg
A75: 10&20 - R.P.E | B75: Difusor | C75: PSV | D75: VS2001 | E75: Aquecedor Vertical Nº 1 (Calandra) | F75: Pré-Comissionamento | G75: Conforme | H75: Bruno Borges - 14/03/2026 09:44:38 | I75: Conforme | J75: Bruno Borges - 14/03/2026 09:44:41 | K75: Conforme | L75: Bruno Borges - 14/03/2026 09:44:43 | M75: Conforme | N75: Bruno Borges - 14/03/2026 09:44:46 | O75: Conforme | P75: Bruno Borges - 14/03/2026 09:44:48 | BS75: Não | BT75: Sim | BU75: 46095.406 | BV75: Não Aplica | BX75: Sim | BY75: 46095.406 | BZ75: Comissionamento Estático | CA75: Conforme | CB75: Bruno Borges - 14/03/2026 09:44:53 | DE75: Não | DF75: Sim | DG75: 46095.406 | DH75: Não Aplica | DJ75: Sim | DK75: 46095.406 | DL75: Dinâmico Frio | EI75: Não | EJ75: Não Aplica | EL75: Dinâmico Quente | EM75: Conforme | EN75: Warlei Carvalho - 25/03/2026 07:58:01 | FI75: Não | FJ75: Sim | FK75: 46106.332 | FN75: Feito | FO75: 46106.332 | FP75: Warlei Carvalho - 25/03/2026 07:58:01 | FQ75: Base de Dados_Images/VS2001.Imagem do Equipamento-.172856.jpg | FR75: Glaucia Massuia - 10/03/2026 14:28:51 | FU75: =FQ75 -> Base de Dados_Images/VS2001.Imagem do Equipamento-.172856.jpg
A76: 10&20 - R.P.E | B76: Difusor | C76: PSV | D76: 10014519 | E76: Aquecedor Vertical Nº 2 (Calandra) | F76: Pré-Comissionamento | G76: Conforme | H76: Bruno Borges - 14/03/2026 09:45:01 | I76: Conforme | J76: Bruno Borges - 14/03/2026 09:45:03 | K76: Conforme | L76: Bruno Borges - 14/03/2026 09:45:06 | M76: Conforme | N76: Bruno Borges - 14/03/2026 09:45:08 | O76: Conforme | P76: Bruno Borges - 14/03/2026 09:45:11 | BS76: Não | BT76: Sim | BU76: 46095.406 | BV76: Não Aplica | BX76: Sim | BY76: 46095.406 | BZ76: Comissionamento Estático | CA76: Conforme | CB76: Glaucia Massuia - 11/03/2026 08:28:46 | DE76: Não | DF76: Sim | DG76: 46092.353 | DH76: Não Aplica | DJ76: Sim | DK76: 46092.353 | DL76: Dinâmico Frio | EI76: Não | EJ76: Não Aplica | EL76: Dinâmico Quente | EM76: Conforme | EN76: Glaucia Massuia - 25/03/2026 09:34:28 | FI76: Não | FJ76: Sim | FK76: 46106.399 | FN76: Feito | FO76: 46106.399 | FP76: Glaucia Massuia - 25/03/2026 09:34:28 | FQ76: Base de Dados_Images/10014519.Imagem do Equipamento-.172924.jpg | FR76: Glaucia Massuia - 10/03/2026 14:29:18 | FU76: =FQ76 -> Base de Dados_Images/10014519.Imagem do Equipamento-.172924.jpg
A77: 10&20 - R.P.E | B77: Difusor | C77: PSV | D77: 10014514 | E77: Aquecedor Vertical Nº 3 (Calandra) | F77: Pré-Comissionamento | G77: Conforme | H77: Bruno Borges - 14/03/2026 09:45:22 | I77: Conforme | J77: Bruno Borges - 14/03/2026 09:45:24 | K77: Conforme | L77: Bruno Borges - 14/03/2026 09:45:26 | M77: Conforme | N77: Bruno Borges - 14/03/2026 09:45:29 | O77: Conforme | P77: Bruno Borges - 14/03/2026 09:45:33 | BS77: Não | BT77: Sim | BU77: 46095.407 | BV77: Não Aplica | BX77: Sim | BY77: 46095.407 | BZ77: Comissionamento Estático | CA77: Conforme | CB77: Bruno Borges - 14/03/2026 09:45:37 | DE77: Não | DF77: Sim | DG77: 46095.407 | DH77: Não Aplica | DJ77: Sim | DK77: 46095.407 | DL77: Dinâmico Frio | EI77: Não | EJ77: Não Aplica | EL77: Dinâmico Quente | EM77: Conforme | EN77: Glaucia Massuia - 25/03/2026 09:11:18 | FI77: Não | FJ77: Sim | FK77: 46106.383 | FN77: Feito | FO77: 46106.383 | FP77: Glaucia Massuia - 25/03/2026 09:11:18 | FQ77: Base de Dados_Images/10014514.Imagem do Equipamento-.172941.jpg | FR77: Glaucia Massuia - 10/03/2026 14:29:36 | FU77: =FQ77 -> Base de Dados_Images/10014514.Imagem do Equipamento-.172941.jpg
A78: 10&20 - R.P.E | B78: Difusor | C78: PSV | D78: VS2004 | E78: Aquecedor Vertical Nº 4 (Calandra) | F78: Pré-Comissionamento | G78: Conforme | H78: Bruno Borges - 14/03/2026 09:45:45 | I78: Conforme | J78: Bruno Borges - 14/03/2026 09:45:47 | K78: Conforme | L78: Bruno Borges - 14/03/2026 09:45:50 | M78: Conforme | N78: Bruno Borges - 14/03/2026 09:45:52 | O78: Conforme | P78: Bruno Borges - 14/03/2026 09:45:55 | BS78: Não | BT78: Sim | BU78: 46095.407 | BV78: Não Aplica | BX78: Sim | BY78: 46095.407 | BZ78: Comissionamento Estático | CA78: Conforme | CB78: Bruno Borges - 14/03/2026 09:45:59 | DE78: Não | DF78: Sim | DG78: 46095.407 | DH78: Não Aplica | DJ78: Sim | DK78: 46095.407 | DL78: Dinâmico Frio | EI78: Não | EJ78: Não Aplica | EL78: Dinâmico Quente | EM78: Conforme | EN78: Glaucia Massuia - 25/03/2026 09:08:30 | FI78: Não | FJ78: Sim | FK78: 46106.381 | FN78: Feito | FO78: 46106.381 | FP78: Glaucia Massuia - 25/03/2026 09:08:30 | FQ78: Base de Dados_Images/VS2004.Imagem do Equipamento-.172956.jpg | FR78: Glaucia Massuia - 10/03/2026 14:29:54 | FU78: =FQ78 -> Base de Dados_Images/VS2004.Imagem do Equipamento-.172956.jpg
A79: 10&20 - R.P.E | B79: Difusor | C79: Rosca Afofadora | D79: RO2001 | E79: Rosca Afofadora 01 | F79: Pré-Comissionamento | G79: Conforme | H79: Bruno Borges - 29/01/2026 07:52:23 | I79: Conforme | J79: Bruno Borges - 29/01/2026 07:52:24 | K79: Conforme | L79: Bruno Borges - 29/01/2026 07:52:26 | M79: Conforme | N79: Bruno Borges - 29/01/2026 07:52:28 | O79: Conforme | P79: Bruno Borges - 29/01/2026 07:52:30 | Q79: Conforme | R79: Bruno Borges - 29/01/2026 07:52:32 | S79: Conforme | T79: Bruno Borges - 29/01/2026 07:52:34 | U79: Conforme | V79: Bruno Borges - 29/01/2026 07:52:36 | W79: Conforme | X79: Wesley Soares - 27/01/2026 09:48:40 | Y79: Conforme | Z79: Wesley Soares - 27/01/2026 09:48:43 | AA79: Conforme | AB79: Wesley Soares - 27/01/2026 09:48:48 | AC79: Conforme | AD79: Wesley Soares - 27/01/2026 09:48:51 | AE79: Conforme | AF79: Wesley Soares - 27/01/2026 09:48:53 | AG79: Conforme | AH79: Wesley Soares - 27/01/2026 09:48:56 | BS79: Não | BT79: Sim | BU79: 46051.328 | BV79: Sim | BW79: 46049.409 | BX79: Sim | BY79: 46051.328 | BZ79: Comissionamento Estático | CA79: Conforme | CB79: Alexandre Fernandes - 19/02/2026 10:23:40 | CC79: Conforme | CD79: Marcos Domingues - 19/02/2026 17:07:22 | CE79: Conforme | CF79: Marcos Domingues - 19/02/2026 17:07:25 | CG79: Conforme | CH79: Marcos Domingues - 19/02/2026 17:07:28 | DE79: Não | DF79: Sim | DG79: 46072.433 | DH79: Sim | DI79: 46072.714 | DJ79: Sim | DK79: 46072.714 | DL79: Dinâmico Frio | DM79: Conforme | DN79: Humberto Luiz - 13/03/2026 17:05:10 | DO79: Conforme | DP79: Humberto Luiz - 13/03/2026 17:05:15 | DQ79: Conforme | DR79: Humberto Luiz - 13/03/2026 17:05:24 | DS79: Conforme | DT79: Humberto Luiz - 13/03/2026 17:05:30 | EI79: Não | EJ79: Sim | EK79: 46094.712 | EL79: Dinâmico Quente | FI79: Não | FJ79: Não Aplica | FN79: Feito | FO79: 46094.712 | FP79: Humberto Luiz - 13/03/2026 17:05:30 | FQ79: Base de Dados_Images/RO2001.Imagem do Equipamento-.132040.jpg | FR79: Humberto Luiz - 22/01/2026 10:20:11 | FU79: =FQ79 -> Base de Dados_Images/RO2001.Imagem do Equipamento-.132040.jpg
A80: 10&20 - R.P.E | B80: Difusor | C80: Rosca Afofadora | D80: RO2002 | E80: Rosca Afofadora 02 | F80: Pré-Comissionamento | G80: Conforme | H80: Bruno Borges - 29/01/2026 07:52:46 | I80: Conforme | J80: Bruno Borges - 29/01/2026 07:52:47 | K80: Conforme | L80: Bruno Borges - 29/01/2026 07:52:49 | M80: Conforme | N80: Bruno Borges - 29/01/2026 07:52:51 | O80: Conforme | P80: Bruno Borges - 29/01/2026 07:52:52 | Q80: Conforme | R80: Bruno Borges - 29/01/2026 07:52:55 | S80: Conforme | T80: Bruno Borges - 29/01/2026 07:52:56 | U80: Conforme | V80: Bruno Borges - 29/01/2026 07:52:59 | W80: Conforme | X80: Wesley Soares - 27/01/2026 09:49:43 | Y80: Conforme | Z80: Wesley Soares - 27/01/2026 09:49:46 | AA80: Conforme | AB80: Wesley Soares - 27/01/2026 09:49:48 | AC80: Conforme | AD80: Wesley Soares - 27/01/2026 09:49:50 | AE80: Conforme | AF80: Wesley Soares - 27/01/2026 09:49:53 | AG80: Conforme | AH80: Wesley Soares - 27/01/2026 09:49:54 | BS80: Não | BT80: Sim | BU80: 46051.328 | BV80: Sim | BW80: 46049.41 | BX80: Sim | BY80: 46051.328 | BZ80: Comissionamento Estático | CA80: Conforme | CB80: Alexandre Fernandes - 19/02/2026 10:25:48 | CC80: Conforme | CD80: Marcos Domingues - 19/02/2026 17:09:21 | CE80: Conforme | CF80: Marcos Domingues - 19/02/2026 17:09:23 | CG80: Conforme | CH80: Marcos Domingues - 19/02/2026 17:09:26 | DE80: Não | DF80: Sim | DG80: 46072.435 | DH80: Sim | DI80: 46072.715 | DJ80: Sim | DK80: 46072.715 | DL80: Dinâmico Frio | DM80: Conforme | DN80: Humberto Luiz - 13/03/2026 17:06:05 | DO80: Conforme | DP80: Humberto Luiz - 13/03/2026 17:06:08 | DQ80: Conforme | DR80: Humberto Luiz - 13/03/2026 17:06:10 | DS80: Conforme | DT80: Humberto Luiz - 13/03/2026 17:06:16 | EI80: Não | EJ80: Sim | EK80: 46094.713 | EL80: Dinâmico Quente | FI80: Não | FJ80: Não Aplica | FN80: Feito | FO80: 46094.713 | FP80: Humberto Luiz - 13/03/2026 17:06:16 | FQ80: Base de Dados_Images/RO2002.Imagem do Equipamento-.132149.jpg | FR80: Humberto Luiz - 22/01/2026 10:21:43 | FU80: =FQ80 -> Base de Dados_Images/RO2002.Imagem do Equipamento-.132149.jpg
A81: 10&20 - R.P.E | B81: Difusor | C81: Rosca Afofadora | D81: RO2003 | E81: Rosca Afofadora 03 | F81: Pré-Comissionamento | G81: Conforme | H81: Marcelo Pagioro - 19/03/2026 10:15:52 | I81: Conforme | J81: Bruno Borges - 29/01/2026 07:53:15 | K81: Conforme | L81: Bruno Borges - 29/01/2026 07:53:16 | M81: Conforme | N81: Bruno Borges - 29/01/2026 07:53:18 | O81: Conforme | P81: Bruno Borges - 29/01/2026 07:53:22 | Q81: Conforme | R81: Bruno Borges - 29/01/2026 07:53:24 | S81: Conforme | T81: Bruno Borges - 29/01/2026 07:53:25 | U81: Conforme | V81: Bruno Borges - 29/01/2026 07:53:28 | W81: Conforme | X81: Wesley Soares - 27/01/2026 09:50:26 | Y81: Conforme | Z81: Wesley Soares - 27/01/2026 09:50:28 | AA81: Conforme | AB81: Wesley Soares - 27/01/2026 09:50:31 | AC81: Conforme | AD81: Wesley Soares - 27/01/2026 09:50:32 | AE81: Conforme | AF81: Wesley Soares - 27/01/2026 09:50:52 | AG81: Conforme | AH81: Wesley Soares - 27/01/2026 09:50:54 | BS81: Não | BT81: Sim | BU81: 46100.428 | BV81: Sim | BW81: 46049.41 | BX81: Sim | BY81: 46100.428 | BZ81: Comissionamento Estático | CA81: Conforme | CB81: Marcelo Pagioro - 19/03/2026 10:16:36 | CC81: Conforme | CD81: Marcelo Pagioro - 19/03/2026 10:16:38 | CE81: Conforme | CF81: Marcelo Pagioro - 19/03/2026 10:16:41 | CG81: Conforme | CH81: Marcelo Pagioro - 19/03/2026 10:17:52 | DE81: Não | DF81: Sim | DG81: 46100.428 | DH81: Sim | DI81: 46100.429 | DJ81: Sim | DK81: 46100.429 | DL81: Dinâmico Frio | DM81: Conforme | DN81: Humberto Luiz - 13/03/2026 17:07:19 | DO81: Conforme | DP81: Humberto Luiz - 13/03/2026 17:07:22 | DQ81: Conforme | DR81: Humberto Luiz - 13/03/2026 17:07:24 | DS81: Conforme | DT81: Humberto Luiz - 13/03/2026 17:07:26 | EI81: Não | EJ81: Sim | EK81: 46094.713 | EL81: Dinâmico Quente | FI81: Não | FJ81: Não Aplica | FN81: Feito | FO81: 46100.429 | FP81: Marcelo Pagioro - 19/03/2026 10:17:52 | FQ81: Base de Dados_Images/RO2003.Imagem do Equipamento-.132316.jpg | FR81: Humberto Luiz - 22/01/2026 10:22:52 | FU81: =FQ81 -> Base de Dados_Images/RO2003.Imagem do Equipamento-.132316.jpg
A82: 10&20 - R.P.E | B82: Difusor | C82: Rosca Afofadora | D82: RO2004 | E82: Rosca Afofadora 04 | F82: Pré-Comissionamento | G82: Conforme | H82: Marcelo Pagioro - 23/03/2026 07:46:53 | I82: Conforme | J82: Marcelo Pagioro - 23/03/2026 07:46:54 | K82: Conforme | L82: Marcelo Pagioro - 23/03/2026 07:46:55 | M82: Conforme | N82: Marcelo Pagioro - 23/03/2026 07:46:58 | O82: Conforme | P82: Marcelo Pagioro - 23/03/2026 07:47:00 | Q82: Conforme | R82: Marcelo Pagioro - 23/03/2026 07:47:02 | S82: Conforme | T82: Marcelo Pagioro - 23/03/2026 07:47:04 | U82: Conforme | V82: Marcelo Pagioro - 23/03/2026 07:47:06 | W82: Conforme | X82: Marcelo Pagioro - 23/03/2026 07:47:08 | Y82: Conforme | Z82: Marcelo Pagioro - 23/03/2026 07:47:10 | AA82: Conforme | AB82: Marcelo Pagioro - 23/03/2026 07:47:13 | AC82: Conforme | AD82: Marcelo Pagioro - 23/03/2026 07:47:15 | AE82: Conforme | AF82: Marcelo Pagioro - 23/03/2026 07:47:19 | AG82: Conforme | AH82: Marcelo Pagioro - 23/03/2026 07:47:24 | BS82: Não | BT82: Sim | BU82: 46104.324 | BV82: Sim | BW82: 46104.325 | BX82: Sim | BY82: 46104.325 | BZ82: Comissionamento Estático | CA82: Conforme | CB82: Marcelo Pagioro - 23/03/2026 07:47:33 | CC82: Conforme | CD82: Marcelo Pagioro - 23/03/2026 07:47:33 | CE82: Conforme | CF82: Marcelo Pagioro - 23/03/2026 07:47:35 | CG82: Conforme | CH82: Marcelo Pagioro - 23/03/2026 07:47:38 | DE82: Não | DF82: Sim | DG82: 46104.325 | DH82: Sim | DI82: 46104.325 | DJ82: Sim | DK82: 46104.325 | DL82: Dinâmico Frio | DM82: Conforme | DN82: Marcelo Pagioro - 23/03/2026 07:47:43 | DO82: Conforme | DP82: Marcelo Pagioro - 23/03/2026 07:47:48 | DQ82: Conforme | DR82: Marcelo Pagioro - 23/03/2026 07:47:46 | DS82: Conforme | DT82: Marcelo Pagioro - 23/03/2026 07:47:50 | EI82: Não | EJ82: Sim | EK82: 46104.325 | EL82: Dinâmico Quente | FI82: Não | FJ82: Não Aplica | FN82: Feito | FO82: 46104.325 | FP82: Marcelo Pagioro - 23/03/2026 07:47:50 | FQ82: Base de Dados_Images/RO2004.Imagem do Equipamento-.190211.jpg | FR82: Marcos Domingues - 13/03/2026 16:02:05 | FU82: =FQ82 -> Base de Dados_Images/RO2004.Imagem do Equipamento-.190211.jpg
A83: 10&20 - R.P.E | B83: Difusor | C83: Rosca Afofadora | D83: RO2005 | E83: Rosca Afofadora 05 | F83: Pré-Comissionamento | G83: Conforme | H83: Bruno Borges - 29/01/2026 07:53:51 | I83: Conforme | J83: Bruno Borges - 29/01/2026 07:53:52 | K83: Conforme | L83: Bruno Borges - 29/01/2026 07:53:53 | M83: Conforme | N83: Bruno Borges - 29/01/2026 07:53:56 | O83: Conforme | P83: Bruno Borges - 29/01/2026 07:53:57 | Q83: Conforme | R83: Bruno Borges - 29/01/2026 07:53:58 | S83: Conforme | T83: Bruno Borges - 29/01/2026 07:54:01 | U83: Conforme | V83: Bruno Borges - 29/01/2026 07:54:02 | W83: Conforme | X83: Wesley Soares - 27/01/2026 09:51:32 | Y83: Conforme | Z83: Wesley Soares - 27/01/2026 09:51:37 | AA83: Conforme | AB83: Wesley Soares - 27/01/2026 09:51:39 | AC83: Conforme | AD83: Wesley Soares - 27/01/2026 09:51:42 | AE83: Conforme | AF83: Wesley Soares - 27/01/2026 09:51:44 | AG83: Conforme | AH83: Wesley Soares - 27/01/2026 09:51:46 | BS83: Não | BT83: Sim | BU83: 46051.329 | BV83: Sim | BW83: 46049.411 | BX83: Sim | BY83: 46051.329 | BZ83: Comissionamento Estático | CA83: Conforme | CB83: Alexandre Fernandes - 19/02/2026 10:28:24 | CC83: Conforme | CD83: Marcos Domingues - 19/02/2026 17:14:47 | CE83: Conforme | CF83: Marcos Domingues - 19/02/2026 17:14:48 | CG83: Conforme | CH83: Marcos Domingues - 19/02/2026 17:14:51 | DE83: Não | DF83: Sim | DG83: 46072.436 | DH83: Sim | DI83: 46072.719 | DJ83: Sim | DK83: 46072.719 | DL83: Dinâmico Frio | DM83: Conforme | DN83: Marcelo Pagioro - 23/03/2026 07:48:30 | DO83: Conforme | DP83: Marcelo Pagioro - 23/03/2026 07:48:33 | DQ83: Conforme | DR83: Marcelo Pagioro - 23/03/2026 07:48:35 | DS83: Conforme | DT83: Marcelo Pagioro - 23/03/2026 07:48:37 | EI83: Não | EJ83: Sim | EK83: 46104.325 | EL83: Dinâmico Quente | FI83: Não | FJ83: Não Aplica | FN83: Feito | FO83: 46104.325 | FP83: Marcelo Pagioro - 23/03/2026 07:48:37 | FQ83: Base de Dados_Images/RO2005.Imagem do Equipamento-.132453.jpg | FR83: Humberto Luiz - 22/01/2026 10:24:03 | FU83: =FQ83 -> Base de Dados_Images/RO2005.Imagem do Equipamento-.132453.jpg
A84: 10&20 - R.P.E | B84: Difusor | C84: Rosca Afofadora | D84: RO2006 | E84: Rosca Afofadora 06 | F84: Pré-Comissionamento | G84: Conforme | H84: Alexandre Fernandes - 19/02/2026 10:29:41 | I84: Conforme | J84: Bruno Borges - 29/01/2026 07:54:14 | K84: Conforme | L84: Bruno Borges - 29/01/2026 07:54:17 | M84: Conforme | N84: Bruno Borges - 29/01/2026 07:54:21 | O84: Conforme | P84: Bruno Borges - 29/01/2026 07:54:24 | Q84: Conforme | R84: Bruno Borges - 29/01/2026 07:54:26 | S84: Conforme | T84: Bruno Borges - 29/01/2026 07:54:28 | U84: Conforme | V84: Bruno Borges - 29/01/2026 07:54:31 | W84: Conforme | X84: Marcos Domingues - 19/02/2026 17:15:23 | Y84: Conforme | Z84: Wesley Soares - 27/01/2026 10:08:28 | AA84: Conforme | AB84: Wesley Soares - 27/01/2026 10:08:30 | AC84: Conforme | AD84: Wesley Soares - 27/01/2026 10:08:33 | AE84: Conforme | AF84: Wesley Soares - 27/01/2026 10:08:34 | AG84: Conforme | AH84: Wesley Soares - 27/01/2026 10:08:36 | BS84: Não | BT84: Sim | BU84: 46072.437 | BV84: Sim | BW84: 46072.719 | BX84: Sim | BY84: 46072.719 | BZ84: Comissionamento Estático | CA84: Conforme | CB84: Alexandre Fernandes - 19/02/2026 10:30:24 | CC84: Conforme | CD84: Marcos Domingues - 19/02/2026 17:15:05 | CE84: Conforme | CF84: Marcos Domingues - 19/02/2026 17:15:07 | CG84: Conforme | CH84: Marcos Domingues - 19/02/2026 17:15:08 | DE84: Não | DF84: Sim | DG84: 46072.438 | DH84: Sim | DI84: 46072.719 | DJ84: Sim | DK84: 46072.719 | DL84: Dinâmico Frio | DM84: Conforme | DN84: Marcelo Pagioro - 23/03/2026 07:48:59 | DO84: Conforme | DP84: Marcelo Pagioro - 23/03/2026 07:49:00 | DQ84: Conforme | DR84: Marcelo Pagioro - 23/03/2026 07:49:04 | DS84: Conforme | DT84: Marcelo Pagioro - 23/03/2026 07:49:06 | EI84: Não | EJ84: Sim | EK84: 46104.326 | EL84: Dinâmico Quente | FI84: Não | FJ84: Não Aplica | FN84: Feito | FO84: 46104.326 | FP84: Marcelo Pagioro - 23/03/2026 07:49:06 | FQ84: Base de Dados_Images/RO2006.Imagem do Equipamento-.132640.jpg | FR84: Humberto Luiz - 22/01/2026 10:25:44 | FU84: =FQ84 -> Base de Dados_Images/RO2006.Imagem do Equipamento-.132640.jpg
A85: 10&20 - R.P.E | B85: Difusor | C85: Rosca Afofadora | D85: RO2007 | E85: Rosca Afofadora 07 | F85: Pré-Comissionamento | G85: Conforme | H85: Bruno Borges - 29/01/2026 07:54:42 | I85: Conforme | J85: Bruno Borges - 29/01/2026 07:54:43 | K85: Conforme | L85: Bruno Borges - 29/01/2026 07:54:45 | M85: Conforme | N85: Bruno Borges - 29/01/2026 07:54:50 | O85: Conforme | P85: Bruno Borges - 29/01/2026 07:54:52 | Q85: Conforme | R85: Bruno Borges - 29/01/2026 07:54:54 | S85: Conforme | T85: Bruno Borges - 29/01/2026 07:54:56 | U85: Conforme | V85: Bruno Borges - 29/01/2026 07:54:57 | W85: Conforme | X85: Wesley Soares - 27/01/2026 10:07:54 | Y85: Conforme | Z85: Wesley Soares - 27/01/2026 10:07:57 | AA85: Conforme | AB85: Wesley Soares - 27/01/2026 10:07:58 | AC85: Conforme | AD85: Wesley Soares - 27/01/2026 10:08:00 | AE85: Conforme | AF85: Wesley Soares - 27/01/2026 10:08:02 | AG85: Conforme | AH85: Wesley Soares - 27/01/2026 10:08:04 | BS85: Não | BT85: Sim | BU85: 46051.33 | BV85: Sim | BW85: 46049.422 | BX85: Sim | BY85: 46051.33 | BZ85: Comissionamento Estático | CA85: Conforme | CB85: Alexandre Fernandes - 19/02/2026 10:31:21 | CC85: Conforme | CD85: Marcos Domingues - 19/02/2026 17:15:40 | CE85: Conforme | CF85: Marcos Domingues - 19/02/2026 17:15:42 | CG85: Conforme | CH85: Marcos Domingues - 19/02/2026 17:15:43 | DE85: Não | DF85: Sim | DG85: 46072.438 | DH85: Sim | DI85: 46072.719 | DJ85: Sim | DK85: 46072.719 | DL85: Dinâmico Frio | DM85: Conforme | DN85: Humberto Luiz - 13/03/2026 17:08:34 | DO85: Conforme | DP85: Humberto Luiz - 13/03/2026 17:08:36 | DQ85: Conforme | DR85: Humberto Luiz - 13/03/2026 17:08:46 | DS85: Conforme | DT85: Humberto Luiz - 13/03/2026 17:08:38 | EI85: Não | EJ85: Sim | EK85: 46094.714 | EL85: Dinâmico Quente | FI85: Não | FJ85: Não Aplica | FN85: Feito | FO85: 46094.714 | FP85: Humberto Luiz - 13/03/2026 17:08:46 | FQ85: Base de Dados_Images/RO2007.Imagem do Equipamento-.132752.jpg | FR85: Humberto Luiz - 22/01/2026 10:27:34 | FU85: =FQ85 -> Base de Dados_Images/RO2007.Imagem do Equipamento-.132752.jpg
A86: 10&20 - R.P.E | B86: Difusor | C86: Rosca Afofadora | D86: RO2008 | E86: Rosca Afofadora 08 | F86: Pré-Comissionamento | G86: Conforme | H86: Bruno Borges - 29/01/2026 07:50:58 | I86: Conforme | J86: Bruno Borges - 29/01/2026 07:51:03 | K86: Conforme | L86: Bruno Borges - 29/01/2026 07:51:05 | M86: Conforme | N86: Bruno Borges - 29/01/2026 07:51:07 | O86: Conforme | P86: Bruno Borges - 29/01/2026 07:51:10 | Q86: Conforme | R86: Bruno Borges - 29/01/2026 07:51:13 | S86: Conforme | T86: Bruno Borges - 29/01/2026 07:51:56 | U86: Conforme | V86: Bruno Borges - 29/01/2026 07:52:05 | W86: Conforme | X86: Wesley Soares - 27/01/2026 10:09:43 | Y86: Conforme | Z86: Wesley Soares - 27/01/2026 10:09:44 | AA86: Conforme | AB86: Wesley Soares - 27/01/2026 10:09:46 | AC86: Conforme | AD86: Wesley Soares - 27/01/2026 10:09:48 | AE86: Conforme | AF86: Wesley Soares - 27/01/2026 10:09:50 | AG86: Conforme | AH86: Wesley Soares - 27/01/2026 10:09:52 | BS86: Não | BT86: Sim | BU86: 46051.328 | BV86: Sim | BW86: 46049.424 | BX86: Sim | BY86: 46051.328 | BZ86: Comissionamento Estático | CA86: Conforme | CB86: Alexandre Fernandes - 19/02/2026 10:36:55 | CC86: Conforme | CD86: Marcos Domingues - 19/02/2026 17:16:52 | CE86: Conforme | CF86: Marcos Domingues - 19/02/2026 17:16:54 | CG86: Conforme | CH86: Marcos Domingues - 19/02/2026 17:16:56 | DE86: Não | DF86: Sim | DG86: 46072.442 | DH86: Sim | DI86: 46072.72 | DJ86: Sim | DK86: 46072.72 | DL86: Dinâmico Frio | DM86: Conforme | DN86: Humberto Luiz - 13/03/2026 17:09:36 | DO86: Conforme | DP86: Humberto Luiz - 13/03/2026 17:09:21 | DQ86: Conforme | DR86: Humberto Luiz - 13/03/2026 17:09:24 | DS86: Conforme | DT86: Humberto Luiz - 13/03/2026 17:09:26 | EI86: Não | EJ86: Sim | EK86: 46094.715 | EL86: Dinâmico Quente | FI86: Não | FJ86: Não Aplica | FN86: Feito | FO86: 46094.715 | FP86: Humberto Luiz - 13/03/2026 17:09:36 | FQ86: Base de Dados_Images/RO2008.Imagem do Equipamento-.134048.jpg | FR86: Humberto Luiz - 22/01/2026 10:40:41 | FU86: =FQ86 -> Base de Dados_Images/RO2008.Imagem do Equipamento-.134048.jpg
A87: 10&20 - R.P.E | B87: Difusor | C87: Rosca Afofadora | D87: RO2009 | E87: Rosca Afofadora 09 | F87: Pré-Comissionamento | G87: Conforme | H87: Bruno Borges - 29/01/2026 07:55:12 | I87: Conforme | J87: Bruno Borges - 29/01/2026 07:55:13 | K87: Conforme | L87: Bruno Borges - 29/01/2026 07:55:15 | M87: Conforme | N87: Bruno Borges - 29/01/2026 07:55:17 | O87: Conforme | P87: Bruno Borges - 29/01/2026 07:55:19 | Q87: Conforme | R87: Bruno Borges - 29/01/2026 07:55:21 | S87: Conforme | T87: Bruno Borges - 29/01/2026 07:55:23 | U87: Conforme | V87: Bruno Borges - 29/01/2026 07:55:26 | W87: Conforme | X87: Wesley Soares - 27/01/2026 10:11:18 | Y87: Conforme | Z87: Wesley Soares - 27/01/2026 10:11:19 | AA87: Conforme | AB87: Wesley Soares - 27/01/2026 10:11:21 | AC87: Conforme | AD87: Wesley Soares - 27/01/2026 10:11:24 | AE87: Conforme | AF87: Wesley Soares - 27/01/2026 10:11:26 | AG87: Conforme | AH87: Wesley Soares - 27/01/2026 10:11:28 | BS87: Não | BT87: Sim | BU87: 46051.33 | BV87: Sim | BW87: 46049.425 | BX87: Sim | BY87: 46051.33 | BZ87: Comissionamento Estático | CA87: Conforme | CB87: Alexandre Fernandes - 19/02/2026 10:37:34 | CC87: Conforme | CD87: Marcos Domingues - 19/02/2026 17:17:06 | CE87: Conforme | CF87: Marcos Domingues - 19/02/2026 17:17:07 | CG87: Conforme | CH87: Marcos Domingues - 19/02/2026 17:17:09 | DE87: Não | DF87: Sim | DG87: 46072.443 | DH87: Sim | DI87: 46072.72 | DJ87: Sim | DK87: 46072.72 | DL87: Dinâmico Frio | DM87: Conforme | DN87: Humberto Luiz - 13/03/2026 17:10:17 | DO87: Conforme | DP87: Humberto Luiz - 13/03/2026 17:10:08 | DQ87: Conforme | DR87: Humberto Luiz - 13/03/2026 17:10:12 | DS87: Conforme | DT87: Humberto Luiz - 13/03/2026 17:10:15 | EI87: Não | EJ87: Sim | EK87: 46094.715 | EL87: Dinâmico Quente | FI87: Não | FJ87: Não Aplica | FN87: Feito | FO87: 46094.715 | FP87: Humberto Luiz - 13/03/2026 17:10:17 | FQ87: Base de Dados_Images/RO2009.Imagem do Equipamento-.134337.jpg | FR87: Humberto Luiz - 22/01/2026 10:43:06 | FU87: =FQ87 -> Base de Dados_Images/RO2009.Imagem do Equipamento-.134337.jpg
A88: 10&20 - R.P.E | B88: Difusor | C88: Rosca Afofadora | D88: RO2010 | E88: Rosca Afofadora 10 | F88: Pré-Comissionamento | G88: Conforme | H88: Marcelo Pagioro - 19/03/2026 10:24:43 | I88: Conforme | J88: Bruno Borges - 29/01/2026 07:55:56 | K88: Conforme | L88: Bruno Borges - 29/01/2026 07:56:06 | M88: Conforme | N88: Bruno Borges - 29/01/2026 07:56:09 | O88: Conforme | P88: Bruno Borges - 29/01/2026 07:56:11 | Q88: Conforme | R88: Bruno Borges - 29/01/2026 07:56:13 | S88: Conforme | T88: Bruno Borges - 29/01/2026 07:56:16 | U88: Conforme | V88: Bruno Borges - 29/01/2026 07:56:18 | W88: Conforme | X88: Wesley Soares - 27/01/2026 10:11:46 | Y88: Conforme | Z88: Wesley Soares - 27/01/2026 10:11:48 | AA88: Conforme | AB88: Wesley Soares - 27/01/2026 10:11:51 | AC88: Conforme | AD88: Wesley Soares - 27/01/2026 10:11:53 | AE88: Conforme | AF88: Wesley Soares - 27/01/2026 10:11:56 | AG88: Conforme | AH88: Wesley Soares - 27/01/2026 10:11:58 | BS88: Não | BT88: Sim | BU88: 46100.434 | BV88: Sim | BW88: 46049.425 | BX88: Sim | BY88: 46100.434 | BZ88: Comissionamento Estático | CA88: Conforme | CB88: Marcelo Pagioro - 19/03/2026 10:25:00 | CC88: Conforme | CD88: Marcos Domingues - 14/03/2026 05:58:29 | CE88: Conforme | CF88: Marcos Domingues - 14/03/2026 05:58:31 | CG88: Conforme | CH88: Marcos Domingues - 14/03/2026 05:58:32 | DE88: Não | DF88: Sim | DG88: 46100.434 | DH88: Sim | DI88: 46095.249 | DJ88: Sim | DK88: 46100.434 | DL88: Dinâmico Frio | DM88: Conforme | DN88: Humberto Luiz - 13/03/2026 17:10:55 | DO88: Conforme | DP88: Humberto Luiz - 13/03/2026 17:10:47 | DQ88: Conforme | DR88: Humberto Luiz - 13/03/2026 17:10:51 | DS88: Conforme | DT88: Humberto Luiz - 13/03/2026 17:10:53 | EI88: Não | EJ88: Sim | EK88: 46094.716 | EL88: Dinâmico Quente | FI88: Não | FJ88: Não Aplica | FN88: Feito | FO88: 46100.434 | FP88: Marcelo Pagioro - 19/03/2026 10:25:00 | FQ88: Base de Dados_Images/RO2010.Imagem do Equipamento-.134553.jpg | FR88: Humberto Luiz - 22/01/2026 10:45:48 | FU88: =FQ88 -> Base de Dados_Images/RO2010.Imagem do Equipamento-.134553.jpg
A89: 10&20 - R.P.E | B89: Difusor | C89: Rosca Afofadora | D89: RO2011 | E89: Rosca Afofadora 11 | F89: Pré-Comissionamento | G89: Conforme | H89: Bruno Borges - 29/01/2026 07:57:01 | I89: Conforme | J89: Bruno Borges - 29/01/2026 07:57:03 | K89: Conforme | L89: Bruno Borges - 29/01/2026 07:57:05 | M89: Conforme | N89: Bruno Borges - 29/01/2026 07:57:09 | O89: Conforme | P89: Bruno Borges - 29/01/2026 07:57:11 | Q89: Conforme | R89: Bruno Borges - 29/01/2026 07:57:14 | S89: Conforme | T89: Bruno Borges - 29/01/2026 07:57:15 | U89: Conforme | V89: Bruno Borges - 29/01/2026 07:57:17 | W89: Conforme | X89: Wesley Soares - 27/01/2026 10:12:59 | Y89: Conforme | Z89: Wesley Soares - 27/01/2026 10:13:05 | AA89: Conforme | AB89: Wesley Soares - 27/01/2026 10:13:07 | AC89: Conforme | AD89: Wesley Soares - 27/01/2026 10:13:09 | AE89: Conforme | AF89: Wesley Soares - 27/01/2026 10:13:11 | AG89: Conforme | AH89: Wesley Soares - 27/01/2026 10:13:26 | BS89: Não | BT89: Sim | BU89: 46051.331 | BV89: Sim | BW89: 46049.426 | BX89: Sim | BY89: 46051.331 | BZ89: Comissionamento Estático | CA89: Conforme | CB89: Alexandre Fernandes - 19/02/2026 10:39:02 | CC89: Conforme | CD89: Marcos Domingues - 19/02/2026 17:19:23 | CE89: Conforme | CF89: Marcos Domingues - 19/02/2026 17:19:26 | CG89: Conforme | CH89: Marcos Domingues - 19/02/2026 17:19:24 | DE89: Não | DF89: Sim | DG89: 46072.444 | DH89: Sim | DI89: 46072.722 | DJ89: Sim | DK89: 46072.722 | DL89: Dinâmico Frio | DM89: Conforme | DN89: Humberto Luiz - 13/03/2026 17:11:37 | DO89: Conforme | DP89: Humberto Luiz - 13/03/2026 17:11:28 | DQ89: Conforme | DR89: Humberto Luiz - 13/03/2026 17:11:30 | DS89: Conforme | DT89: Humberto Luiz - 13/03/2026 17:11:32 | EI89: Não | EJ89: Sim | EK89: 46094.716 | EL89: Dinâmico Quente | FI89: Não | FJ89: Não Aplica | FN89: Feito | FO89: 46094.716 | FP89: Humberto Luiz - 13/03/2026 17:11:37 | FQ89: Base de Dados_Images/RO2011.Imagem do Equipamento-.135015.jpg | FR89: Humberto Luiz - 22/01/2026 10:50:05 | FU89: =FQ89 -> Base de Dados_Images/RO2011.Imagem do Equipamento-.135015.jpg
A90: 10&20 - R.P.E | B90: Difusor | C90: Rosca Afofadora | D90: RO2012 | E90: Rosca Afofadora 12 | F90: Pré-Comissionamento | G90: Conforme | H90: Bruno Borges - 29/01/2026 07:57:44 | I90: Conforme | J90: Bruno Borges - 29/01/2026 07:57:46 | K90: Conforme | L90: Bruno Borges - 29/01/2026 07:57:47 | M90: Conforme | N90: Bruno Borges - 29/01/2026 07:57:49 | O90: Conforme | P90: Bruno Borges - 29/01/2026 07:57:52 | Q90: Conforme | R90: Bruno Borges - 29/01/2026 07:57:53 | S90: Conforme | T90: Bruno Borges - 29/01/2026 07:57:59 | U90: Conforme | V90: Bruno Borges - 29/01/2026 07:58:01 | W90: Conforme | X90: Wesley Soares - 27/01/2026 10:14:23 | Y90: Conforme | Z90: Wesley Soares - 27/01/2026 10:14:24 | AA90: Conforme | AB90: Wesley Soares - 27/01/2026 10:14:27 | AC90: Conforme | AD90: Wesley Soares - 27/01/2026 10:14:28 | AE90: Conforme | AF90: Wesley Soares - 27/01/2026 10:14:31 | AG90: Conforme | AH90: Wesley Soares - 27/01/2026 10:14:32 | BS90: Não | BT90: Sim | BU90: 46051.332 | BV90: Sim | BW90: 46049.427 | BX90: Sim | BY90: 46051.332 | BZ90: Comissionamento Estático | CA90: Conforme | CB90: Alexandre Fernandes - 19/02/2026 10:41:01 | CC90: Conforme | CD90: Marcos Domingues - 19/02/2026 17:20:43 | CE90: Conforme | CF90: Marcos Domingues - 19/02/2026 17:20:47 | CG90: Conforme | CH90: Marcos Domingues - 19/02/2026 17:20:45 | DE90: Não | DF90: Sim | DG90: 46072.445 | DH90: Sim | DI90: 46072.723 | DJ90: Sim | DK90: 46072.723 | DL90: Dinâmico Frio | DM90: Conforme | DN90: Humberto Luiz - 13/03/2026 17:12:42 | DO90: Conforme | DP90: Humberto Luiz - 13/03/2026 17:12:30 | DQ90: Conforme | DR90: Humberto Luiz - 13/03/2026 17:12:35 | DS90: Conforme | DT90: Humberto Luiz - 13/03/2026 17:12:38 | EI90: Não | EJ90: Sim | EK90: 46094.717 | EL90: Dinâmico Quente | FI90: Não | FJ90: Não Aplica | FN90: Feito | FO90: 46094.717 | FP90: Humberto Luiz - 13/03/2026 17:12:42 | FQ90: Base de Dados_Images/RO2012.Imagem do Equipamento-.135218.jpg | FR90: Humberto Luiz - 22/01/2026 10:52:11 | FU90: =FQ90 -> Base de Dados_Images/RO2012.Imagem do Equipamento-.135218.jpg
... A92: 10&20 - R.P.E | B92: Difusor | C92: Rosca Afofadora | D92: RO2014 | E92: Rosca Afofadora 14 | F92: Pré-Comissionamento | G92: Conforme | H92: Bruno Borges - 29/01/2026 07:58:31 | I92: Conforme | J92: Bruno Borges - 29/01/2026 07:58:33 | K92: Conforme | L92: Bruno Borges - 29/01/2026 07:58:34 | M92: Conforme | N92: Bruno Borges - 29/01/2026 07:58:38 | O92: Conforme | P92: Bruno Borges - 29/01/2026 07:58:40 | Q92: Conforme | R92: Bruno Borges - 29/01/2026 07:58:42 | S92: Conforme | T92: Bruno Borges - 29/01/2026 07:58:44 | U92: Conforme | V92: Bruno Borges - 29/01/2026 07:58:46 | W92: Conforme | X92: Wesley Soares - 27/01/2026 10:16:32 | Y92: Conforme | Z92: Wesley Soares - 27/01/2026 10:16:33 | AA92: Conforme | AB92: Wesley Soares - 27/01/2026 10:16:36 | AC92: Conforme | AD92: Wesley Soares - 27/01/2026 10:16:37 | AE92: Conforme | AF92: Wesley Soares - 27/01/2026 10:16:39 | AG92: Conforme | AH92: Wesley Soares - 27/01/2026 10:16:41 | BS92: Não | BT92: Sim | BU92: 46051.332 | BV92: Sim | BW92: 46049.428 | BX92: Sim | BY92: 46051.332 | BZ92: Comissionamento Estático | CA92: Conforme | CB92: Alexandre Fernandes - 19/02/2026 10:42:23 | CC92: Conforme | CD92: Marcos Domingues - 19/02/2026 17:21:23 | CE92: Conforme | CF92: Marcos Domingues - 19/02/2026 17:21:30 | CG92: Conforme | CH92: Marcos Domingues - 19/02/2026 17:21:33 | DE92: Não | DF92: Sim | DG92: 46072.446 | DH92: Sim | DI92: 46072.723 | DJ92: Sim | DK92: 46072.723 | DL92: Dinâmico Frio | DM92: Conforme | DN92: Humberto Luiz - 13/03/2026 17:14:31 | DO92: Conforme | DP92: Humberto Luiz - 13/03/2026 17:14:34 | DQ92: Conforme | DR92: Humberto Luiz - 13/03/2026 17:14:36 | DS92: Conforme | DT92: Humberto Luiz - 13/03/2026 17:14:38 | EI92: Não | EJ92: Sim | EK92: 46094.718 | EL92: Dinâmico Quente | FI92: Não | FJ92: Não Aplica | FN92: Feito | FO92: 46094.718 | FP92: Humberto Luiz - 13/03/2026 17:14:38 | FQ92: Base de Dados_Images/RO2014.Imagem do Equipamento-.140037.jpg | FR92: Humberto Luiz - 22/01/2026 11:00:30 | FU92: =FQ92 -> Base de Dados_Images/RO2014.Imagem do Equipamento-.140037.jpg
A93: 10&20 - R.P.E | B93: Difusor | C93: Transmissor | D93: SSL-9001-11X | E93: Sensor Speed Zero Da Esteira Transversal | F93: Pré-Comissionamento | G93: Conforme | H93: Marcelo Pagioro - 19/03/2026 13:15:50 | I93: Conforme | J93: Marcos Domingues - 13/03/2026 15:57:07 | K93: Conforme | L93: Marcos Domingues - 13/03/2026 15:56:48 | M93: Conforme | N93: Marcos Domingues - 13/03/2026 15:56:49 | BS93: Não | BT93: Sim | BU93: 46100.553 | BV93: Sim | BW93: 46094.665 | BX93: Sim | BY93: 46100.553 | BZ93: Comissionamento Estático | CA93: Conforme | CB93: Marcos Domingues - 13/03/2026 15:56:54 | CC93: Não Aplicável | CD93: Marcos Domingues - 13/03/2026 15:56:56 | CE93: Não Aplicável | CF93: Marcos Domingues - 13/03/2026 15:56:57 | DE93: Não | DF93: Não Aplica | DH93: Sim | DI93: 46094.665 | DJ93: Sim | DK93: 46094.665 | DL93: Dinâmico Frio | DM93: Conforme | DN93: Marcos Domingues - 13/03/2026 15:57:01 | DO93: Conforme | DP93: Marcos Domingues - 13/03/2026 15:57:01 | EI93: Não | EJ93: Sim | EK93: 46094.665 | EL93: Dinâmico Quente | EM93: Conforme | EN93: Marcelo Pagioro - 23/03/2026 10:38:42 | EO93: Conforme | EP93: Marcelo Pagioro - 23/03/2026 10:38:42 | FI93: Não | FJ93: Sim | FK93: 46104.444 | FN93: Feito | FO93: 46104.444 | FP93: Marcelo Pagioro - 23/03/2026 10:38:42 | FQ93: Base de Dados_Images/SSL-9001-11X.Imagem do Equipamento-.185652.jpg | FR93: Marcos Domingues - 13/03/2026 15:57:07 | FU93: =FQ93 -> Base de Dados_Images/SSL-9001-11X.Imagem do Equipamento-.185652.jpg
A94: 10&20 - R.P.E | B94: Difusor | C94: Transmissor | D94: TT-9042-01 | E94: Temperatura Captador Br 09 | F94: Pré-Comissionamento | G94: Conforme | H94: Alexandre Fernandes - 19/02/2026 10:58:19 | I94: Conforme | J94: Marcos Domingues - 13/02/2026 10:56:31 | K94: Conforme | L94: Marcos Domingues - 13/02/2026 10:56:31 | M94: Conforme | N94: Marcos Domingues - 13/02/2026 10:56:32 | BS94: Não | BT94: Sim | BU94: 46072.457 | BV94: Sim | BW94: 46066.456 | BX94: Sim | BY94: 46072.457 | BZ94: Comissionamento Estático | CA94: Conforme | CB94: Marcos Domingues - 19/02/2026 18:17:31 | CC94: Não Aplicável | CD94: Marcos Domingues - 19/02/2026 18:17:31 | CE94: Conforme | CF94: Marcos Domingues - 19/02/2026 18:17:32 | DE94: Não | DF94: Não Aplica | DH94: Sim | DI94: 46072.762 | DJ94: Sim | DK94: 46072.762 | DL94: Dinâmico Frio | DM94: Conforme | DN94: Marcos Domingues - 13/03/2026 11:35:13 | DO94: Conforme | DP94: Marcos Domingues - 13/03/2026 11:35:13 | EI94: Não | EJ94: Sim | EK94: 46094.483 | EL94: Dinâmico Quente | EM94: Conforme | EN94: Marcelo Pagioro - 25/03/2026 17:07:28 | EO94: Conforme | EP94: Marcelo Pagioro - 25/03/2026 17:07:29 | FI94: Não | FJ94: Sim | FK94: 46106.714 | FN94: Feito | FO94: 46106.714 | FP94: Marcelo Pagioro - 25/03/2026 17:07:29 | FQ94: Base de Dados_Images/TT-9042-01.Imagem do Equipamento-.135631.jpg | FR94: Marcos Domingues - 13/02/2026 10:56:32 | FU94: =FQ94 -> Base de Dados_Images/TT-9042-01.Imagem do Equipamento-.135631.jpg
A95: 10&20 - R.P.E | B95: Difusor | C95: Transmissor | D95: TT-9041-01 | E95: Temperatura Captador Br 05 | F95: Pré-Comissionamento | G95: Conforme | H95: Alexandre Fernandes - 19/02/2026 10:58:30 | I95: Conforme | J95: Marcos Domingues - 13/02/2026 10:52:22 | K95: Conforme | L95: Marcos Domingues - 13/02/2026 10:52:23 | M95: Conforme | N95: Marcos Domingues - 13/02/2026 10:52:23 | BS95: Não | BT95: Sim | BU95: 46072.457 | BV95: Sim | BW95: 46066.453 | BX95: Sim | BY95: 46072.457 | BZ95: Comissionamento Estático | CA95: Conforme | CB95: Marcos Domingues - 19/02/2026 18:17:07 | CC95: Não Aplicável | CD95: Marcos Domingues - 19/02/2026 18:17:09 | CE95: Conforme | CF95: Marcos Domingues - 19/02/2026 18:17:11 | DE95: Não | DF95: Não Aplica | DH95: Sim | DI95: 46072.762 | DJ95: Sim | DK95: 46072.762 | DL95: Dinâmico Frio | DM95: Conforme | DN95: Marcos Domingues - 13/03/2026 11:35:58 | DO95: Conforme | DP95: Marcos Domingues - 13/03/2026 11:35:59 | EI95: Não | EJ95: Sim | EK95: 46094.483 | EL95: Dinâmico Quente | EM95: Conforme | EN95: Marcelo Pagioro - 25/03/2026 17:07:43 | EO95: Conforme | EP95: Marcelo Pagioro - 25/03/2026 17:07:44 | FI95: Não | FJ95: Sim | FK95: 46106.714 | FN95: Feito | FO95: 46106.714 | FP95: Marcelo Pagioro - 25/03/2026 17:07:44 | FQ95: Base de Dados_Images/TT-9041-01.Imagem do Equipamento-.135222.jpg | FR95: Marcos Domingues - 13/02/2026 10:52:24 | FU95: =FQ95 -> Base de Dados_Images/TT-9041-01.Imagem do Equipamento-.135222.jpg
A96: 10&20 - R.P.E | B96: Difusor | C96: Transmissor | D96: TT-9040-01 | E96: Temperatura Captador Br 03 | F96: Pré-Comissionamento | G96: Conforme | H96: Alexandre Fernandes - 19/02/2026 10:58:24 | I96: Conforme | J96: Marcos Domingues - 13/02/2026 10:50:26 | K96: Conforme | L96: Marcos Domingues - 13/02/2026 10:50:27 | M96: Conforme | N96: Marcos Domingues - 13/02/2026 10:50:27 | BS96: Não | BT96: Sim | BU96: 46072.457 | BV96: Sim | BW96: 46066.452 | BX96: Sim | BY96: 46072.457 | BZ96: Comissionamento Estático | CA96: Conforme | CB96: Marcos Domingues - 19/02/2026 18:21:22 | CC96: Não Aplicável | CD96: Marcos Domingues - 19/02/2026 18:21:23 | CE96: Conforme | CF96: Marcos Domingues - 19/02/2026 18:21:23 | DE96: Não | DF96: Não Aplica | DH96: Sim | DI96: 46072.765 | DJ96: Sim | DK96: 46072.765 | DL96: Dinâmico Frio | DM96: Conforme | DN96: Marcelo Pagioro - 23/03/2026 07:49:38 | DO96: Conforme | DP96: Marcelo Pagioro - 23/03/2026 07:49:39 | EI96: Não | EJ96: Sim | EK96: 46104.326 | EL96: Dinâmico Quente | EM96: Conforme | EN96: Marcelo Pagioro - 25/03/2026 17:07:58 | EO96: Conforme | EP96: Marcelo Pagioro - 25/03/2026 17:07:59 | FI96: Não | FJ96: Sim | FK96: 46106.714 | FN96: Feito | FO96: 46106.714 | FP96: Marcelo Pagioro - 25/03/2026 17:07:59 | FQ96: Base de Dados_Images/TT-9040-01.Imagem do Equipamento-.135026.jpg | FR96: Marcos Domingues - 13/02/2026 10:50:27 | FU96: =FQ96 -> Base de Dados_Images/TT-9040-01.Imagem do Equipamento-.135026.jpg
A97: 10&20 - R.P.E | B97: Difusor | C97: Transmissor | D97: TT-9039-01 | E97: Temperatura Captador Br 01 | F97: Pré-Comissionamento | G97: Conforme | H97: Alexandre Fernandes - 19/02/2026 10:58:34 | I97: Conforme | J97: Marcos Domingues - 13/02/2026 10:47:22 | K97: Conforme | L97: Marcos Domingues - 13/02/2026 10:47:23 | M97: Conforme | N97: Marcos Domingues - 13/02/2026 10:47:23 | BS97: Não | BT97: Sim | BU97: 46072.457 | BV97: Sim | BW97: 46066.45 | BX97: Sim | BY97: 46072.457 | BZ97: Comissionamento Estático | CA97: Conforme | CB97: Marcos Domingues - 19/02/2026 18:21:05 | CC97: Não Aplicável | CD97: Marcos Domingues - 19/02/2026 18:21:06 | CE97: Conforme | CF97: Marcos Domingues - 19/02/2026 18:21:09 | DE97: Não | DF97: Não Aplica | DH97: Sim | DI97: 46072.765 | DJ97: Sim | DK97: 46072.765 | DL97: Dinâmico Frio | DM97: Conforme | DN97: Wesley Soares - 16/03/2026 09:19:56 | DO97: Conforme | DP97: Wesley Soares - 16/03/2026 09:19:58 | EI97: Não | EJ97: Sim | EK97: 46097.389 | EL97: Dinâmico Quente | EM97: Conforme | EN97: Marcelo Pagioro - 25/03/2026 17:08:13 | EO97: Conforme | EP97: Marcelo Pagioro - 25/03/2026 17:08:13 | FI97: Não | FJ97: Sim | FK97: 46106.714 | FN97: Feito | FO97: 46106.714 | FP97: Marcelo Pagioro - 25/03/2026 17:08:13 | FQ97: Base de Dados_Images/TT-9039-01.Imagem do Equipamento-.134724.jpg | FR97: Marcos Domingues - 13/02/2026 10:47:23 | FU97: =FQ97 -> Base de Dados_Images/TT-9039-01.Imagem do Equipamento-.134724.jpg
A98: 10&20 - R.P.E | B98: Difusor | C98: Transmissor | D98: LIT-9011-03 | E98: Nivel Do Captador ( Br 1) | F98: Pré-Comissionamento | G98: Conforme | H98: Alexandre Fernandes - 19/02/2026 10:58:38 | I98: Conforme | J98: Marcos Domingues - 13/02/2026 10:48:03 | K98: Conforme | L98: Marcos Domingues - 13/02/2026 10:48:04 | M98: Conforme | N98: Marcos Domingues - 13/02/2026 10:48:08 | BS98: Não | BT98: Sim | BU98: 46072.457 | BV98: Sim | BW98: 46066.45 | BX98: Sim | BY98: 46072.457 | BZ98: Comissionamento Estático | CA98: Conforme | CB98: Marcos Domingues - 19/02/2026 18:04:25 | CC98: Conforme | CD98: Marcos Domingues - 19/02/2026 18:04:28 | CE98: Conforme | CF98: Marcos Domingues - 19/02/2026 18:04:29 | DE98: Não | DF98: Não Aplica | DH98: Sim | DI98: 46072.753 | DJ98: Sim | DK98: 46072.753 | DL98: Dinâmico Frio | DM98: Conforme | DN98: Marcos Domingues - 13/03/2026 14:08:42 | DO98: Conforme | DP98: Marcos Domingues - 13/03/2026 14:08:43 | EI98: Não | EJ98: Sim | EK98: 46094.589 | EL98: Dinâmico Quente | EM98: Conforme | EN98: Marcelo Pagioro - 25/03/2026 17:08:27 | EO98: Conforme | EP98: Marcelo Pagioro - 25/03/2026 17:08:28 | FI98: Não | FJ98: Sim | FK98: 46106.714 | FN98: Feito | FO98: 46106.714 | FP98: Marcelo Pagioro - 25/03/2026 17:08:28 | FQ98: Base de Dados_Images/LIT-9011-03.Imagem do Equipamento-.134802.jpg | FR98: Marcos Domingues - 13/02/2026 10:48:08 | FU98: =FQ98 -> Base de Dados_Images/LIT-9011-03.Imagem do Equipamento-.134802.jpg
A99: 10&20 - R.P.E | B99: Difusor | C99: Transmissor | D99: LIT-9012-03 | E99: Nivel Do Captador ( Br 2) | F99: Pré-Comissionamento | G99: Conforme | H99: Alexandre Fernandes - 19/02/2026 10:58:42 | I99: Conforme | J99: Marcos Domingues - 13/02/2026 10:48:48 | K99: Conforme | L99: Marcos Domingues - 13/02/2026 10:48:53 | M99: Conforme | N99: Marcos Domingues - 13/02/2026 10:48:55 | BS99: Não | BT99: Sim | BU99: 46072.457 | BV99: Sim | BW99: 46066.451 | BX99: Sim | BY99: 46072.457 | BZ99: Comissionamento Estático | CA99: Conforme | CB99: Marcos Domingues - 19/02/2026 18:04:50 | CC99: Conforme | CD99: Marcos Domingues - 19/02/2026 18:04:53 | CE99: Conforme | CF99: Marcos Domingues - 19/02/2026 18:04:54 | DE99: Não | DF99: Não Aplica | DH99: Sim | DI99: 46072.753 | DJ99: Sim | DK99: 46072.753 | DL99: Dinâmico Frio | DM99: Conforme | DN99: Wesley Soares - 16/03/2026 09:20:25 | DO99: Conforme | DP99: Wesley Soares - 16/03/2026 09:20:26 | EI99: Não | EJ99: Sim | EK99: 46097.389 | EL99: Dinâmico Quente | EM99: Conforme | EN99: Marcelo Pagioro - 25/03/2026 17:08:41 | EO99: Conforme | EP99: Marcelo Pagioro - 25/03/2026 17:08:41 | FI99: Não | FJ99: Sim | FK99: 46106.714 | FN99: Feito | FO99: 46106.714 | FP99: Marcelo Pagioro - 25/03/2026 17:08:41 | FQ99: Base de Dados_Images/LIT-9012-03.Imagem do Equipamento-.134850.jpg | FR99: Marcos Domingues - 13/02/2026 10:48:55 | FU99: =FQ99 -> Base de Dados_Images/LIT-9012-03.Imagem do Equipamento-.134850.jpg
A100: 10&20 - R.P.E | B100: Difusor | C100: Transmissor | D100: LIT-9013-03 | E100: Nivel Do Captador ( Br 3) | F100: Pré-Comissionamento | G100: Conforme | H100: Alexandre Fernandes - 19/02/2026 10:58:47 | I100: Conforme | J100: Marcos Domingues - 13/02/2026 10:49:32 | K100: Conforme | L100: Marcos Domingues - 13/02/2026 10:49:33 | M100: Conforme | N100: Marcos Domingues - 13/02/2026 10:49:33 | BS100: Não | BT100: Sim | BU100: 46072.457 | BV100: Sim | BW100: 46066.451 | BX100: Sim | BY100: 46072.457 | BZ100: Comissionamento Estático | CA100: Conforme | CB100: Marcos Domingues - 19/02/2026 18:05:17 | CC100: Conforme | CD100: Marcos Domingues - 19/02/2026 18:05:18 | CE100: Conforme | CF100: Marcos Domingues - 19/02/2026 18:05:18 | DE100: Não | DF100: Não Aplica | DH100: Sim | DI100: 46072.754 | DJ100: Sim | DK100: 46072.754 | DL100: Dinâmico Frio | DM100: Conforme | DN100: Marcos Domingues - 13/03/2026 14:09:03 | DO100: Conforme | DP100: Marcos Domingues - 13/03/2026 14:09:03 | EI100: Não | EJ100: Sim | EK100: 46094.59 | EL100: Dinâmico Quente | EM100: Conforme | EN100: Marcelo Pagioro - 25/03/2026 17:09:37 | EO100: Conforme | EP100: Marcelo Pagioro - 25/03/2026 17:09:38 | FI100: Não | FJ100: Sim | FK100: 46106.715 | FN100: Feito | FO100: 46106.715 | FP100: Marcelo Pagioro - 25/03/2026 17:09:38 | FQ100: Base de Dados_Images/LIT-9013-03.Imagem do Equipamento-.134932.jpg | FR100: Marcos Domingues - 13/02/2026 10:49:33 | FU100: =FQ100 -> Base de Dados_Images/LIT-9013-03.Imagem do Equipamento-.134932.jpg
A101: 10&20 - R.P.E | B101: Difusor | C101: Transmissor | D101: LIT-9014-03 | E101: Nivel Do Captador ( Br 4) | F101: Pré-Comissionamento | G101: Conforme | H101: Alexandre Fernandes - 19/02/2026 10:58:50 | I101: Conforme | J101: Marcos Domingues - 13/02/2026 10:51:10 | K101: Conforme | L101: Marcos Domingues - 13/02/2026 10:51:11 | M101: Conforme | N101: Marcos Domingues - 13/02/2026 10:51:11 | BS101: Não | BT101: Sim | BU101: 46072.458 | BV101: Sim | BW101: 46066.452 | BX101: Sim | BY101: 46072.458 | BZ101: Comissionamento Estático | CA101: Conforme | CB101: Marcos Domingues - 19/02/2026 18:05:28 | CC101: Conforme | CD101: Marcos Domingues - 19/02/2026 18:05:28 | CE101: Conforme | CF101: Marcos Domingues - 19/02/2026 18:05:29 | DE101: Não | DF101: Não Aplica | DH101: Sim | DI101: 46072.754 | DJ101: Sim | DK101: 46072.754 | DL101: Dinâmico Frio | DM101: Conforme | DN101: Wesley Soares - 16/03/2026 09:20:56 | DO101: Conforme | DP101: Wesley Soares - 16/03/2026 09:20:57 | EI101: Não | EJ101: Sim | EK101: 46097.39 | EL101: Dinâmico Quente | EM101: Conforme | EN101: Marcelo Pagioro - 25/03/2026 17:09:53 | EO101: Conforme | EP101: Marcelo Pagioro - 25/03/2026 17:09:54 | FI101: Não | FJ101: Sim | FK101: 46106.715 | FN101: Feito | FO101: 46106.715 | FP101: Marcelo Pagioro - 25/03/2026 17:09:54 | FQ101: Base de Dados_Images/LIT-9014-03.Imagem do Equipamento-.135111.jpg | FR101: Marcos Domingues - 13/02/2026 10:51:11 | FU101: =FQ101 -> Base de Dados_Images/LIT-9014-03.Imagem do Equipamento-.135111.jpg
A102: 10&20 - R.P.E | B102: Difusor | C102: Transmissor | D102: LIT-9015-03 | E102: Nivel Do Captador ( Br 5) | F102: Pré-Comissionamento | G102: Conforme | H102: Alexandre Fernandes - 19/02/2026 10:58:55 | I102: Conforme | J102: Marcos Domingues - 13/02/2026 10:51:45 | K102: Conforme | L102: Marcos Domingues - 13/02/2026 10:51:45 | M102: Conforme | N102: Marcos Domingues - 13/02/2026 10:51:46 | BS102: Não | BT102: Sim | BU102: 46072.458 | BV102: Sim | BW102: 46066.453 | BX102: Sim | BY102: 46072.458 | BZ102: Comissionamento Estático | CA102: Conforme | CB102: Marcos Domingues - 19/02/2026 18:05:59 | CC102: Conforme | CD102: Marcos Domingues - 19/02/2026 18:06:00 | CE102: Conforme | CF102: Marcos Domingues - 19/02/2026 18:06:00 | DE102: Não | DF102: Não Aplica | DH102: Sim | DI102: 46072.754 | DJ102: Sim | DK102: 46072.754 | DL102: Dinâmico Frio | DM102: Conforme | DN102: Marcos Domingues - 13/03/2026 14:09:19 | DO102: Conforme | DP102: Marcos Domingues - 13/03/2026 14:09:20 | EI102: Não | EJ102: Sim | EK102: 46094.59 | EL102: Dinâmico Quente | EM102: Conforme | EN102: Marcelo Pagioro - 25/03/2026 17:08:52 | EO102: Conforme | EP102: Marcelo Pagioro - 25/03/2026 17:08:53 | FI102: Não | FJ102: Sim | FK102: 46106.715 | FN102: Feito | FO102: 46106.715 | FP102: Marcelo Pagioro - 25/03/2026 17:08:53 | FQ102: Base de Dados_Images/LIT-9015-03.Imagem do Equipamento-.135142.jpg | FR102: Marcos Domingues - 13/02/2026 10:51:46 | FU102: =FQ102 -> Base de Dados_Images/LIT-9015-03.Imagem do Equipamento-.135142.jpg
A103: 10&20 - R.P.E | B103: Difusor | C103: Transmissor | D103: LIT-9016-03 | E103: Nivel Do Captador ( Br 6) | F103: Pré-Comissionamento | G103: Conforme | H103: Alexandre Fernandes - 19/02/2026 10:58:58 | I103: Conforme | J103: Marcos Domingues - 13/02/2026 10:53:01 | K103: Conforme | L103: Marcos Domingues - 13/02/2026 10:53:02 | M103: Conforme | N103: Marcos Domingues - 13/02/2026 10:53:02 | BS103: Não | BT103: Sim | BU103: 46072.458 | BV103: Sim | BW103: 46066.453 | BX103: Sim | BY103: 46072.458 | BZ103: Comissionamento Estático | CA103: Conforme | CB103: Marcos Domingues - 19/02/2026 18:06:34 | CC103: Conforme | CD103: Marcos Domingues - 19/02/2026 18:06:35 | CE103: Conforme | CF103: Marcos Domingues - 19/02/2026 18:06:35 | DE103: Não | DF103: Não Aplica | DH103: Sim | DI103: 46072.755 | DJ103: Sim | DK103: 46072.755 | DL103: Dinâmico Frio | DM103: Conforme | DN103: Marcos Domingues - 13/03/2026 14:10:03 | DO103: Conforme | DP103: Marcos Domingues - 13/03/2026 14:10:03 | EI103: Não | EJ103: Sim | EK103: 46094.59 | EL103: Dinâmico Quente | EM103: Conforme | EN103: Marcelo Pagioro - 25/03/2026 17:10:14 | EO103: Conforme | EP103: Marcelo Pagioro - 25/03/2026 17:10:15 | FI103: Não | FJ103: Sim | FK103: 46106.715 | FN103: Feito | FO103: 46106.715 | FP103: Marcelo Pagioro - 25/03/2026 17:10:15 | FQ103: Base de Dados_Images/LIT-9016-03.Imagem do Equipamento-.135304.jpg | FR103: Marcos Domingues - 13/02/2026 10:53:02 | FU103: =FQ103 -> Base de Dados_Images/LIT-9016-03.Imagem do Equipamento-.135304.jpg
A104: 10&20 - R.P.E | B104: Difusor | C104: Transmissor | D104: LIT-9017-03 | E104: Nivel Do Captador ( Br 7) | F104: Pré-Comissionamento | G104: Conforme | H104: Alexandre Fernandes - 19/02/2026 10:59:02 | I104: Conforme | J104: Marcos Domingues - 13/02/2026 10:53:30 | K104: Conforme | L104: Marcos Domingues - 13/02/2026 10:53:31 | M104: Conforme | N104: Marcos Domingues - 13/02/2026 10:53:31 | BS104: Não | BT104: Sim | BU104: 46072.458 | BV104: Sim | BW104: 46066.454 | BX104: Sim | BY104: 46072.458 | BZ104: Comissionamento Estático | CA104: Conforme | CB104: Marcos Domingues - 19/02/2026 18:06:53 | CC104: Conforme | CD104: Marcos Domingues - 19/02/2026 18:06:54 | CE104: Conforme | CF104: Marcos Domingues - 19/02/2026 18:06:54 | DE104: Não | DF104: Não Aplica | DH104: Sim | DI104: 46072.755 | DJ104: Sim | DK104: 46072.755 | DL104: Dinâmico Frio | DM104: Conforme | DN104: Marcos Domingues - 13/03/2026 14:10:13 | DO104: Conforme | DP104: Marcos Domingues - 13/03/2026 14:10:13 | EI104: Não | EJ104: Sim | EK104: 46094.59 | EL104: Dinâmico Quente | EM104: Conforme | EN104: Marcelo Pagioro - 25/03/2026 17:11:40 | EO104: Conforme | EP104: Marcelo Pagioro - 25/03/2026 17:11:42 | FI104: Não | FJ104: Sim | FK104: 46106.716 | FN104: Feito | FO104: 46106.716 | FP104: Marcelo Pagioro - 25/03/2026 17:11:42 | FQ104: Base de Dados_Images/LIT-9017-03.Imagem do Equipamento-.135332.jpg | FR104: Marcos Domingues - 13/02/2026 10:53:31 | FU104: =FQ104 -> Base de Dados_Images/LIT-9017-03.Imagem do Equipamento-.135332.jpg
... A110: 10&20 - R.P.E | B110: Difusor | C110: Transmissor | D110: ZSH-9006-15 | E110: Fim De Curso Rosca Afofadora 03 | F110: Pré-Comissionamento | G110: Conforme | H110: Bruno Borges - 02/02/2026 08:09:44 | I110: Conforme | J110: Marcos Domingues - 19/02/2026 17:12:09 | K110: Conforme | L110: Marcos Domingues - 19/02/2026 17:12:11 | M110: Conforme | N110: Marcos Domingues - 19/02/2026 17:12:13 | BS110: Não | BT110: Sim | BU110: 46055.34 | BV110: Sim | BW110: 46072.717 | BX110: Sim | BY110: 46072.717 | BZ110: Comissionamento Estático | CA110: Conforme | CB110: Marcos Domingues - 19/02/2026 17:12:19 | CC110: Não Aplicável | CD110: Marcos Domingues - 19/02/2026 17:12:21 | CE110: Conforme | CF110: Marcos Domingues - 19/02/2026 17:12:24 | DE110: Não | DF110: Não Aplica | DH110: Sim | DI110: 46072.717 | DJ110: Sim | DK110: 46072.717 | DL110: Dinâmico Frio | DM110: Conforme | DN110: Humberto Luiz - 13/03/2026 17:28:17 | DO110: Conforme | DP110: Humberto Luiz - 13/03/2026 17:28:20 | EI110: Não | EJ110: Sim | EK110: 46094.728 | EL110: Dinâmico Quente | EM110: Conforme | EN110: Marcelo Pagioro - 23/03/2026 10:41:06 | EO110: Conforme | EP110: Marcelo Pagioro - 23/03/2026 10:41:07 | FI110: Não | FJ110: Sim | FK110: 46104.445 | FN110: Feito | FO110: 46104.445 | FP110: Marcelo Pagioro - 23/03/2026 10:41:07 | FQ110: Base de Dados_Images/ZSH-9006-15.Imagem do Equipamento-.133547.jpg | FR110: Humberto Luiz - 22/01/2026 10:35:07 | FU110: =FQ110 -> Base de Dados_Images/ZSH-9006-15.Imagem do Equipamento-.133547.jpg
A111: 10&20 - R.P.E | B111: Difusor | C111: Transmissor | D111: ZSH-9007-15 | E111: Fim De Curso Rosca Afofadora 04 | F111: Pré-Comissionamento | G111: Conforme | H111: Marcelo Pagioro - 23/03/2026 07:50:23 | I111: Conforme | J111: Marcelo Pagioro - 23/03/2026 07:50:25 | K111: Conforme | L111: Marcelo Pagioro - 23/03/2026 07:50:27 | M111: Conforme | N111: Marcelo Pagioro - 23/03/2026 07:50:29 | BS111: Não | BT111: Sim | BU111: 46104.327 | BV111: Sim | BW111: 46104.327 | BX111: Sim | BY111: 46104.327 | BZ111: Comissionamento Estático | CA111: Conforme | CB111: Marcelo Pagioro - 23/03/2026 07:50:36 | CC111: Conforme | CD111: Marcelo Pagioro - 23/03/2026 07:50:37 | CE111: Conforme | CF111: Marcelo Pagioro - 23/03/2026 07:50:40 | DE111: Não | DF111: Não Aplica | DH111: Sim | DI111: 46104.327 | DJ111: Sim | DK111: 46104.327 | DL111: Dinâmico Frio | DM111: Conforme | DN111: Marcelo Pagioro - 23/03/2026 07:50:45 | DO111: Conforme | DP111: Marcelo Pagioro - 23/03/2026 07:50:46 | EI111: Não | EJ111: Sim | EK111: 46104.327 | EL111: Dinâmico Quente | EM111: Conforme | EN111: Marcelo Pagioro - 23/03/2026 10:41:26 | EO111: Conforme | EP111: Marcelo Pagioro - 23/03/2026 10:41:26 | FI111: Não | FJ111: Sim | FK111: 46104.445 | FN111: Feito | FO111: 46104.445 | FP111: Marcelo Pagioro - 23/03/2026 10:41:26 | FU111: =FQ111
A112: 10&20 - R.P.E | B112: Difusor | C112: Transmissor | D112: ZSH-9008-15 | E112: Fim De Curso Rosca Afofadora 05 | F112: Pré-Comissionamento | G112: Conforme | H112: Marcelo Pagioro - 23/03/2026 07:51:18 | I112: Conforme | J112: Marcelo Pagioro - 23/03/2026 07:51:20 | K112: Conforme | L112: Marcelo Pagioro - 23/03/2026 07:51:22 | M112: Conforme | N112: Marcelo Pagioro - 23/03/2026 07:51:24 | BS112: Não | BT112: Sim | BU112: 46104.327 | BV112: Sim | BW112: 46104.327 | BX112: Sim | BY112: 46104.327 | BZ112: Comissionamento Estático | CA112: Conforme | CB112: Marcelo Pagioro - 23/03/2026 07:51:30 | CC112: Conforme | CD112: Marcelo Pagioro - 23/03/2026 07:51:31 | CE112: Conforme | CF112: Marcelo Pagioro - 23/03/2026 07:51:35 | DE112: Não | DF112: Não Aplica | DH112: Sim | DI112: 46104.327 | DJ112: Sim | DK112: 46104.327 | DL112: Dinâmico Frio | DM112: Conforme | DN112: Marcelo Pagioro - 23/03/2026 07:51:39 | DO112: Conforme | DP112: Marcelo Pagioro - 23/03/2026 07:51:40 | EI112: Não | EJ112: Sim | EK112: 46104.328 | EL112: Dinâmico Quente | EM112: Conforme | EN112: Marcelo Pagioro - 23/03/2026 10:41:42 | EO112: Conforme | EP112: Marcelo Pagioro - 23/03/2026 10:41:43 | FI112: Não | FJ112: Sim | FK112: 46104.446 | FN112: Feito | FO112: 46104.446 | FP112: Marcelo Pagioro - 23/03/2026 10:41:43 | FU112: =FQ112
A113: 10&20 - R.P.E | B113: Difusor | C113: Transmissor | D113: ZSH-9009-15 | E113: Fim De Curso Rosca Afofadora 06 | F113: Pré-Comissionamento | G113: Conforme | H113: Bruno Borges - 02/02/2026 08:10:10 | I113: Conforme | J113: Alex Gomes Ferreira - 26/02/2026 10:00:20 | K113: Conforme | L113: Alex Gomes Ferreira - 26/02/2026 10:00:19 | M113: Conforme | N113: Alex Gomes Ferreira - 26/02/2026 10:00:23 | BS113: Não | BT113: Sim | BU113: 46055.34 | BV113: Sim | BW113: 46079.417 | BX113: Sim | BY113: 46079.417 | BZ113: Comissionamento Estático | CA113: Conforme | CB113: Wesley Soares - 16/03/2026 09:22:27 | CC113: Não Aplicável | CD113: Wesley Soares - 16/03/2026 09:23:13 | CE113: Conforme | CF113: Wesley Soares - 16/03/2026 09:23:15 | DE113: Não | DF113: Não Aplica | DH113: Sim | DI113: 46097.391 | DJ113: Sim | DK113: 46097.391 | DL113: Dinâmico Frio | DM113: Conforme | DN113: Marcelo Pagioro - 23/03/2026 07:51:56 | DO113: Conforme | DP113: Marcelo Pagioro - 23/03/2026 07:51:57 | EI113: Não | EJ113: Sim | EK113: 46104.328 | EL113: Dinâmico Quente | EM113: Conforme | EN113: Marcelo Pagioro - 23/03/2026 10:42:07 | EO113: Conforme | EP113: Marcelo Pagioro - 23/03/2026 10:42:08 | FI113: Não | FJ113: Sim | FK113: 46104.446 | FN113: Feito | FO113: 46104.446 | FP113: Marcelo Pagioro - 23/03/2026 10:42:08 | FQ113: Base de Dados_Images/ZSH-9009-15.Imagem do Equipamento-.133651.jpg | FR113: Humberto Luiz - 22/01/2026 10:36:39 | FU113: =FQ113 -> Base de Dados_Images/ZSH-9009-15.Imagem do Equipamento-.133651.jpg
A114: 10&20 - R.P.E | B114: Difusor | C114: Transmissor | D114: ZSH-9010-15 | E114: Fim De Curso Rosca Afofadora 07 | F114: Pré-Comissionamento | G114: Conforme | H114: Bruno Borges - 02/02/2026 08:09:17 | I114: Conforme | J114: Marcos Domingues - 19/02/2026 17:13:52 | K114: Conforme | L114: Marcos Domingues - 19/02/2026 17:13:55 | M114: Conforme | N114: Marcos Domingues - 19/02/2026 17:13:57 | BS114: Não | BT114: Sim | BU114: 46055.34 | BV114: Sim | BW114: 46072.718 | BX114: Sim | BY114: 46072.718 | BZ114: Comissionamento Estático | CA114: Conforme | CB114: Marcos Domingues - 19/02/2026 17:14:01 | CC114: Não Aplicável | CD114: Marcos Domingues - 19/02/2026 17:14:03 | CE114: Conforme | CF114: Marcos Domingues - 19/02/2026 17:14:04 | DE114: Não | DF114: Não Aplica | DH114: Sim | DI114: 46072.718 | DJ114: Sim | DK114: 46072.718 | DL114: Dinâmico Frio | DM114: Conforme | DN114: Humberto Luiz - 13/03/2026 17:31:53 | DO114: Conforme | DP114: Humberto Luiz - 13/03/2026 17:31:50 | EI114: Não | EJ114: Sim | EK114: 46094.73 | EL114: Dinâmico Quente | EM114: Conforme | EN114: Marcelo Pagioro - 23/03/2026 10:42:36 | EO114: Conforme | EP114: Marcelo Pagioro - 23/03/2026 10:42:37 | FI114: Não | FJ114: Sim | FK114: 46104.446 | FN114: Feito | FO114: 46104.446 | FP114: Marcelo Pagioro - 23/03/2026 10:42:37 | FQ114: Base de Dados_Images/ZSH-9010-15.Imagem do Equipamento-.133800.jpg | FR114: Humberto Luiz - 22/01/2026 10:37:54 | FU114: =FQ114 -> Base de Dados_Images/ZSH-9010-15.Imagem do Equipamento-.133800.jpg
A115: 10&20 - R.P.E | B115: Difusor | C115: Transmissor | D115: ZSH-9011-15 | E115: Fim De Curso Rosca Afofadora 08 | F115: Pré-Comissionamento | G115: Conforme | H115: Bruno Borges - 02/02/2026 08:11:17 | I115: Conforme | J115: Marcos Domingues - 19/02/2026 17:17:35 | K115: Conforme | L115: Marcos Domingues - 19/02/2026 17:17:37 | M115: Conforme | N115: Marcos Domingues - 19/02/2026 17:17:42 | BS115: Não | BT115: Sim | BU115: 46055.341 | BV115: Sim | BW115: 46072.721 | BX115: Sim | BY115: 46072.721 | BZ115: Comissionamento Estático | CA115: Conforme | CB115: Marcos Domingues - 19/02/2026 17:17:47 | CC115: Não Aplicável | CD115: Marcos Domingues - 19/02/2026 17:17:48 | CE115: Conforme | CF115: Marcos Domingues - 19/02/2026 17:17:49 | DE115: Não | DF115: Não Aplica | DH115: Sim | DI115: 46072.721 | DJ115: Sim | DK115: 46072.721 | DL115: Dinâmico Frio | DM115: Conforme | DN115: Humberto Luiz - 13/03/2026 17:35:28 | DO115: Conforme | DP115: Humberto Luiz - 13/03/2026 17:35:31 | EI115: Não | EJ115: Sim | EK115: 46094.733 | EL115: Dinâmico Quente | EM115: Conforme | EN115: Marcelo Pagioro - 23/03/2026 10:42:53 | EO115: Conforme | EP115: Marcelo Pagioro - 23/03/2026 10:42:56 | FI115: Não | FJ115: Sim | FK115: 46104.446 | FN115: Feito | FO115: 46104.446 | FP115: Marcelo Pagioro - 23/03/2026 10:42:56 | FQ115: Base de Dados_Images/ZSH-9011-15.Imagem do Equipamento-.134209.jpg | FR115: Humberto Luiz - 22/01/2026 10:42:03 | FU115: =FQ115 -> Base de Dados_Images/ZSH-9011-15.Imagem do Equipamento-.134209.jpg
A116: 10&20 - R.P.E | B116: Difusor | C116: Transmissor | D116: ZSH-9012-15 | E116: Fim De Curso Rosca Afofadora 09 | F116: Pré-Comissionamento | G116: Conforme | H116: Bruno Borges - 02/02/2026 08:10:21 | I116: Conforme | J116: Marcos Domingues - 19/02/2026 17:18:06 | K116: Conforme | L116: Marcos Domingues - 19/02/2026 17:18:07 | M116: Conforme | N116: Marcos Domingues - 19/02/2026 17:18:09 | BS116: Não | BT116: Sim | BU116: 46055.341 | BV116: Sim | BW116: 46072.721 | BX116: Sim | BY116: 46072.721 | BZ116: Comissionamento Estático | CA116: Conforme | CB116: Marcos Domingues - 19/02/2026 17:18:15 | CC116: Não Aplicável | CD116: Marcos Domingues - 19/02/2026 17:18:16 | CE116: Conforme | CF116: Marcos Domingues - 19/02/2026 17:18:19 | DE116: Não | DF116: Não Aplica | DH116: Sim | DI116: 46072.721 | DJ116: Sim | DK116: 46072.721 | DL116: Dinâmico Frio | DM116: Conforme | DN116: Humberto Luiz - 13/03/2026 17:36:33 | DO116: Conforme | DP116: Humberto Luiz - 13/03/2026 17:36:25 | EI116: Não | EJ116: Sim | EK116: 46094.734 | EL116: Dinâmico Quente | EM116: Conforme | EN116: Marcelo Pagioro - 23/03/2026 10:43:15 | EO116: Conforme | EP116: Marcelo Pagioro - 23/03/2026 10:43:18 | FI116: Não | FJ116: Sim | FK116: 46104.447 | FN116: Feito | FO116: 46104.447 | FP116: Marcelo Pagioro - 23/03/2026 10:43:18 | FQ116: Base de Dados_Images/ZSH-9012-15.Imagem do Equipamento-.134435.jpg | FR116: Humberto Luiz - 22/01/2026 10:44:30 | FU116: =FQ116 -> Base de Dados_Images/ZSH-9012-15.Imagem do Equipamento-.134435.jpg
A117: 10&20 - R.P.E | B117: Difusor | C117: Transmissor | D117: ZSH-9013-15 | E117: Fim De Curso Rosca Afofadora 10 | F117: Pré-Comissionamento | G117: Conforme | H117: Bruno Borges - 02/02/2026 08:12:03 | I117: Conforme | J117: Marcos Domingues - 19/02/2026 17:18:36 | K117: Conforme | L117: Marcos Domingues - 19/02/2026 17:18:37 | M117: Conforme | N117: Marcos Domingues - 19/02/2026 17:18:37 | BS117: Não | BT117: Sim | BU117: 46055.342 | BV117: Sim | BW117: 46072.721 | BX117: Sim | BY117: 46072.721 | BZ117: Comissionamento Estático | CA117: Conforme | CB117: Marcos Domingues - 19/02/2026 17:18:43 | CC117: Não Aplicável | CD117: Marcos Domingues - 19/02/2026 17:18:43 | CE117: Conforme | CF117: Marcos Domingues - 19/02/2026 17:18:44 | DE117: Não | DF117: Não Aplica | DH117: Sim | DI117: 46072.721 | DJ117: Sim | DK117: 46072.721 | DL117: Dinâmico Frio | DM117: Conforme | DN117: Humberto Luiz - 13/03/2026 17:37:21 | DO117: Conforme | DP117: Humberto Luiz - 13/03/2026 17:37:24 | EI117: Não | EJ117: Sim | EK117: 46094.734 | EL117: Dinâmico Quente | EM117: Conforme | EN117: Marcelo Pagioro - 23/03/2026 10:43:33 | EO117: Conforme | EP117: Marcelo Pagioro - 23/03/2026 10:43:33 | FI117: Não | FJ117: Sim | FK117: 46104.447 | FN117: Feito | FO117: 46104.447 | FP117: Marcelo Pagioro - 23/03/2026 10:43:33 | FQ117: Base de Dados_Images/ZSH-9013-15.Imagem do Equipamento-.134851.jpg | FR117: Humberto Luiz - 22/01/2026 10:48:45 | FU117: =FQ117 -> Base de Dados_Images/ZSH-9013-15.Imagem do Equipamento-.134851.jpg
A118: 10&20 - R.P.E | B118: Difusor | C118: Transmissor | D118: ZSH-9014-15 | E118: Fim De Curso Rosca Afofadora 11 | F118: Pré-Comissionamento | G118: Conforme | H118: Bruno Borges - 02/02/2026 08:10:00 | I118: Conforme | J118: Marcos Domingues - 19/02/2026 17:22:29 | K118: Conforme | L118: Marcos Domingues - 19/02/2026 17:22:30 | M118: Conforme | N118: Marcos Domingues - 19/02/2026 17:22:30 | BS118: Não | BT118: Sim | BU118: 46055.34 | BV118: Sim | BW118: 46072.724 | BX118: Sim | BY118: 46072.724 | BZ118: Comissionamento Estático | CA118: Conforme | CB118: Marcos Domingues - 19/02/2026 17:22:35 | CC118: Não Aplicável | CD118: Marcos Domingues - 19/02/2026 17:22:35 | CE118: Conforme | CF118: Marcos Domingues - 19/02/2026 17:22:36 | DE118: Não | DF118: Não Aplica | DH118: Sim | DI118: 46072.724 | DJ118: Sim | DK118: 46072.724 | DL118: Dinâmico Frio | DM118: Conforme | DN118: Humberto Luiz - 13/03/2026 17:38:12 | DO118: Conforme | DP118: Humberto Luiz - 13/03/2026 17:38:15 | EI118: Não | EJ118: Sim | EK118: 46094.735 | EL118: Dinâmico Quente | EM118: Conforme | EN118: Marcelo Pagioro - 23/03/2026 10:43:53 | EO118: Conforme | EP118: Marcelo Pagioro - 23/03/2026 10:43:53 | FI118: Não | FJ118: Sim | FK118: 46104.447 | FN118: Feito | FO118: 46104.447 | FP118: Marcelo Pagioro - 23/03/2026 10:43:53 | FQ118: Base de Dados_Images/ZSH-9014-15.Imagem do Equipamento-.135134.jpg | FR118: Humberto Luiz - 22/01/2026 10:51:23 | FU118: =FQ118 -> Base de Dados_Images/ZSH-9014-15.Imagem do Equipamento-.135134.jpg
A119: 10&20 - R.P.E | B119: Difusor | C119: Transmissor | D119: ZSH-9015-15 | E119: Fim De Curso Rosca Afofadora 12 | F119: Pré-Comissionamento | G119: Conforme | H119: Bruno Borges - 02/02/2026 08:10:33 | I119: Conforme | J119: Marcos Domingues - 19/02/2026 17:19:48 | K119: Conforme | L119: Marcos Domingues - 19/02/2026 17:19:49 | M119: Conforme | N119: Marcos Domingues - 19/02/2026 17:19:49 | BS119: Não | BT119: Sim | BU119: 46055.341 | BV119: Sim | BW119: 46072.722 | BX119: Sim | BY119: 46072.722 | BZ119: Comissionamento Estático | CA119: Conforme | CB119: Marcos Domingues - 19/02/2026 17:19:54 | CC119: Não Aplicável | CD119: Marcos Domingues - 19/02/2026 17:19:54 | CE119: Conforme | CF119: Marcos Domingues - 19/02/2026 17:19:55 | DE119: Não | DF119: Não Aplica | DH119: Sim | DI119: 46072.722 | DJ119: Sim | DK119: 46072.722 | DL119: Dinâmico Frio | DM119: Conforme | DN119: Humberto Luiz - 13/03/2026 17:39:23 | DO119: Conforme | DP119: Humberto Luiz - 13/03/2026 17:39:10 | EI119: Não | EJ119: Sim | EK119: 46094.736 | EL119: Dinâmico Quente | EM119: Conforme | EN119: Marcelo Pagioro - 23/03/2026 10:44:07 | EO119: Conforme | EP119: Marcelo Pagioro - 23/03/2026 10:44:08 | FI119: Não | FJ119: Sim | FK119: 46104.447 | FN119: Feito | FO119: 46104.447 | FP119: Marcelo Pagioro - 23/03/2026 10:44:08 | FQ119: Base de Dados_Images/ZSH-9015-15.Imagem do Equipamento-.135438.jpg | FR119: Humberto Luiz - 22/01/2026 10:54:31 | FU119: =FQ119 -> Base de Dados_Images/ZSH-9015-15.Imagem do Equipamento-.135438.jpg
A120: 10&20 - R.P.E | B120: Difusor | C120: Transmissor | D120: ZSH-9016-15 | E120: Fim De Curso Rosca Afofadora 13 | F120: Pré-Comissionamento | G120: Conforme | H120: Bruno Borges - 02/02/2026 08:11:44 | I120: Conforme | J120: Marcos Domingues - 19/02/2026 17:20:13 | K120: Conforme | L120: Marcos Domingues - 19/02/2026 17:20:14 | M120: Conforme | N120: Marcos Domingues - 19/02/2026 17:20:16 | BS120: Não | BT120: Sim | BU120: 46055.341 | BV120: Sim | BW120: 46072.722 | BX120: Sim | BY120: 46072.722 | BZ120: Comissionamento Estático | CA120: Conforme | CB120: Marcos Domingues - 19/02/2026 17:20:20 | CC120: Não Aplicável | CD120: Marcos Domingues - 19/02/2026 17:20:21 | CE120: Conforme | CF120: Marcos Domingues - 19/02/2026 17:20:21 | DE120: Não | DF120: Não Aplica | DH120: Sim | DI120: 46072.722 | DJ120: Sim | DK120: 46072.722 | DL120: Dinâmico Frio | DM120: Conforme | DN120: Humberto Luiz - 13/03/2026 17:40:25 | DO120: Conforme | DP120: Humberto Luiz - 13/03/2026 17:40:22 | EI120: Não | EJ120: Sim | EK120: 46094.736 | EL120: Dinâmico Quente | EM120: Conforme | EN120: Marcelo Pagioro - 23/03/2026 10:44:21 | EO120: Conforme | EP120: Marcelo Pagioro - 23/03/2026 10:44:25 | FI120: Não | FJ120: Sim | FK120: 46104.448 | FN120: Feito | FO120: 46104.448 | FP120: Marcelo Pagioro - 23/03/2026 10:44:25 | FQ120: Base de Dados_Images/ZSH-9016-15.Imagem do Equipamento-.135923.jpg | FR120: Humberto Luiz - 22/01/2026 10:59:18 | FU120: =FQ120 -> Base de Dados_Images/ZSH-9016-15.Imagem do Equipamento-.135923.jpg
A121: 10&20 - R.P.E | B121: Difusor | C121: Transmissor | D121: ZSH-9017-15 | E121: Fim De Curso Rosca Afofadora 14 | F121: Pré-Comissionamento | G121: Conforme | H121: Bruno Borges - 02/02/2026 08:10:43 | I121: Conforme | J121: Marcos Domingues - 19/02/2026 17:21:55 | K121: Conforme | L121: Marcos Domingues - 19/02/2026 17:21:56 | M121: Conforme | N121: Marcos Domingues - 19/02/2026 17:21:57 | BS121: Não | BT121: Sim | BU121: 46055.341 | BV121: Sim | BW121: 46072.724 | BX121: Sim | BY121: 46072.724 | BZ121: Comissionamento Estático | CA121: Conforme | CB121: Marcos Domingues - 19/02/2026 17:22:02 | CC121: Não Aplicável | CD121: Marcos Domingues - 19/02/2026 17:22:03 | CE121: Conforme | CF121: Marcos Domingues - 19/02/2026 17:22:03 | DE121: Não | DF121: Não Aplica | DH121: Sim | DI121: 46072.724 | DJ121: Sim | DK121: 46072.724 | DL121: Dinâmico Frio | DM121: Conforme | DN121: Humberto Luiz - 13/03/2026 17:41:08 | DO121: Conforme | DP121: Humberto Luiz - 13/03/2026 17:41:11 | EI121: Não | EJ121: Sim | EK121: 46094.737 | EL121: Dinâmico Quente | EM121: Conforme | EN121: Marcelo Pagioro - 23/03/2026 10:44:47 | EO121: Conforme | EP121: Marcelo Pagioro - 23/03/2026 10:44:50 | FI121: Não | FJ121: Sim | FK121: 46104.448 | FN121: Feito | FO121: 46104.448 | FP121: Marcelo Pagioro - 23/03/2026 10:44:50 | FQ121: Base de Dados_Images/ZSH-9017-15.Imagem do Equipamento-.140204.jpg | FR121: Humberto Luiz - 22/01/2026 11:01:58 | FU121: =FQ121 -> Base de Dados_Images/ZSH-9017-15.Imagem do Equipamento-.140204.jpg
A122: 10&20 - R.P.E | B122: Difusor | C122: Transmissor | D122: FIT-9000-10 | E122: Vazão De Embebição Do Difusor | F122: Pré-Comissionamento | G122: Conforme | H122: Alexandre Fernandes - 19/02/2026 10:59:16 | I122: Conforme | J122: Marcos Domingues - 13/02/2026 12:28:31 | K122: Conforme | L122: Marcos Domingues - 13/02/2026 12:28:31 | M122: Conforme | N122: Marcos Domingues - 13/02/2026 12:28:32 | BS122: Não | BT122: Sim | BU122: 46072.458 | BV122: Sim | BW122: 46066.52 | BX122: Sim | BY122: 46072.458 | BZ122: Comissionamento Estático | CA122: Conforme | CB122: Marcos Domingues - 10/03/2026 22:38:59 | CC122: Conforme | CD122: Marcos Domingues - 10/03/2026 22:39:05 | CE122: Não Aplicável | CF122: Marcos Domingues - 10/03/2026 22:39:06 | DE122: Não | DF122: Não Aplica | DH122: Sim | DI122: 46091.944 | DJ122: Sim | DK122: 46091.944 | DL122: Dinâmico Frio | DM122: Conforme | DN122: Wesley Soares - 16/03/2026 09:25:01 | DO122: Conforme | DP122: Wesley Soares - 16/03/2026 09:25:02 | EI122: Não | EJ122: Sim | EK122: 46097.392 | EL122: Dinâmico Quente | EM122: Conforme | EN122: Marcelo Pagioro - 23/03/2026 10:45:08 | EO122: Conforme | EP122: Marcelo Pagioro - 23/03/2026 10:45:09 | FI122: Não | FJ122: Sim | FK122: 46104.448 | FN122: Feito | FO122: 46104.448 | FP122: Marcelo Pagioro - 23/03/2026 10:45:09 | FQ122: Base de Dados_Images/FIT-9000-10.Imagem do Equipamento-.152829.jpg | FR122: Marcos Domingues - 13/02/2026 12:28:32 | FU122: =FQ122 -> Base de Dados_Images/FIT-9000-10.Imagem do Equipamento-.152829.jpg
A123: 10&20 - R.P.E | B123: Difusor | C123: Transmissor | D123: TT-9045-01 | E123: Transmissor De Temperatura Do Corpo Do Difusor | F123: Pré-Comissionamento | G123: Conforme | H123: Bruno Borges - 02/02/2026 08:12:28 | I123: Conforme | J123: Alex Gomes Ferreira - 26/02/2026 12:38:44 | K123: Conforme | L123: Alex Gomes Ferreira - 26/02/2026 12:38:45 | M123: Conforme | N123: Alex Gomes Ferreira - 26/02/2026 12:38:47 | BS123: Não | BT123: Sim | BU123: 46055.342 | BV123: Sim | BW123: 46079.527 | BX123: Sim | BY123: 46079.527 | BZ123: Comissionamento Estático | CA123: Conforme | CB123: Alex Gomes Ferreira - 26/02/2026 12:38:59 | CC123: Não Aplicável | CD123: Alex Gomes Ferreira - 26/02/2026 12:39:00 | CE123: Não Aplicável | CF123: Alex Gomes Ferreira - 26/02/2026 12:39:10 | DE123: Não | DF123: Não Aplica | DH123: Sim | DI123: 46079.527 | DJ123: Sim | DK123: 46079.527 | DL123: Dinâmico Frio | DM123: Conforme | DN123: Wesley Soares - 16/03/2026 09:25:12 | DO123: Conforme | DP123: Wesley Soares - 16/03/2026 09:25:13 | EI123: Não | EJ123: Sim | EK123: 46097.393 | EL123: Dinâmico Quente | EM123: Conforme | EN123: Marcelo Pagioro - 25/03/2026 17:12:32 | EO123: Conforme | EP123: Marcelo Pagioro - 25/03/2026 17:12:33 | FI123: Não | FJ123: Sim | FK123: 46106.717 | FN123: Feito | FO123: 46106.717 | FP123: Marcelo Pagioro - 25/03/2026 17:12:33 | FQ123: Base de Dados_Images/TT-9045-01.Imagem do Equipamento-.140549.jpg | FR123: Humberto Luiz - 22/01/2026 11:05:41 | FU123: =FQ123 -> Base de Dados_Images/TT-9045-01.Imagem do Equipamento-.140549.jpg
A124: 10&20 - R.P.E | B124: Difusor | C124: Transmissor | D124: LIT-9023-03 | E124: Transmissor De Nível Do Rolo Flutuante Lado Esquerdo Do Difusor | F124: Pré-Comissionamento | G124: Conforme | H124: Glaucia Massuia - 15/03/2026 14:49:14 | I124: Conforme | J124: Marcos Domingues - 02/03/2026 15:54:42 | K124: Conforme | L124: Marcos Domingues - 02/03/2026 15:54:46 | M124: Conforme | N124: Marcos Domingues - 02/03/2026 15:54:45 | BS124: Não | BT124: Sim | BU124: 46096.618 | BV124: Sim | BW124: 46083.663 | BX124: Sim | BY124: 46096.618 | BZ124: Comissionamento Estático | CA124: Conforme | CB124: Marcos Domingues - 02/03/2026 15:54:56 | CC124: Conforme | CD124: Marcos Domingues - 02/03/2026 15:54:57 | CE124: Não Aplicável | CF124: Marcos Domingues - 02/03/2026 15:54:57 | DE124: Não | DF124: Não Aplica | DH124: Sim | DI124: 46083.663 | DJ124: Sim | DK124: 46083.663 | DL124: Dinâmico Frio | DM124: Conforme | DN124: Wesley Soares - 16/03/2026 09:25:34 | DO124: Conforme | DP124: Wesley Soares - 16/03/2026 09:25:36 | EI124: Não | EJ124: Sim | EK124: 46097.393 | EL124: Dinâmico Quente | EM124: Conforme | EN124: Marcelo Pagioro - 23/03/2026 10:46:05 | EO124: Conforme | EP124: Marcelo Pagioro - 23/03/2026 10:46:09 | FI124: Não | FJ124: Sim | FK124: 46104.449 | FN124: Feito | FO124: 46104.449 | FP124: Marcelo Pagioro - 23/03/2026 10:46:09 | FQ124: Base de Dados_Images/LIT-9023-03.Imagem do Equipamento-.185442.jpg | FR124: Marcos Domingues - 02/03/2026 15:54:57 | FU124: =FQ124 -> Base de Dados_Images/LIT-9023-03.Imagem do Equipamento-.185442.jpg
... A136: 10&20 - R.P.E | B136: Difusor | C136: Transmissor | D136: SSL-9002-11 | E136: Sensor Speed Zero Do Descarregador Rotativo | F136: Pré-Comissionamento | G136: Conforme | H136: Wesley Soares - 16/03/2026 09:31:55 | I136: Conforme | J136: Wesley Soares - 16/03/2026 09:31:56 | K136: Conforme | L136: Wesley Soares - 16/03/2026 09:31:57 | M136: Conforme | N136: Wesley Soares - 16/03/2026 09:31:58 | BS136: Não | BT136: Sim | BU136: 46097.397 | BV136: Sim | BW136: 46097.397 | BX136: Sim | BY136: 46097.397 | BZ136: Comissionamento Estático | CA136: Conforme | CB136: Wesley Soares - 16/03/2026 09:32:02 | CC136: Conforme | CD136: Wesley Soares - 16/03/2026 09:32:04 | CE136: Conforme | CF136: Wesley Soares - 16/03/2026 09:32:05 | DE136: Não | DF136: Não Aplica | DH136: Sim | DI136: 46097.397 | DJ136: Sim | DK136: 46097.397 | DL136: Dinâmico Frio | DM136: Conforme | DN136: Wesley Soares - 16/03/2026 09:32:09 | DO136: Conforme | DP136: Wesley Soares - 16/03/2026 09:32:10 | EI136: Não | EJ136: Sim | EK136: 46097.397 | EL136: Dinâmico Quente | EM136: Conforme | EN136: Marcelo Pagioro - 25/03/2026 17:21:56 | EO136: Conforme | EP136: Marcelo Pagioro - 25/03/2026 17:21:57 | FI136: Não | FJ136: Sim | FK136: 46106.724 | FN136: Feito | FO136: 46106.724 | FP136: Marcelo Pagioro - 25/03/2026 17:21:57 | FQ136: Base de Dados_Images/SSL-9002-11.Imagem do Equipamento-.143824.jpg | FR136: Marcos Domingues - 13/03/2026 11:38:18 | FU136: =FQ136 -> Base de Dados_Images/SSL-9002-11.Imagem do Equipamento-.143824.jpg
