Workbook

Sheet Base de Dados
A1: Área | B1: Sistema | C1: Tipo | D1: TAG | E1: Descrição | F1: (PC) Etapa | G1: (PC) Pergunta 01 | H1: (PC) Pergunta 01 [Monitoramento] | I1: (PC) Pergunta 02 | J1: (PC) Pergunta 02 [Monitoramento] | K1: (PC) Pergunta 03 | L1: (PC) Pergunta 03 [Monitoramento] | M1: (PC) Pergunta 04 | N1: (PC) Pergunta 04 [Monitoramento] | O1: (PC) Pergunta 05 | P1: (PC) Pergunta 05 [Monitoramento] | Q1: (PC) Pergunta 06 | R1: (PC) Pergunta 06 [Monitoramento] | S1: (PC) Pergunta 07 | T1: (PC) Pergunta 07 [Monitoramento] | U1: (PC) Pergunta 08 | V1: (PC) Pergunta 08 [Monitoramento] | W1: (PC) Pergunta 09 | X1: (PC) Pergunta 09 [Monitoramento] | Y1: (PC) Pergunta 10 | Z1: (PC) Pergunta 10 [Monitoramento] | AA1: (PC) Pergunta 11 | AB1: (PC) Pergunta 11 [Monitoramento] | AC1: (PC) Pergunta 12 | AD1: (PC) Pergunta 12 [Monitoramento] | AE1: (PC) Pergunta 13 | AF1: (PC) Pergunta 13 [Monitoramento] | AG1: (PC) Pergunta 14 | AH1: (PC) Pergunta 14 [Monitoramento] | AI1: (PC) Pergunta 15 | AJ1: (PC) Pergunta 15 [Monitoramento] | AK1: (PC) Pergunta 16 | AL1: (PC) Pergunta 16 [Monitoramento] | AM1: (PC) Pergunta 17 | AN1: (PC) Pergunta 17 [Monitoramento] | AO1: (PC) Pergunta 18 | AP1: (PC) Pergunta 18 [Monitoramento] | AQ1: (PC) Pergunta 19 | AR1: (PC) Pergunta 19 [Monitoramento] | AS1: (PC) Pergunta 20 | AT1: (PC) Pergunta 20 [Monitoramento] | AU1: (PC) Pergunta 21 | AV1: (PC) Pergunta 21 [Monitoramento] | AW1: (PC) Pergunta 22 | AX1: (PC) Pergunta 22 [Monitoramento] | AY1: (PC) Pergunta 23 | AZ1: (PC) Pergunta 23 [Monitoramento] | BA1: (PC) Pergunta 24 | BB1: (PC) Pergunta 24 [Monitoramento] | BC1: (PC) Pergunta 25 | BD1: (PC) Pergunta 25 [Monitoramento] | BE1: (PC) Pergunta 26 | BF1: (PC) Pergunta 26 [Monitoramento] | BG1: (PC) Pergunta 27 | BH1: (PC) Pergunta 27 [Monitoramento] | BI1: (PC) Pergunta 28 | BJ1: (PC) Pergunta 28 [Monitoramento] | BK1: (PC) Pergunta 29 | BL1: (PC) Pergunta 29 [Monitoramento] | BM1: (PC) Pergunta 30 | BN1: (PC) Pergunta 30 [Monitoramento] | BO1: (PC) Pergunta 31 | BP1: (PC) Pergunta 31 [Monitoramento] | BQ1: (PC) Pergunta 32 | BR1: (PC) Pergunta 32 [Monitoramento] | BS1: (PC) Não Conformidade ? (Físico) | BT1: (PC) Status Mecânica (Físico) | BU1: (PC) Mecânica Concluída: | BV1: (PC) Status Elétrica (Físico) | BW1: (PC) Elétrica Concluída: | BX1: (PC) Status Checklist (Físico) | BY1: (PC) Checklist Concluído: | BZ1: (CE) Etapa | CA1: (CE) Pergunta 01 | CB1: (CE) Pergunta 01 [Monitoramento] | CC1: (CE) Pergunta 02 | CD1: (CE) Pergunta 02 [Monitoramento] | CE1: (CE) Pergunta 03 | CF1: (CE) Pergunta 03 [Monitoramento] | CG1: (CE) Pergunta 04 | CH1: (CE) Pergunta 04 [Monitoramento] | CI1: (CE) Pergunta 05 | CJ1: (CE) Pergunta 05 [Monitoramento] | CK1: (CE) Pergunta 06 | CL1: (CE) Pergunta 06 [Monitoramento] | CM1: (CE) Pergunta 07 | CN1: (CE) Pergunta 07 [Monitoramento] | CO1: (CE) Pergunta 08 | CP1: (CE) Pergunta 08 [Monitoramento] | CQ1: (CE) Pergunta 09 | CR1: (CE) Pergunta 09 [Monitoramento] | CS1: (CE) Pergunta 10 | CT1: (CE) Pergunta 10 [Monitoramento] | CU1: (CE) Pergunta 11 | CV1: (CE) Pergunta 11 [Monitoramento] | CW1: (CE) Pergunta 12 | CX1: (CE) Pergunta 12 [Monitoramento] | CY1: (CE) Pergunta 13 | CZ1: (CE) Pergunta 13 [Monitoramento] | DA1: (CE) Pergunta 14 | DB1: (CE) Pergunta 14 [Monitoramento] | DC1: (CE) Pergunta 15 | DD1: (CE) Pergunta 15 [Monitoramento] | DE1: (CE) Não Conformidade ? (Físico) | DF1: (CE) Status Mecânica (Físico) | DG1: (CE) Mecânica Concluída: | DH1: (CE) Status Elétrica (Físico) | DI1: (CE) Elétrica Concluída: | DJ1: (CE) Status Checklist (Físico) | DK1: (CE) Checklist Concluído: | DL1: (DF) Etapa | DM1: (DF) Pergunta 01 | DN1: (DF) Pergunta 01 [Monitoramento] | DO1: (DF) Pergunta 02 | DP1: (DF) Pergunta 02 [Monitoramento] | DQ1: (DF) Pergunta 03 | DR1: (DF) Pergunta 03 [Monitoramento] | DS1: (DF) Pergunta 04 | DT1: (DF) Pergunta 04 [Monitoramento] | DU1: (DF) Pergunta 05 | DV1: (DF) Pergunta 05 [Monitoramento] | DW1: (DF) Pergunta 06 | DX1: (DF) Pergunta 06 [Monitoramento] | DY1: (DF) Pergunta 07 | DZ1: (DF) Pergunta 07 [Monitoramento] | EA1: (DF) Pergunta 08 | EB1: (DF) Pergunta 08 [Monitoramento] | EC1: (DF) Pergunta 09 | ED1: (DF) Pergunta 09 [Monitoramento] | EE1: (DF) Pergunta 10 | EF1: (DF) Pergunta 10 [Monitoramento] | EG1: (DF) Pergunta 11 | EH1: (DF) Pergunta 11 [Monitoramento] | EI1: (DF) Não Conformidade ? (Físico) | EJ1: (DF) Status Checklist (Físico) | EK1: (DF) Checklist Concluído: | EL1: (DQ) Etapa | EM1: (DQ) Pergunta 01 | EN1: (DQ) Pergunta 01 [Monitoramento] | EO1: (DQ) Pergunta 02 | EP1: (DQ) Pergunta 02 [Monitoramento] | EQ1: (DQ) Pergunta 03 | ER1: (DQ) Pergunta 03 [Monitoramento] | ES1: (DQ) Pergunta 04 | ET1: (DQ) Pergunta 04 [Monitoramento] | EU1: (DQ) Pergunta 05 | EV1: (DQ) Pergunta 05 [Monitoramento] | EW1: (DQ) Pergunta 06 | EX1: (DQ) Pergunta 06 [Monitoramento] | EY1: (DQ) Pergunta 07 | EZ1: (DQ) Pergunta 07 [Monitoramento] | FA1: (DQ) Pergunta 08 | FB1: (DQ) Pergunta 08 [Monitoramento] | FC1: (DQ) Pergunta 09 | FD1: (DQ) Pergunta 09 [Monitoramento] | FE1: (DQ) Pergunta 10 | FF1: (DQ) Pergunta 10 [Monitoramento] | FG1: (DQ) Pergunta 11 | FH1: (DQ) Pergunta 11 [Monitoramento] | FI1: (DQ) Não Conformidade ? (Físico) | FJ1: (DQ) Status Checklist (Físico) | FK1: (DQ) Checklist Concluído: | FL1: Observação: | FM1: Observação Registrada em: | FN1: Status do Questionário (Físico) | FO1: Status do Questionário Concluído: | FP1: Última atualização: | FQ1: Imagem do Equipamento: | FR1: Imagem do Equipamento Registrada em: | FS1: Imagem da Plaqueta do Motor: | FT1: Imagem da Plaqueta do Motor Registrada em: | FU1: Imagem (Display) | FV1: Imagem Indisponível | FW1: Imagem Indisponível [Monitoramento]
A2: 10&20 - R.P.E | B2: 03C650 - Esteira de Saída do Difusor | C2: Esteira Metálica | D2: 03C650 | E2: Esteira Transversal Saída Do Difusor (Esteira Metálica) | F2: Pré-Comissionamento | G2: Conforme | H2: Roniel Figueiredo - 14/03/2026 10:10:06 | I2: Conforme | J2: Roniel Figueiredo - 14/03/2026 10:10:10 | K2: Conforme | L2: Roniel Figueiredo - 14/03/2026 10:10:14 | M2: Conforme | N2: Roniel Figueiredo - 14/03/2026 10:10:15 | O2: Conforme | P2: Roniel Figueiredo - 05/03/2026 08:57:12 | Q2: Conforme | R2: Roniel Figueiredo - 14/03/2026 10:10:19 | S2: Conforme | T2: Roniel Figueiredo - 05/03/2026 08:57:18 | U2: Conforme | V2: Roniel Figueiredo - 05/03/2026 08:57:21 | W2: Conforme | X2: Roniel Figueiredo - 05/03/2026 08:57:29 | Y2: Conforme | Z2: Roniel Figueiredo - 05/03/2026 08:57:33 | AA2: Conforme | AB2: Roniel Figueiredo - 05/03/2026 08:57:39 | AC2: Conforme | AD2: Roniel Figueiredo - 05/03/2026 08:57:44 | AE2: Conforme | AF2: Roniel Figueiredo - 05/03/2026 08:57:48 | AG2: Conforme | AH2: Roniel Figueiredo - 05/03/2026 08:57:51 | AI2: Conforme | AJ2: Roniel Figueiredo - 14/03/2026 10:10:26 | AK2: Conforme | AL2: Roniel Figueiredo - 20/03/2026 10:23:50 | AM2: Conforme | AN2: Roniel Figueiredo - 20/03/2026 10:23:51 | AO2: Conforme | AP2: Roniel Figueiredo - 19/03/2026 08:25:00 | AQ2: Conforme | AR2: Roniel Figueiredo - 20/03/2026 10:23:57 | AS2: Conforme | AT2: Roniel Figueiredo - 20/03/2026 10:23:59 | AU2: Conforme | AV2: Roniel Figueiredo - 05/03/2026 08:58:06 | AW2: Conforme | AX2: Roniel Figueiredo - 05/03/2026 08:58:10 | AY2: Conforme | AZ2: Roniel Figueiredo - 05/03/2026 08:58:13 | BA2: Conforme | BB2: Roniel Figueiredo - 05/03/2026 08:58:19 | BC2: Conforme | BD2: Roniel Figueiredo - 05/03/2026 08:58:23 | BE2: Conforme | BF2: Roniel Figueiredo - 05/03/2026 08:58:29 | BG2: Conforme | BH2: Roniel Figueiredo - 05/03/2026 08:58:31 | BI2: Conforme | BJ2: Roniel Figueiredo - 05/03/2026 08:58:34 | BK2: Conforme | BL2: Roniel Figueiredo - 05/03/2026 08:58:40 | BM2: Conforme | BN2: Roniel Figueiredo - 05/03/2026 08:58:43 | BO2: Conforme | BP2: Roniel Figueiredo - 05/03/2026 08:58:47 | BS2: Não | BT2: Sim | BU2: 46095.424 | BV2: Sim | BW2: 46101.433 | BX2: Sim | BY2: 46101.433 | BZ2: Comissionamento Estático | CA2: Conforme | CB2: Roniel Figueiredo - 21/03/2026 11:01:26 | CC2: Conforme | CD2: Roniel Figueiredo - 21/03/2026 11:01:30 | CE2: Conforme | CF2: Roniel Figueiredo - 21/03/2026 11:01:36 | CG2: Conforme | CH2: Roniel Figueiredo - 21/03/2026 11:01:39 | DE2: Não | DF2: Sim | DG2: 46102.459 | DH2: Sim | DI2: 46102.459 | DJ2: Sim | DK2: 46102.459 | DL2: Dinâmico Frio | DM2: Conforme | DN2: Roniel Figueiredo - 02/04/2026 08:53:16 | DO2: Conforme | DP2: Roniel Figueiredo - 02/04/2026 08:53:17 | DQ2: Conforme | DR2: Roniel Figueiredo - 02/04/2026 08:53:18 | DS2: Conforme | DT2: Roniel Figueiredo - 02/04/2026 08:53:19 | DU2: Conforme | DV2: Roniel Figueiredo - 02/04/2026 08:53:26 | DW2: Conforme | DX2: Roniel Figueiredo - 02/04/2026 08:53:25 | DY2: Conforme | DZ2: Roniel Figueiredo - 02/04/2026 08:53:24 | EA2: Conforme | EB2: Roniel Figueiredo - 02/04/2026 08:53:23 | EI2: Não | EJ2: Sim | EK2: 46114.37 | EL2: Dinâmico Quente | FI2: Não | FJ2: Não | FN2: Pendente | FP2: Roniel Figueiredo - 02/04/2026 08:53:26 | FQ2: Base de Dados_Images/03C650.Imagem do Equipamento-.115701.jpg | FR2: Roniel Figueiredo - 05/03/2026 08:58:47 | FU2: =FQ2 -> Base de Dados_Images/03C650.Imagem do Equipamento-.115701.jpg
A3: 10&20 - R.P.E | B3: 03C650 - Esteira de Saída do Difusor | C3: Motoredutor | D3: 03-ES-650-M01 | E3: Acionamento Esteira De Saída Do Difusor | F3: Pré-Comissionamento | G3: Conforme | H3: Roniel Figueiredo - 14/03/2026 10:07:35 | I3: Conforme | J3: Roniel Figueiredo - 14/03/2026 10:07:38 | K3: Conforme | L3: Roniel Figueiredo - 14/03/2026 10:07:42 | M3: Conforme | N3: Roniel Figueiredo - 14/03/2026 10:07:45 | O3: Conforme | P3: Roniel Figueiredo - 14/03/2026 10:07:49 | Q3: Conforme | R3: Roniel Figueiredo - 14/03/2026 10:07:55 | S3: Conforme | T3: Roniel Figueiredo - 14/03/2026 10:07:58 | U3: Conforme | V3: Roniel Figueiredo - 20/03/2026 10:24:17 | W3: Conforme | X3: Roniel Figueiredo - 20/03/2026 10:24:18 | Y3: Conforme | Z3: Roniel Figueiredo - 14/03/2026 10:08:04 | AA3: Conforme | AB3: Roniel Figueiredo - 20/03/2026 10:24:21 | AC3: Conforme | AD3: Roniel Figueiredo - 20/03/2026 10:24:23 | AE3: Conforme | AF3: Roniel Figueiredo - 14/03/2026 10:08:14 | BS3: Não | BT3: Sim | BU3: 46095.422 | BV3: Sim | BW3: 46101.434 | BX3: Sim | BY3: 46101.434 | BZ3: Comissionamento Estático | CA3: Conforme | CB3: Roniel Figueiredo - 21/03/2026 11:01:50 | CC3: Conforme | CD3: Roniel Figueiredo - 21/03/2026 11:01:55 | CE3: Conforme | CF3: Roniel Figueiredo - 21/03/2026 11:01:57 | CG3: Conforme | CH3: Roniel Figueiredo - 21/03/2026 11:02:00 | DE3: Não | DF3: Sim | DG3: 46102.46 | DH3: Sim | DI3: 46102.46 | DJ3: Sim | DK3: 46102.46 | DL3: Dinâmico Frio | DM3: Conforme | DN3: Roniel Figueiredo - 02/04/2026 08:53:37 | DO3: Conforme | DP3: Roniel Figueiredo - 02/04/2026 08:53:38 | DQ3: Conforme | DR3: Roniel Figueiredo - 02/04/2026 08:53:39 | DS3: Conforme | DT3: Roniel Figueiredo - 02/04/2026 08:53:40 | DU3: Conforme | DV3: Roniel Figueiredo - 02/04/2026 08:53:45 | EI3: Não | EJ3: Sim | EK3: 46114.371 | EL3: Dinâmico Quente | FI3: Não | FJ3: Não | FN3: Pendente | FP3: Roniel Figueiredo - 02/04/2026 08:53:45 | FQ3: Base de Dados_Images/03-ES-650-M01.Imagem do Equipamento-.131029.jpg | FR3: Roniel Figueiredo - 14/03/2026 10:09:51 | FS3: Base de Dados_Images/03-ES-650-M01.Imagem da Plaqueta do Motor-.131035.jpg | FT3: Roniel Figueiredo - 14/03/2026 10:09:51 | FU3: =FQ3 -> Base de Dados_Images/03-ES-650-M01.Imagem do Equipamento-.131029.jpg
A4: 10&20 - R.P.E | B4: 03C650 - Esteira de Saída do Difusor | C4: Transmissor | D4: 03-SS-650-B01 | E4: Zero Speed | F4: Pré-Comissionamento | G4: Conforme | H4: Roniel Figueiredo - 05/03/2026 09:19:28 | I4: Conforme | J4: Roniel Figueiredo - 05/03/2026 09:19:29 | K4: Conforme | L4: Roniel Figueiredo - 05/03/2026 09:19:30 | M4: Conforme | N4: Roniel Figueiredo - 05/03/2026 09:19:32 | BS4: Não | BT4: Sim | BU4: 46086.389 | BV4: Sim | BW4: 46086.389 | BX4: Sim | BY4: 46086.389 | BZ4: Comissionamento Estático | CA4: Conforme | CB4: Roniel Figueiredo - 21/03/2026 11:02:11 | CC4: Conforme | CD4: Roniel Figueiredo - 21/03/2026 11:02:15 | CE4: Conforme | CF4: Roniel Figueiredo - 21/03/2026 11:02:13 | DE4: Não | DF4: Não Aplica | DH4: Sim | DI4: 46102.46 | DJ4: Sim | DK4: 46102.46 | DL4: Dinâmico Frio | DM4: Conforme | DN4: Roniel Figueiredo - 02/04/2026 08:53:56 | DO4: Conforme | DP4: Roniel Figueiredo - 02/04/2026 08:54:01 | EI4: Não | EJ4: Sim | EK4: 46114.371 | EL4: Dinâmico Quente | FI4: Não | FJ4: Não | FN4: Pendente | FP4: Roniel Figueiredo - 02/04/2026 08:54:01 | FQ4: Base de Dados_Images/03-SS-650-B01.Imagem do Equipamento-.121925.jpg | FR4: Roniel Figueiredo - 05/03/2026 09:19:32 | FU4: =FQ4 -> Base de Dados_Images/03-SS-650-B01.Imagem do Equipamento-.121925.jpg
A13: 10&20 - R.P.E | B13: 03H070 - Aquecedor 01 | C13: Transmissor | D13: 03-TIT-070-Y01 | E13: Transmissor De Temperatura Do Caldo | F13: Pré-Comissionamento | G13: Conforme | H13: Gilmar de Sousa - 04/02/2026 10:17:51 | I13: Conforme | J13: Gilmar de Sousa - 04/02/2026 10:17:52 | K13: Conforme | L13: Gilmar de Sousa - 04/02/2026 10:17:53 | M13: Conforme | N13: Gilmar de Sousa - 04/02/2026 10:17:54 | BS13: Não | BT13: Sim | BU13: 46057.429 | BV13: Sim | BW13: 46057.429 | BX13: Sim | BY13: 46057.429 | BZ13: Comissionamento Estático | CA13: Conforme | CB13: Roniel Figueiredo - 10/03/2026 16:40:33 | CC13: Conforme | CD13: Roniel Figueiredo - 11/03/2026 09:26:30 | CE13: Conforme | CF13: Roniel Figueiredo - 11/03/2026 09:26:33 | DE13: Não | DF13: Não Aplica | DH13: Sim | DI13: 46092.393 | DJ13: Sim | DK13: 46092.393 | DL13: Dinâmico Frio | EI13: Não | EJ13: Não | EL13: Dinâmico Quente | FI13: Não | FJ13: Não | FN13: Pendente | FP13: Roniel Figueiredo - 11/03/2026 09:26:33 | FQ13: Base de Dados_Images/03-TIT-070-Y01.Imagem do Equipamento-.172823.jpg | FR13: Gilmar de Sousa - 04/02/2026 10:17:54 | FU13: =FQ13 -> Base de Dados_Images/03-TIT-070-Y01.Imagem do Equipamento-.172823.jpg
A14: 10&20 - R.P.E | B14: 03H070 - Aquecedor 01 | C14: Trocador De Calor/Evaporador/Aquecedor | D14: 03H070 | E14: Aquecedor 01 | F14: Pré-Comissionamento | G14: Conforme | H14: Roniel Figueiredo - 20/02/2026 15:33:30 | I14: Conforme | J14: Roniel Figueiredo - 20/02/2026 15:33:34 | K14: Conforme | L14: Roniel Figueiredo - 09/03/2026 16:23:31 | M14: Conforme | N14: Roniel Figueiredo - 09/03/2026 16:23:34 | O14: Conforme | P14: Roniel Figueiredo - 09/03/2026 16:23:37 | Q14: Conforme | R14: Roniel Figueiredo - 20/02/2026 15:33:58 | S14: Conforme | T14: Roniel Figueiredo - 20/02/2026 15:34:14 | U14: Conforme | V14: Roniel Figueiredo - 20/02/2026 15:34:18 | BS14: Não | BT14: Sim | BU14: 46090.683 | BV14: Sim | BW14: 46073.649 | BX14: Sim | BY14: 46090.683 | BZ14: Comissionamento Estático | DE14: Não | DF14: Não Aplica | DH14: Não Aplica | DJ14: Não Aplica | DL14: Dinâmico Frio | EI14: Não | EJ14: Não | EL14: Dinâmico Quente | FI14: Não | FJ14: Não | FN14: Pendente | FP14: Roniel Figueiredo - 09/03/2026 16:23:37 | FQ14: Base de Dados_Images/03H070.Imagem do Equipamento-.192325.jpg | FR14: Roniel Figueiredo - 09/03/2026 16:23:37 | FU14: =FQ14 -> Base de Dados_Images/03H070.Imagem do Equipamento-.192325.jpg
A15: 10&20 - R.P.E | B15: 03H070 - Aquecedor 01 | C15: Válvula Pneumatica | D15: 03-TIT-070-Y01 XV | E15: Válvula De Temperatura Do Caldo | F15: Pré-Comissionamento | G15: Conforme | H15: Gilmar de Sousa - 04/02/2026 10:09:25 | I15: Conforme | J15: Gilmar de Sousa - 04/02/2026 10:09:27 | K15: Conforme | L15: Gilmar de Sousa - 04/02/2026 10:09:30 | M15: Conforme | N15: Gilmar de Sousa - 04/02/2026 10:09:32 | O15: Conforme | P15: Gilmar de Sousa - 04/02/2026 10:09:35 | Q15: Conforme | R15: Gilmar de Sousa - 04/02/2026 10:09:37 | S15: Conforme | T15: Gilmar de Sousa - 04/02/2026 10:09:42 | U15: Conforme | V15: Gilmar de Sousa - 04/02/2026 10:09:40 | BS15: Não | BT15: Não Aplica | BV15: Sim | BW15: 46057.423 | BX15: Sim | BY15: 46057.423 | BZ15: Comissionamento Estático | DE15: Não | DF15: Não Aplica | DH15: Não | DJ15: Não | DL15: Dinâmico Frio | EI15: Não | EJ15: Não | EL15: Dinâmico Quente | FI15: Não | FJ15: Não | FN15: Pendente | FP15: Gilmar de Sousa - 04/02/2026 10:09:42 | FQ15: Base de Dados_Images/03-TIT-070-Y01 XV.Imagem do Equipamento-.111619.jpg | FR15: Gilmar de Sousa - 03/02/2026 10:58:48 | FU15: =FQ15 -> Base de Dados_Images/03-TIT-070-Y01 XV.Imagem do Equipamento-.111619.jpg
A16: 10&20 - R.P.E | B16: 03H080 - Aquecedor 02 | C16: Transmissor | D16: 03-TIT-080-Y01 | E16: Transmissor De Temperatura Do Caldo | F16: Pré-Comissionamento | G16: Conforme | H16: Gilmar de Sousa - 04/02/2026 10:19:56 | I16: Conforme | J16: Gilmar de Sousa - 04/02/2026 10:19:58 | K16: Conforme | L16: Gilmar de Sousa - 04/02/2026 10:19:59 | M16: Conforme | N16: Gilmar de Sousa - 04/02/2026 10:20:00 | BS16: Não | BT16: Sim | BU16: 46057.431 | BV16: Sim | BW16: 46057.431 | BX16: Sim | BY16: 46057.431 | BZ16: Comissionamento Estático | CA16: Conforme | CB16: Roniel Figueiredo - 11/03/2026 09:27:24 | CC16: Conforme | CD16: Roniel Figueiredo - 11/03/2026 09:27:27 | CE16: Conforme | CF16: Roniel Figueiredo - 11/03/2026 09:27:30 | DE16: Não | DF16: Não Aplica | DH16: Sim | DI16: 46092.394 | DJ16: Sim | DK16: 46092.394 | DL16: Dinâmico Frio | EI16: Não | EJ16: Não | EL16: Dinâmico Quente | FI16: Não | FJ16: Não | FN16: Pendente | FP16: Roniel Figueiredo - 11/03/2026 09:27:30 | FQ16: Base de Dados_Images/03-TIT-080-Y01.Imagem do Equipamento-.172935.jpg | FR16: Gilmar de Sousa - 04/02/2026 10:20:00 | FU16: =FQ16 -> Base de Dados_Images/03-TIT-080-Y01.Imagem do Equipamento-.172935.jpg
A17: 10&20 - R.P.E | B17: 03H080 - Aquecedor 02 | C17: Trocador De Calor/Evaporador/Aquecedor | D17: 03H080 | E17: Aquecedor 02 | F17: Pré-Comissionamento | G17: Conforme | H17: Roniel Figueiredo - 09/03/2026 16:24:30 | I17: Conforme | J17: Roniel Figueiredo - 09/03/2026 16:24:31 | K17: Conforme | L17: Roniel Figueiredo - 09/03/2026 16:24:35 | M17: Conforme | N17: Roniel Figueiredo - 09/03/2026 16:24:36 | O17: Conforme | P17: Roniel Figueiredo - 09/03/2026 16:24:40 | Q17: Conforme | R17: Roniel Figueiredo - 09/03/2026 16:24:41 | S17: Conforme | T17: Roniel Figueiredo - 09/03/2026 16:24:42 | U17: Conforme | V17: Roniel Figueiredo - 09/03/2026 16:24:46 | BS17: Não | BT17: Sim | BU17: 46090.684 | BV17: Sim | BW17: 46090.684 | BX17: Sim | BY17: 46090.684 | BZ17: Comissionamento Estático | DE17: Não | DF17: Não Aplica | DH17: Não Aplica | DJ17: Não Aplica | DL17: Dinâmico Frio | EI17: Não | EJ17: Não | EL17: Dinâmico Quente | FI17: Não | FJ17: Não | FN17: Pendente | FP17: Roniel Figueiredo - 09/03/2026 16:24:46 | FQ17: Base de Dados_Images/03H080.Imagem do Equipamento-.192425.jpg | FR17: Roniel Figueiredo - 09/03/2026 16:24:46 | FU17: =FQ17 -> Base de Dados_Images/03H080.Imagem do Equipamento-.192425.jpg
A18: 10&20 - R.P.E | B18: 03H080 - Aquecedor 02 | C18: Válvula Pneumatica | D18: 03-TIT-080-Y01 XV | E18: Válvula De Temperatura Do Caldo | F18: Pré-Comissionamento | G18: Conforme | H18: Gilmar de Sousa - 04/02/2026 10:18:43 | I18: Conforme | J18: Gilmar de Sousa - 04/02/2026 10:18:45 | K18: Conforme | L18: Gilmar de Sousa - 04/02/2026 10:18:46 | M18: Conforme | N18: Gilmar de Sousa - 04/02/2026 10:18:47 | O18: Conforme | P18: Gilmar de Sousa - 04/02/2026 10:18:50 | Q18: Conforme | R18: Gilmar de Sousa - 04/02/2026 10:18:51 | S18: Conforme | T18: Gilmar de Sousa - 04/02/2026 10:18:52 | U18: Conforme | V18: Gilmar de Sousa - 04/02/2026 10:18:53 | BS18: Não | BT18: Não Aplica | BV18: Sim | BW18: 46057.43 | BX18: Sim | BY18: 46057.43 | BZ18: Comissionamento Estático | DE18: Não | DF18: Não Aplica | DH18: Não | DJ18: Não | DL18: Dinâmico Frio | EI18: Não | EJ18: Não | EL18: Dinâmico Quente | FI18: Não | FJ18: Não | FN18: Pendente | FP18: Gilmar de Sousa - 04/02/2026 10:18:53 | FQ18: Base de Dados_Images/03-TIT-080-Y01 XV.Imagem do Equipamento-.172850.jpg | FR18: Gilmar de Sousa - 04/02/2026 10:18:53 | FU18: =FQ18 -> Base de Dados_Images/03-TIT-080-Y01 XV.Imagem do Equipamento-.172850.jpg
A19: 10&20 - R.P.E | B19: 03H090 - Aquecedor 03 | C19: Transmissor | D19: 03-TIT-090-Y01 | E19: Transmissor De Temperatura Do Caldo | F19: Pré-Comissionamento | G19: Conforme | H19: Gilmar de Sousa - 04/02/2026 10:22:14 | I19: Conforme | J19: Gilmar de Sousa - 04/02/2026 10:22:16 | K19: Conforme | L19: Gilmar de Sousa - 04/02/2026 10:22:17 | M19: Conforme | N19: Gilmar de Sousa - 04/02/2026 10:22:20 | BS19: Não | BT19: Sim | BU19: 46057.432 | BV19: Sim | BW19: 46057.432 | BX19: Sim | BY19: 46057.432 | BZ19: Comissionamento Estático | CA19: Conforme | CB19: Roniel Figueiredo - 11/03/2026 09:27:46 | CC19: Conforme | CD19: Roniel Figueiredo - 11/03/2026 09:27:49 | CE19: Conforme | CF19: Roniel Figueiredo - 11/03/2026 09:27:55 | DE19: Não | DF19: Não Aplica | DH19: Sim | DI19: 46092.394 | DJ19: Sim | DK19: 46092.394 | DL19: Dinâmico Frio | DM19: Conforme | DN19: Roniel Figueiredo - 21/03/2026 11:03:39 | DO19: Conforme | DP19: Roniel Figueiredo - 21/03/2026 11:03:42 | EI19: Não | EJ19: Sim | EK19: 46102.461 | EL19: Dinâmico Quente | FI19: Não | FJ19: Não | FN19: Pendente | FP19: Roniel Figueiredo - 21/03/2026 11:03:42 | FQ19: Base de Dados_Images/03-TIT-090-Y01.Imagem do Equipamento-.173101.jpg | FR19: Gilmar de Sousa - 04/02/2026 10:22:20 | FU19: =FQ19 -> Base de Dados_Images/03-TIT-090-Y01.Imagem do Equipamento-.173101.jpg
A20: 10&20 - R.P.E | B20: 03H090 - Aquecedor 03 | C20: Trocador De Calor/Evaporador/Aquecedor | D20: 03H090 | E20: Aquecedor 03 | F20: Pré-Comissionamento | G20: Conforme | H20: Roniel Figueiredo - 09/03/2026 16:26:33 | I20: Conforme | J20: Roniel Figueiredo - 09/03/2026 16:26:35 | K20: Conforme | L20: Roniel Figueiredo - 09/03/2026 16:26:42 | M20: Conforme | N20: Roniel Figueiredo - 09/03/2026 16:26:47 | O20: Conforme | P20: Roniel Figueiredo - 09/03/2026 16:26:51 | Q20: Conforme | R20: Roniel Figueiredo - 09/03/2026 16:26:54 | S20: Conforme | T20: Roniel Figueiredo - 09/03/2026 16:26:58 | U20: Conforme | V20: Roniel Figueiredo - 09/03/2026 16:27:06 | BS20: Não | BT20: Sim | BU20: 46090.685 | BV20: Sim | BW20: 46090.685 | BX20: Sim | BY20: 46090.685 | BZ20: Comissionamento Estático | DE20: Não | DF20: Não Aplica | DH20: Não Aplica | DJ20: Não Aplica | DL20: Dinâmico Frio | DM20: Conforme | DN20: Roniel Figueiredo - 21/03/2026 11:03:54 | DO20: Conforme | DP20: Roniel Figueiredo - 21/03/2026 11:03:56 | DQ20: Conforme | DR20: Roniel Figueiredo - 21/03/2026 11:03:58 | EI20: Não | EJ20: Sim | EK20: 46102.461 | EL20: Dinâmico Quente | FI20: Não | FJ20: Não | FN20: Pendente | FP20: Roniel Figueiredo - 21/03/2026 11:03:58 | FQ20: Base de Dados_Images/03H090.Imagem do Equipamento-.193253.jpg | FR20: Roniel Figueiredo - 10/03/2026 12:00:35 | FU20: =FQ20 -> Base de Dados_Images/03H090.Imagem do Equipamento-.193253.jpg
A21: 10&20 - R.P.E | B21: 03H090 - Aquecedor 03 | C21: Válvula Pneumatica | D21: 03-TIT-090-Y01 XV | E21: Válvula De Temperatura Do Caldo | F21: Pré-Comissionamento | G21: Conforme | H21: Gilmar de Sousa - 04/02/2026 10:21:16 | I21: Conforme | J21: Gilmar de Sousa - 04/02/2026 10:21:18 | K21: Conforme | L21: Gilmar de Sousa - 04/02/2026 10:21:19 | M21: Conforme | N21: Gilmar de Sousa - 04/02/2026 10:21:21 | O21: Conforme | P21: Gilmar de Sousa - 04/02/2026 10:21:22 | Q21: Conforme | R21: Gilmar de Sousa - 04/02/2026 10:21:30 | S21: Conforme | T21: Gilmar de Sousa - 04/02/2026 10:21:25 | U21: Conforme | V21: Gilmar de Sousa - 04/02/2026 10:21:23 | BS21: Não | BT21: Não Aplica | BV21: Sim | BW21: 46057.432 | BX21: Sim | BY21: 46057.432 | BZ21: Comissionamento Estático | CA21: Conforme | CB21: Roniel Figueiredo - 13/03/2026 11:28:46 | CC21: Conforme | CD21: Roniel Figueiredo - 13/03/2026 11:29:22 | DE21: Não | DF21: Não Aplica | DH21: Sim | DI21: 46094.479 | DJ21: Sim | DK21: 46094.479 | DL21: Dinâmico Frio | DM21: Conforme | DN21: Roniel Figueiredo - 21/03/2026 11:03:25 | EI21: Não | EJ21: Sim | EK21: 46102.461 | EL21: Dinâmico Quente | FI21: Não | FJ21: Não | FN21: Pendente | FP21: Roniel Figueiredo - 21/03/2026 11:03:25 | FQ21: Base de Dados_Images/03-TIT-090-Y01 XV.Imagem do Equipamento-.173004.jpg | FR21: Gilmar de Sousa - 04/02/2026 10:21:30 | FU21: =FQ21 -> Base de Dados_Images/03-TIT-090-Y01 XV.Imagem do Equipamento-.173004.jpg
A22: 10&20 - R.P.E | B22: 03H130 - DCH de caldo prensado | C22: Tanque | D22: 03H130 | E22: DCH de caldo prensado | F22: Pré-Comissionamento | G22: Conforme | H22: Roniel Figueiredo - 11/02/2026 12:06:15 | I22: Conforme | J22: Roniel Figueiredo - 11/02/2026 12:06:17 | K22: Conforme | L22: Roniel Figueiredo - 11/02/2026 12:06:20 | M22: Conforme | N22: Roniel Figueiredo - 11/02/2026 12:06:23 | O22: Conforme | P22: Roniel Figueiredo - 11/02/2026 12:06:25 | Q22: Conforme | R22: Roniel Figueiredo - 11/02/2026 12:06:28 | S22: Conforme | T22: Roniel Figueiredo - 11/02/2026 12:06:31 | U22: Conforme | V22: Roniel Figueiredo - 11/02/2026 12:06:37 | W22: Conforme | X22: Roniel Figueiredo - 11/02/2026 12:06:40 | BS22: Não | BT22: Sim | BU22: 46064.505 | BV22: Sim | BW22: 46064.505 | BX22: Sim | BY22: 46064.505 | BZ22: Comissionamento Estático | DE22: Não | DF22: Não Aplica | DH22: Não Aplica | DJ22: Não Aplica | DL22: Dinâmico Frio | EI22: Não | EJ22: Não | EL22: Dinâmico Quente | FI22: Não | FJ22: Não | FN22: Pendente | FP22: Roniel Figueiredo - 11/02/2026 12:06:40 | FQ22: Base de Dados_Images/03H130.Imagem do Equipamento-.150614.jpg | FR22: Roniel Figueiredo - 11/02/2026 12:06:40 | FU22: =FQ22 -> Base de Dados_Images/03H130.Imagem do Equipamento-.150614.jpg
A23: 10&20 - R.P.E | B23: 03H130 - DCH de caldo prensado | C23: Transmissor | D23: 03-TIT-130-B01 | E23: Temperatura Da Saída Do Aquecedor Vapor 1 | F23: Pré-Comissionamento | G23: Conforme | H23: Roniel Figueiredo - 02/02/2026 10:48:11 | I23: Conforme | J23: Roniel Figueiredo - 02/02/2026 10:48:13 | K23: Conforme | L23: Roniel Figueiredo - 02/02/2026 10:48:27 | M23: Conforme | N23: Roniel Figueiredo - 02/02/2026 10:48:21 | BS23: Não | BT23: Sim | BU23: 46055.45 | BV23: Sim | BW23: 46055.45 | BX23: Sim | BY23: 46055.45 | BZ23: Comissionamento Estático | CA23: Não Conforme | CB23: Roniel Figueiredo - 07/04/2026 09:27:07 | CC23: Não Conforme | CD23: Roniel Figueiredo - 07/04/2026 09:27:14 | CE23: Não Conforme | CF23: Roniel Figueiredo - 07/04/2026 09:27:13 | DE23: Sim | DF23: Não Aplica | DH23: Não | DJ23: Não | DL23: Dinâmico Frio | EI23: Não | EJ23: Não | EL23: Dinâmico Quente | FI23: Não | FJ23: Não | FL23: Transmisor fora de rede | FM23: Roniel Figueiredo - 07/04/2026 09:28:31 | FN23: Pendente | FP23: Roniel Figueiredo - 07/04/2026 09:28:31 | FQ23: Base de Dados_Images/03-TIT-130-B01.Imagem do Equipamento-.134809.jpg | FR23: Roniel Figueiredo - 02/02/2026 10:48:27 | FU23: =FQ23 -> Base de Dados_Images/03-TIT-130-B01.Imagem do Equipamento-.134809.jpg
A24: 10&20 - R.P.E | B24: 03H130 - DCH de caldo prensado | C24: Transmissor | D24: 03-TIT-130-Y02 | E24: Transmissor De Temperatura Do Caldo | F24: Pré-Comissionamento | G24: Conforme | H24: Ana Clara Santos Jacinto Andrade Jeronimo - 30/01/2026 08:13:51 | I24: Conforme | J24: Ana Clara Santos Jacinto Andrade Jeronimo - 30/01/2026 08:13:54 | K24: Conforme | L24: Ana Clara Santos Jacinto Andrade Jeronimo - 30/01/2026 08:13:59 | M24: Conforme | N24: Ana Clara Santos Jacinto Andrade Jeronimo - 30/01/2026 08:14:02 | BS24: Não | BT24: Sim | BU24: 46052.343 | BV24: Sim | BW24: 46052.343 | BX24: Sim | BY24: 46052.343 | BZ24: Comissionamento Estático | CA24: Não Conforme | CB24: Roniel Figueiredo - 07/04/2026 09:27:28 | CC24: Não Conforme | CD24: Roniel Figueiredo - 07/04/2026 09:27:30 | CE24: Não Conforme | CF24: Roniel Figueiredo - 07/04/2026 09:27:32 | DE24: Sim | DF24: Não Aplica | DH24: Não | DJ24: Não | DL24: Dinâmico Frio | EI24: Não | EJ24: Não | EL24: Dinâmico Quente | FI24: Não | FJ24: Não | FL24: Transmisor fora de rede | FM24: Roniel Figueiredo - 07/04/2026 09:27:55 | FN24: Pendente | FP24: Roniel Figueiredo - 07/04/2026 09:27:55 | FQ24: Base de Dados_Images/03-TIT-130-Y02.Imagem do Equipamento-.111347.jpg | FR24: Ana Clara Santos Jacinto Andrade Jeronimo - 30/01/2026 08:14:02 | FU24: =FQ24 -> Base de Dados_Images/03-TIT-130-Y02.Imagem do Equipamento-.111347.jpg
A25: 10&20 - R.P.E | B25: 03H130 - DCH de caldo prensado | C25: Válvula Pneumatica | D25: 03-TIT-130-Y02 XV | E25: Válvula Controle De Temperatura Do Caldo | F25: Pré-Comissionamento | G25: Conforme | H25: Gilmar de Sousa - 04/02/2026 08:47:52 | I25: Conforme | J25: Ana Clara Santos Jacinto Andrade Jeronimo - 30/01/2026 08:09:39 | K25: Conforme | L25: Ana Clara Santos Jacinto Andrade Jeronimo - 30/01/2026 08:09:44 | M25: Conforme | N25: Ana Clara Santos Jacinto Andrade Jeronimo - 30/01/2026 08:09:47 | O25: Conforme | P25: Ana Clara Santos Jacinto Andrade Jeronimo - 30/01/2026 08:09:56 | Q25: Conforme | R25: Ana Clara Santos Jacinto Andrade Jeronimo - 30/01/2026 08:09:59 | S25: Conforme | T25: Ana Clara Santos Jacinto Andrade Jeronimo - 30/01/2026 08:10:01 | U25: Conforme | V25: Ana Clara Santos Jacinto Andrade Jeronimo - 30/01/2026 08:10:03 | BS25: Não | BT25: Não Aplica | BV25: Sim | BW25: 46057.367 | BX25: Sim | BY25: 46057.367 | BZ25: Comissionamento Estático | CA25: Conforme | CB25: Roniel Figueiredo - 04/04/2026 10:18:13 | CC25: Conforme | CD25: Roniel Figueiredo - 04/04/2026 10:18:14 | DE25: Não | DF25: Não Aplica | DH25: Sim | DI25: 46116.429 | DJ25: Sim | DK25: 46116.429 | DL25: Dinâmico Frio | EI25: Não | EJ25: Não | EL25: Dinâmico Quente | FI25: Não | FJ25: Não | FN25: Pendente | FP25: Roniel Figueiredo - 04/04/2026 10:18:14 | FQ25: Base de Dados_Images/03-TIT-130-Y02 XV.Imagem do Equipamento-.155550.jpg | FR25: Ana Clara Santos Jacinto Andrade Jeronimo - 22/01/2026 12:55:45 | FU25: =FQ25 -> Base de Dados_Images/03-TIT-130-Y02 XV.Imagem do Equipamento-.155550.jpg
A26: 10&20 - R.P.E | B26: 03H135 - Tanque de embebição | C26: Tanque | D26: 03H135 | E26: Tanque De Embebição do Difusor | F26: Pré-Comissionamento | G26: Conforme | H26: Roniel Figueiredo - 11/02/2026 12:11:11 | I26: Conforme | J26: Roniel Figueiredo - 11/02/2026 12:11:15 | K26: Conforme | L26: Roniel Figueiredo - 11/02/2026 12:11:16 | M26: Conforme | N26: Roniel Figueiredo - 11/02/2026 12:11:19 | O26: Conforme | P26: Roniel Figueiredo - 11/02/2026 12:11:28 | Q26: Conforme | R26: Roniel Figueiredo - 11/02/2026 12:11:24 | S26: Conforme | T26: Roniel Figueiredo - 11/02/2026 12:11:32 | U26: Conforme | V26: Roniel Figueiredo - 11/02/2026 12:11:34 | W26: Conforme | X26: Roniel Figueiredo - 11/02/2026 12:11:37 | BS26: Não | BT26: Sim | BU26: 46064.508 | BV26: Sim | BW26: 46064.508 | BX26: Sim | BY26: 46064.508 | BZ26: Comissionamento Estático | DE26: Não | DF26: Não Aplica | DH26: Não Aplica | DJ26: Não Aplica | DL26: Dinâmico Frio | EI26: Não | EJ26: Não | EL26: Dinâmico Quente | FI26: Não | FJ26: Não | FN26: Pendente | FP26: Roniel Figueiredo - 11/02/2026 12:11:37 | FQ26: Base de Dados_Images/03H135.Imagem do Equipamento-.151112.jpg | FR26: Roniel Figueiredo - 11/02/2026 12:11:37 | FU26: =FQ26 -> Base de Dados_Images/03H135.Imagem do Equipamento-.151112.jpg
A27: 10&20 - R.P.E | B27: 03H135 - Tanque de embebição | C27: Transmissor | D27: 03-TIT-135-B02 | E27: Temperatura Da Saída Do Aquecedor Vapor 1 | F27: Pré-Comissionamento | G27: Conforme | H27: Roniel Figueiredo - 02/02/2026 10:29:10 | I27: Conforme | J27: Roniel Figueiredo - 02/02/2026 10:29:12 | K27: Conforme | L27: Roniel Figueiredo - 02/02/2026 10:29:14 | M27: Conforme | N27: Roniel Figueiredo - 02/02/2026 10:29:17 | BS27: Não | BT27: Sim | BU27: 46055.437 | BV27: Sim | BW27: 46055.437 | BX27: Sim | BY27: 46055.437 | BZ27: Comissionamento Estático | CA27: Conforme | CB27: Roniel Figueiredo - 25/03/2026 10:53:13 | CC27: Conforme | CD27: Roniel Figueiredo - 25/03/2026 10:53:15 | CE27: Conforme | CF27: Roniel Figueiredo - 25/03/2026 10:53:18 | DE27: Não | DF27: Não Aplica | DH27: Sim | DI27: 46106.454 | DJ27: Sim | DK27: 46106.454 | DL27: Dinâmico Frio | EI27: Não | EJ27: Não | EL27: Dinâmico Quente | FI27: Não | FJ27: Não | FN27: Pendente | FP27: Roniel Figueiredo - 25/03/2026 10:53:18 | FQ27: Base de Dados_Images/03-TIT-135-B02.Imagem do Equipamento-.132910.jpg | FR27: Roniel Figueiredo - 02/02/2026 10:29:17 | FU27: =FQ27 -> Base de Dados_Images/03-TIT-135-B02.Imagem do Equipamento-.132910.jpg
A28: 10&20 - R.P.E | B28: 03H135 - Tanque de embebição | C28: Transmissor | D28: 03-TIT-135-Y01 | E28: Transmissor De Temperatura De Alimentação De Água Bruta | F28: Pré-Comissionamento | G28: Conforme | H28: Roniel Figueiredo - 02/02/2026 10:32:41 | I28: Conforme | J28: Roniel Figueiredo - 02/02/2026 10:32:46 | K28: Conforme | L28: Roniel Figueiredo - 02/02/2026 10:32:53 | M28: Conforme | N28: Roniel Figueiredo - 02/02/2026 10:32:55 | BS28: Não | BT28: Sim | BU28: 46055.439 | BV28: Sim | BW28: 46055.44 | BX28: Sim | BY28: 46055.44 | BZ28: Comissionamento Estático | CA28: Conforme | CB28: Roniel Figueiredo - 11/03/2026 10:02:32 | CC28: Conforme | CD28: Roniel Figueiredo - 11/03/2026 10:02:33 | CE28: Conforme | CF28: Roniel Figueiredo - 11/03/2026 10:02:36 | DE28: Não | DF28: Não Aplica | DH28: Sim | DI28: 46092.418 | DJ28: Sim | DK28: 46092.418 | DL28: Dinâmico Frio | EI28: Não | EJ28: Não | EL28: Dinâmico Quente | FI28: Não | FJ28: Não | FN28: Pendente | FP28: Roniel Figueiredo - 11/03/2026 10:02:36 | FQ28: Base de Dados_Images/03-TIT-135-Y01.Imagem do Equipamento-.133153.jpg | FR28: Roniel Figueiredo - 02/02/2026 10:32:55 | FU28: =FQ28 -> Base de Dados_Images/03-TIT-135-Y01.Imagem do Equipamento-.133153.jpg
A29: 10&20 - R.P.E | B29: 03H135 - Tanque de embebição | C29: Transmissor | D29: 03-FIT-135-Y01 | E29: Transmissor De Vazão De Alimentação De Água Bruta | F29: Pré-Comissionamento | G29: Conforme | H29: Roniel Figueiredo - 02/02/2026 10:34:47 | I29: Conforme | J29: Roniel Figueiredo - 02/02/2026 10:34:59 | K29: Conforme | L29: Roniel Figueiredo - 02/02/2026 10:35:02 | M29: Conforme | N29: Roniel Figueiredo - 02/02/2026 10:34:52 | BS29: Não | BT29: Sim | BU29: 46055.441 | BV29: Sim | BW29: 46055.441 | BX29: Sim | BY29: 46055.441 | BZ29: Comissionamento Estático | CA29: Conforme | CB29: Roniel Figueiredo - 11/03/2026 10:03:07 | CC29: Conforme | CD29: Roniel Figueiredo - 11/03/2026 10:03:09 | CE29: Conforme | CF29: Roniel Figueiredo - 11/03/2026 10:03:12 | DE29: Não | DF29: Não Aplica | DH29: Sim | DI29: 46092.419 | DJ29: Sim | DK29: 46092.419 | DL29: Dinâmico Frio | EI29: Não | EJ29: Não | EL29: Dinâmico Quente | FI29: Não | FJ29: Não | FN29: Pendente | FP29: Roniel Figueiredo - 11/03/2026 10:03:12 | FQ29: Base de Dados_Images/03-FIT-135-Y01.Imagem do Equipamento-.133714.jpg | FR29: Roniel Figueiredo - 02/02/2026 10:35:02 | FU29: =FQ29 -> Base de Dados_Images/03-FIT-135-Y01.Imagem do Equipamento-.133714.jpg
A30: 10&20 - R.P.E | B30: 03H135 - Tanque de embebição | C30: Válvula Pneumatica | D30: 03-TIT-135-Y01 XV | E30: Válvula De Controle De Temperatura De Alimentação De Água Bruta | F30: Pré-Comissionamento | G30: Conforme | H30: Roniel Figueiredo - 02/02/2026 10:43:41 | I30: Conforme | J30: Roniel Figueiredo - 02/02/2026 10:43:45 | K30: Conforme | L30: Roniel Figueiredo - 02/02/2026 10:43:48 | M30: Conforme | N30: Roniel Figueiredo - 02/02/2026 10:43:54 | O30: Conforme | P30: Roniel Figueiredo - 02/02/2026 10:43:58 | Q30: Conforme | R30: Roniel Figueiredo - 02/02/2026 10:44:01 | S30: Conforme | T30: Roniel Figueiredo - 02/02/2026 10:44:06 | U30: Conforme | V30: Roniel Figueiredo - 02/02/2026 10:44:10 | BS30: Não | BT30: Não Aplica | BV30: Sim | BW30: 46055.447 | BX30: Sim | BY30: 46055.447 | BZ30: Comissionamento Estático | CA30: Conforme | CB30: Roniel Figueiredo - 28/03/2026 09:02:17 | CC30: Conforme | CD30: Roniel Figueiredo - 28/03/2026 09:02:20 | DE30: Não | DF30: Não Aplica | DH30: Sim | DI30: 46109.377 | DJ30: Sim | DK30: 46109.377 | DL30: Dinâmico Frio | EI30: Não | EJ30: Não | EL30: Dinâmico Quente | FI30: Não | FJ30: Não | FN30: Pendente | FP30: Roniel Figueiredo - 28/03/2026 09:02:20 | FQ30: Base de Dados_Images/03-TIT-135-Y01 XV.Imagem do Equipamento-.134255.jpg | FR30: Roniel Figueiredo - 02/02/2026 10:42:46 | FU30: =FQ30 -> Base de Dados_Images/03-TIT-135-Y01 XV.Imagem do Equipamento-.134255.jpg
A31: 10&20 - R.P.E | B31: 03H135 - Tanque de embebição | C31: Válvula Pneumatica | D31: 03-FIT-135-Y01 XV | E31: Válvula De Controle De Vazão De Alimentação De Água Bruta | F31: Pré-Comissionamento | G31: Conforme | H31: Roniel Figueiredo - 02/02/2026 10:46:14 | I31: Conforme | J31: Roniel Figueiredo - 02/02/2026 10:46:16 | K31: Conforme | L31: Roniel Figueiredo - 02/02/2026 10:46:20 | M31: Conforme | N31: Roniel Figueiredo - 02/02/2026 10:46:24 | O31: Conforme | P31: Roniel Figueiredo - 02/02/2026 10:46:26 | Q31: Conforme | R31: Roniel Figueiredo - 02/02/2026 10:46:27 | S31: Conforme | T31: Roniel Figueiredo - 02/02/2026 10:46:33 | U31: Conforme | V31: Roniel Figueiredo - 02/02/2026 10:46:35 | BS31: Não | BT31: Não Aplica | BV31: Sim | BW31: 46055.449 | BX31: Sim | BY31: 46055.449 | BZ31: Comissionamento Estático | DE31: Não | DF31: Não Aplica | DH31: Não | DJ31: Não | DL31: Dinâmico Frio | EI31: Não | EJ31: Não | EL31: Dinâmico Quente | FI31: Não | FJ31: Não | FN31: Pendente | FP31: Roniel Figueiredo - 02/02/2026 10:46:35 | FQ31: Base de Dados_Images/03-FIT-135-Y01 XV.Imagem do Equipamento-.134518.jpg | FR31: Roniel Figueiredo - 02/02/2026 10:45:08 | FU31: =FQ31 -> Base de Dados_Images/03-FIT-135-Y01 XV.Imagem do Equipamento-.134518.jpg
A32: 10&20 - R.P.E | B32: 03S550 - Peneira | C32: Motoredutor | D32: 03-ES-550-M01 | E32: Peneira Rotativa | F32: Pré-Comissionamento | G32: Conforme | H32: Gleymilson Alves Bezerra - 02/02/2026 16:19:01 | I32: Conforme | J32: Gleymilson Alves Bezerra - 02/02/2026 16:19:20 | K32: Conforme | L32: Gleymilson Alves Bezerra - 02/02/2026 16:19:32 | M32: Conforme | N32: Gleymilson Alves Bezerra - 02/02/2026 16:19:38 | O32: Conforme | P32: Gleymilson Alves Bezerra - 02/02/2026 16:19:44 | Q32: Conforme | R32: Gleymilson Alves Bezerra - 02/02/2026 16:19:47 | S32: Conforme | T32: Gleymilson Alves Bezerra - 02/02/2026 16:20:05 | U32: Conforme | V32: Gleymilson Alves Bezerra - 02/02/2026 16:20:09 | W32: Conforme | X32: Gleymilson Alves Bezerra - 02/02/2026 16:20:17 | Y32: Conforme | Z32: Gleymilson Alves Bezerra - 02/02/2026 16:20:29 | AA32: Conforme | AB32: Gleymilson Alves Bezerra - 02/02/2026 16:20:34 | AC32: Conforme | AD32: Gleymilson Alves Bezerra - 02/02/2026 16:20:51 | AE32: Conforme | AF32: Gleymilson Alves Bezerra - 02/02/2026 16:21:13 | BS32: Não | BT32: Sim | BU32: 46055.68 | BV32: Sim | BW32: 46055.681 | BX32: Sim | BY32: 46055.681 | BZ32: Comissionamento Estático | CA32: Conforme | CB32: Roniel Figueiredo - 05/03/2026 08:26:19 | CC32: Conforme | CD32: Roniel Figueiredo - 05/03/2026 08:26:21 | CE32: Conforme | CF32: Roniel Figueiredo - 05/03/2026 08:26:25 | CG32: Conforme | CH32: Roniel Figueiredo - 05/03/2026 08:26:27 | DE32: Não | DF32: Sim | DG32: 46086.352 | DH32: Sim | DI32: 46086.352 | DJ32: Sim | DK32: 46086.352 | DL32: Dinâmico Frio | DM32: Conforme | DN32: Roniel Figueiredo - 02/04/2026 09:26:16 | DO32: Conforme | DP32: Roniel Figueiredo - 02/04/2026 09:26:17 | DQ32: Conforme | DR32: Roniel Figueiredo - 02/04/2026 09:26:24 | DS32: Conforme | DT32: Roniel Figueiredo - 02/04/2026 09:26:20 | DU32: Conforme | DV32: Roniel Figueiredo - 02/04/2026 09:26:21 | EI32: Não | EJ32: Sim | EK32: 46114.393 | EL32: Dinâmico Quente | FI32: Não | FJ32: Não | FN32: Pendente | FP32: Roniel Figueiredo - 02/04/2026 09:26:24 | FQ32: Base de Dados_Images/03-ES-550-M01.Imagem do Equipamento-.191852.jpg | FR32: Gleymilson Alves Bezerra - 02/02/2026 16:19:01 | FU32: =FQ32 -> Base de Dados_Images/03-ES-550-M01.Imagem do Equipamento-.191852.jpg
A33: 10&20 - R.P.E | B33: 03S550 - Peneira | C33: Peneira Rotativa/Difusor | D33: 03S550 | E33: Peneira Rotativa | F33: Pré-Comissionamento | G33: Conforme | H33: Gleymilson Alves Bezerra - 02/02/2026 16:20:26 | I33: Conforme | J33: Gleymilson Alves Bezerra - 02/02/2026 16:20:30 | K33: Conforme | L33: Gleymilson Alves Bezerra - 02/02/2026 16:20:40 | M33: Conforme | N33: Gleymilson Alves Bezerra - 02/02/2026 16:20:44 | O33: Conforme | P33: Gleymilson Alves Bezerra - 02/02/2026 16:20:50 | Q33: Conforme | R33: Gleymilson Alves Bezerra - 02/02/2026 16:20:55 | S33: Conforme | T33: Gleymilson Alves Bezerra - 02/02/2026 16:21:33 | U33: Conforme | V33: Gleymilson Alves Bezerra - 02/02/2026 16:22:06 | W33: Conforme | X33: Gleymilson Alves Bezerra - 02/02/2026 16:22:15 | Y33: Conforme | Z33: Gleymilson Alves Bezerra - 02/02/2026 16:22:21 | AA33: Conforme | AB33: Gleymilson Alves Bezerra - 02/02/2026 16:22:26 | AC33: Conforme | AD33: Gleymilson Alves Bezerra - 02/02/2026 16:22:47 | AE33: Conforme | AF33: Gleymilson Alves Bezerra - 02/02/2026 16:22:59 | AG33: Conforme | AH33: Gleymilson Alves Bezerra - 02/02/2026 16:23:05 | AI33: Conforme | AJ33: Gleymilson Alves Bezerra - 02/02/2026 16:23:09 | BS33: Não | BT33: Sim | BU33: 46055.682 | BV33: Sim | BW33: 46055.683 | BX33: Sim | BY33: 46055.683 | BZ33: Comissionamento Estático | CA33: Conforme | CB33: Roniel Figueiredo - 05/03/2026 08:26:39 | CC33: Conforme | CD33: Roniel Figueiredo - 05/03/2026 08:26:41 | CE33: Conforme | CF33: Roniel Figueiredo - 05/03/2026 08:26:44 | CG33: Conforme | CH33: Roniel Figueiredo - 05/03/2026 08:26:46 | DE33: Não | DF33: Sim | DG33: 46086.352 | DH33: Sim | DI33: 46086.352 | DJ33: Sim | DK33: 46086.352 | DL33: Dinâmico Frio | DM33: Conforme | DN33: Roniel Figueiredo - 02/04/2026 09:26:47 | DO33: Conforme | DP33: Roniel Figueiredo - 02/04/2026 09:26:49 | DQ33: Conforme | DR33: Roniel Figueiredo - 02/04/2026 09:26:50 | EI33: Não | EJ33: Sim | EK33: 46114.394 | EL33: Dinâmico Quente | FI33: Não | FJ33: Não | FN33: Pendente | FP33: Roniel Figueiredo - 02/04/2026 09:26:50 | FQ33: Base de Dados_Images/03S550.Imagem do Equipamento-.192020.jpg | FR33: Gleymilson Alves Bezerra - 02/02/2026 16:20:55 | FU33: =FQ33 -> Base de Dados_Images/03S550.Imagem do Equipamento-.192020.jpg
A34: 10&20 - R.P.E | B34: 03T590 - Tanque de condensado dos aquecedores | C34: Motor E Bomba | D34: 03-ES-170-M01 | E34: Bomba De Condensado | F34: Pré-Comissionamento | G34: Conforme | H34: Roniel Figueiredo - 04/04/2026 10:26:57 | I34: Conforme | J34: Roniel Figueiredo - 04/04/2026 10:26:59 | K34: Conforme | L34: Roniel Figueiredo - 04/04/2026 10:27:02 | M34: Conforme | N34: Roniel Figueiredo - 04/04/2026 10:27:05 | O34: Conforme | P34: Roniel Figueiredo - 04/04/2026 10:27:08 | Q34: Conforme | R34: Roniel Figueiredo - 04/04/2026 10:27:10 | S34: Conforme | T34: Roniel Figueiredo - 04/04/2026 10:27:13 | U34: Conforme | V34: Roniel Figueiredo - 04/04/2026 10:27:27 | W34: Conforme | X34: Roniel Figueiredo - 04/04/2026 10:27:28 | Y34: Conforme | Z34: Roniel Figueiredo - 04/04/2026 10:27:34 | AA34: Conforme | AB34: Roniel Figueiredo - 04/04/2026 10:27:38 | AC34: Conforme | AD34: Roniel Figueiredo - 04/04/2026 10:27:36 | AE34: Conforme | AF34: Roniel Figueiredo - 04/04/2026 10:27:42 | AG34: Conforme | AH34: Roniel Figueiredo - 04/04/2026 10:27:44 | AI34: Conforme | AJ34: Roniel Figueiredo - 04/04/2026 10:27:51 | AK34: Conforme | AL34: Roniel Figueiredo - 04/04/2026 10:27:52 | AM34: Conforme | AN34: Roniel Figueiredo - 04/04/2026 10:28:06 | AO34: Conforme | AP34: Roniel Figueiredo - 04/04/2026 10:27:57 | BS34: Não | BT34: Sim | BU34: 46116.436 | BV34: Sim | BW34: 46116.436 | BX34: Sim | BY34: 46116.436 | BZ34: Comissionamento Estático | CA34: Conforme | CB34: Roniel Figueiredo - 04/04/2026 10:32:23 | CC34: Conforme | CD34: Roniel Figueiredo - 04/04/2026 10:32:25 | CE34: Conforme | CF34: Roniel Figueiredo - 04/04/2026 10:32:26 | CG34: Conforme | CH34: Roniel Figueiredo - 04/04/2026 10:32:29 | CI34: Conforme | CJ34: Roniel Figueiredo - 04/04/2026 10:32:30 | CK34: Conforme | CL34: Roniel Figueiredo - 04/04/2026 10:32:31 | DE34: Não | DF34: Sim | DG34: 46116.439 | DH34: Sim | DI34: 46116.439 | DJ34: Sim | DK34: 46116.439 | DL34: Dinâmico Frio | EI34: Não | EJ34: Não | EL34: Dinâmico Quente | FI34: Não | FJ34: Não | FN34: Pendente | FP34: Roniel Figueiredo - 04/04/2026 10:32:31 | FQ34: Base de Dados_Images/03-ES-170-M01.Imagem do Equipamento-.133237.jpg | FR34: Roniel Figueiredo - 04/04/2026 10:32:31 | FS34: Base de Dados_Images/03-ES-170-M01.Imagem da Plaqueta do Motor-.133243.jpg | FT34: Roniel Figueiredo - 04/04/2026 10:32:31 | FU34: =FQ34 -> Base de Dados_Images/03-ES-170-M01.Imagem do Equipamento-.133237.jpg
A35: 10&20 - R.P.E | B35: 03T590 - Tanque de condensado dos aquecedores | C35: Tanque | D35: 03T590 | E35: Tanque De Condensado Dos Aquecedores | F35: Pré-Comissionamento | G35: Conforme | H35: Roniel Figueiredo - 14/03/2026 12:05:14 | I35: Conforme | J35: Roniel Figueiredo - 14/03/2026 12:05:19 | K35: Conforme | L35: Roniel Figueiredo - 14/03/2026 12:05:26 | M35: Conforme | N35: Roniel Figueiredo - 14/03/2026 12:05:38 | O35: Conforme | P35: Roniel Figueiredo - 14/03/2026 12:05:46 | Q35: Conforme | R35: Roniel Figueiredo - 14/03/2026 12:05:49 | S35: Conforme | T35: Roniel Figueiredo - 14/03/2026 12:05:55 | U35: Conforme | V35: Roniel Figueiredo - 14/03/2026 12:05:58 | W35: Conforme | X35: Roniel Figueiredo - 14/03/2026 12:06:00 | BS35: Não | BT35: Sim | BU35: 46095.504 | BV35: Sim | BW35: 46095.504 | BX35: Sim | BY35: 46095.504 | BZ35: Comissionamento Estático | DE35: Não | DF35: Não Aplica | DH35: Não Aplica | DJ35: Não Aplica | DL35: Dinâmico Frio | DM35: Conforme | DN35: Roniel Figueiredo - 30/03/2026 12:08:15 | DO35: Não Conforme | DP35: Roniel Figueiredo - 30/03/2026 12:08:19 | EI35: Sim | EJ35: Não | EL35: Dinâmico Quente | FI35: Não | FJ35: Não | FL35: Vazamento na parte superior do tanque | FM35: Roniel Figueiredo - 30/03/2026 12:08:55 | FN35: Pendente | FP35: Roniel Figueiredo - 30/03/2026 12:08:55 | FQ35: Base de Dados_Images/03T590.Imagem do Equipamento-.150508.jpg | FR35: Roniel Figueiredo - 14/03/2026 12:06:00 | FU35: =FQ35 -> Base de Dados_Images/03T590.Imagem do Equipamento-.150508.jpg
A36: 10&20 - R.P.E | B36: 03T590 - Tanque de condensado dos aquecedores | C36: Transmissor | D36: 03-TIT-590-B01 | E36: Temperatura Tanque De Condensado | F36: Pré-Comissionamento | G36: Conforme | H36: Ana Clara Santos Jacinto Andrade Jeronimo - 30/01/2026 10:43:29 | I36: Conforme | J36: Ana Clara Santos Jacinto Andrade Jeronimo - 30/01/2026 10:43:33 | K36: Conforme | L36: Ana Clara Santos Jacinto Andrade Jeronimo - 30/01/2026 10:43:38 | M36: Conforme | N36: Ana Clara Santos Jacinto Andrade Jeronimo - 30/01/2026 10:43:41 | BS36: Não | BT36: Sim | BU36: 46052.447 | BV36: Sim | BW36: 46052.447 | BX36: Sim | BY36: 46052.447 | BZ36: Comissionamento Estático | CA36: Conforme | CB36: Roniel Figueiredo - 25/03/2026 10:55:32 | CC36: Conforme | CD36: Roniel Figueiredo - 25/03/2026 10:55:33 | CE36: Conforme | CF36: Roniel Figueiredo - 25/03/2026 10:55:34 | DE36: Não | DF36: Não Aplica | DH36: Sim | DI36: 46106.455 | DJ36: Sim | DK36: 46106.455 | DL36: Dinâmico Frio | DM36: Conforme | DN36: Roniel Figueiredo - 03/04/2026 10:48:02 | DO36: Conforme | DP36: Roniel Figueiredo - 03/04/2026 10:48:04 | EI36: Não | EJ36: Sim | EK36: 46115.45 | EL36: Dinâmico Quente | FI36: Não | FJ36: Não | FN36: Pendente | FP36: Roniel Figueiredo - 03/04/2026 10:48:04 | FQ36: Base de Dados_Images/03-TIT-590-B01.Imagem do Equipamento-.134434.jpg | FR36: Ana Clara Santos Jacinto Andrade Jeronimo - 30/01/2026 10:43:41 | FU36: =FQ36 -> Base de Dados_Images/03-TIT-590-B01.Imagem do Equipamento-.134434.jpg
A37: 10&20 - R.P.E | B37: 03T590 - Tanque de condensado dos aquecedores | C37: Transmissor | D37: 03-FIT-170-B01 | E37: Vazão Tanque De Condensado | F37: Pré-Comissionamento | G37: Não Conforme | H37: Roniel Figueiredo - 13/03/2026 08:18:17 | I37: Não Conforme | J37: Roniel Figueiredo - 13/03/2026 08:18:26 | K37: Não Conforme | L37: Roniel Figueiredo - 13/03/2026 08:18:31 | M37: Não Conforme | N37: Roniel Figueiredo - 13/03/2026 08:18:34 | BS37: Sim | BT37: Não | BV37: Não | BX37: Não | BZ37: Comissionamento Estático | CA37: Conforme | CB37: Roniel Figueiredo - 30/03/2026 09:05:04 | CC37: Não Conforme | CD37: Roniel Figueiredo - 30/03/2026 09:05:05 | CE37: Não Conforme | CF37: Roniel Figueiredo - 30/03/2026 09:05:09 | DE37: Sim | DF37: Não Aplica | DH37: Não | DJ37: Não | DL37: Dinâmico Frio | DM37: Não Conforme | DN37: Roniel Figueiredo - 03/04/2026 11:00:45 | DO37: Não Conforme | DP37: Roniel Figueiredo - 03/04/2026 11:00:47 | EI37: Sim | EJ37: Não | EL37: Dinâmico Quente | FI37: Não | FJ37: Não | FL37: Equipamento fora do local | FM37: Roniel Figueiredo - 13/03/2026 08:18:13 | FN37: Pendente | FP37: Roniel Figueiredo - 03/04/2026 11:00:47 | FQ37: Base de Dados_Images/03-FIT-170-B01.Imagem do Equipamento-.125743.jpg | FR37: Roniel Figueiredo - 13/03/2026 08:18:34 | FU37: =FQ37 -> Base de Dados_Images/03-FIT-170-B01.Imagem do Equipamento-.125743.jpg
A38: 10&20 - R.P.E | B38: 03T590 - Tanque de condensado dos aquecedores | C38: Transmissor | D38: 03-LIT-590-B01 | E38: Nível Tanque De Condensado | F38: Pré-Comissionamento | G38: Conforme | H38: Ana Clara Santos Jacinto Andrade Jeronimo - 30/01/2026 10:25:37 | I38: Conforme | J38: Ana Clara Santos Jacinto Andrade Jeronimo - 30/01/2026 10:25:40 | K38: Conforme | L38: Ana Clara Santos Jacinto Andrade Jeronimo - 30/01/2026 10:25:44 | M38: Conforme | N38: Ana Clara Santos Jacinto Andrade Jeronimo - 30/01/2026 10:25:51 | BS38: Não | BT38: Sim | BU38: 46052.434 | BV38: Sim | BW38: 46052.435 | BX38: Sim | BY38: 46052.435 | BZ38: Comissionamento Estático | CA38: Conforme | CB38: Roniel Figueiredo - 25/03/2026 10:56:11 | CC38: Conforme | CD38: Roniel Figueiredo - 25/03/2026 10:56:13 | CE38: Conforme | CF38: Roniel Figueiredo - 25/03/2026 10:56:15 | DE38: Não | DF38: Não Aplica | DH38: Sim | DI38: 46106.456 | DJ38: Sim | DK38: 46106.456 | DL38: Dinâmico Frio | DM38: Conforme | DN38: Roniel Figueiredo - 02/04/2026 08:57:24 | DO38: Conforme | DP38: Roniel Figueiredo - 02/04/2026 08:57:25 | EI38: Não | EJ38: Sim | EK38: 46114.373 | EL38: Dinâmico Quente | FI38: Não | FJ38: Não | FN38: Pendente | FP38: Roniel Figueiredo - 02/04/2026 08:57:25 | FQ38: Base de Dados_Images/03-LIT-590-B01.Imagem do Equipamento-.134654.jpg | FR38: Ana Clara Santos Jacinto Andrade Jeronimo - 30/01/2026 10:46:48 | FU38: =FQ38 -> Base de Dados_Images/03-LIT-590-B01.Imagem do Equipamento-.134654.jpg
A39: 10&20 - R.P.E | B39: 03T590 - Tanque de condensado dos aquecedores | C39: Transmissor | D39: 03-LIT-590-B01/03-LCV-590 | E39: Válvula De Controle Nível Tanque De Condensado | F39: Pré-Comissionamento | G39: Conforme | H39: Ana Clara Santos Jacinto Andrade Jeronimo - 30/01/2026 10:24:10 | I39: Conforme | J39: Ana Clara Santos Jacinto Andrade Jeronimo - 30/01/2026 10:24:27 | K39: Conforme | L39: Ana Clara Santos Jacinto Andrade Jeronimo - 30/01/2026 10:24:29 | M39: Conforme | N39: Ana Clara Santos Jacinto Andrade Jeronimo - 30/01/2026 10:24:36 | BS39: Não | BT39: Sim | BU39: 46052.433 | BV39: Sim | BW39: 46052.434 | BX39: Sim | BY39: 46052.434 | BZ39: Comissionamento Estático | CA39: Conforme | CB39: Roniel Figueiredo - 25/03/2026 11:04:23 | CC39: Conforme | CD39: Roniel Figueiredo - 25/03/2026 11:04:24 | CE39: Conforme | CF39: Roniel Figueiredo - 25/03/2026 11:04:25 | DE39: Não | DF39: Não Aplica | DH39: Sim | DI39: 46106.461 | DJ39: Sim | DK39: 46106.461 | DL39: Dinâmico Frio | DM39: Conforme | DN39: Roniel Figueiredo - 02/04/2026 08:57:43 | DO39: Conforme | DP39: Roniel Figueiredo - 02/04/2026 08:57:44 | EI39: Não | EJ39: Sim | EK39: 46114.373 | EL39: Dinâmico Quente | FI39: Não | FJ39: Não | FN39: Pendente | FP39: Roniel Figueiredo - 02/04/2026 08:57:44 | FQ39: Base de Dados_Images/03-LIT-590-B01-03-LCV-590.Imagem do Equipamento-.132406.jpg | FR39: Ana Clara Santos Jacinto Andrade Jeronimo - 30/01/2026 10:24:36 | FU39: =FQ39 -> Base de Dados_Images/03-LIT-590-B01-03-LCV-590.Imagem do Equipamento-.132406.jpg
A40: 10&20 - R.P.E | B40: 03T590 - Tanque de condensado dos aquecedores | C40: Válvula Pneumatica | D40: 03-KS-590-Y01 | E40: Condensado Para Limpeza Da Peneira Rotativa | F40: Pré-Comissionamento | G40: Conforme | H40: Ana Clara Santos Jacinto Andrade Jeronimo - 30/01/2026 10:47:57 | I40: Conforme | J40: Ana Clara Santos Jacinto Andrade Jeronimo - 30/01/2026 10:47:59 | K40: Conforme | L40: Gilmar de Sousa - 04/02/2026 08:49:51 | M40: Conforme | N40: Ana Clara Santos Jacinto Andrade Jeronimo - 30/01/2026 10:48:20 | O40: Conforme | P40: Ana Clara Santos Jacinto Andrade Jeronimo - 30/01/2026 10:48:28 | Q40: Conforme | R40: Ana Clara Santos Jacinto Andrade Jeronimo - 30/01/2026 10:48:43 | S40: Conforme | T40: Ana Clara Santos Jacinto Andrade Jeronimo - 30/01/2026 10:48:33 | U40: Conforme | V40: Ana Clara Santos Jacinto Andrade Jeronimo - 30/01/2026 10:48:38 | BS40: Não | BT40: Não Aplica | BV40: Sim | BW40: 46057.368 | BX40: Sim | BY40: 46057.368 | BZ40: Comissionamento Estático | CA40: Conforme | CB40: Roniel Figueiredo - 07/04/2026 15:10:58 | CC40: Conforme | CD40: Roniel Figueiredo - 07/04/2026 15:10:59 | DE40: Não | DF40: Não Aplica | DH40: Sim | DI40: 46119.633 | DJ40: Sim | DK40: 46119.633 | DL40: Dinâmico Frio | DM40: Conforme | DN40: Roniel Figueiredo - 07/04/2026 15:11:07 | EI40: Não | EJ40: Sim | EK40: 46119.633 | EL40: Dinâmico Quente | FI40: Não | FJ40: Não | FN40: Pendente | FP40: Roniel Figueiredo - 07/04/2026 15:11:07 | FQ40: Base de Dados_Images/03-KS-590-Y01.Imagem do Equipamento-.134747.jpg | FR40: Ana Clara Santos Jacinto Andrade Jeronimo - 30/01/2026 10:48:43 | FU40: =FQ40 -> Base de Dados_Images/03-KS-590-Y01.Imagem do Equipamento-.134747.jpg
A41: 10&20 - R.P.E | B41: 03T590 - Tanque de condensado dos aquecedores | C41: Válvula Pneumatica | D41: 03-KS-590-Y02 | E41: Temperatura Do Caldo Na Saida Do Aquecedor Aq-3021 | F41: Pré-Comissionamento | G41: Conforme | H41: Gilmar de Sousa - 04/02/2026 10:07:52 | I41: Conforme | J41: Ana Clara Santos Jacinto Andrade Jeronimo - 30/01/2026 10:50:32 | K41: Conforme | L41: Ana Clara Santos Jacinto Andrade Jeronimo - 30/01/2026 10:50:38 | M41: Conforme | N41: Ana Clara Santos Jacinto Andrade Jeronimo - 30/01/2026 10:50:45 | O41: Conforme | P41: Ana Clara Santos Jacinto Andrade Jeronimo - 30/01/2026 10:50:50 | Q41: Conforme | R41: Ana Clara Santos Jacinto Andrade Jeronimo - 30/01/2026 10:50:57 | S41: Conforme | T41: Ana Clara Santos Jacinto Andrade Jeronimo - 30/01/2026 10:51:03 | U41: Conforme | V41: Ana Clara Santos Jacinto Andrade Jeronimo - 30/01/2026 10:51:04 | BS41: Não | BT41: Não Aplica | BV41: Sim | BW41: 46057.422 | BX41: Sim | BY41: 46057.422 | BZ41: Comissionamento Estático | CA41: Conforme | CB41: Roniel Figueiredo - 07/04/2026 15:12:21 | CC41: Conforme | CD41: Roniel Figueiredo - 07/04/2026 15:12:21 | DE41: Não | DF41: Não Aplica | DH41: Sim | DI41: 46119.634 | DJ41: Sim | DK41: 46119.634 | DL41: Dinâmico Frio | DM41: Conforme | DN41: Roniel Figueiredo - 07/04/2026 15:12:27 | EI41: Não | EJ41: Sim | EK41: 46119.634 | EL41: Dinâmico Quente | FI41: Não | FJ41: Não | FN41: Pendente | FP41: Roniel Figueiredo - 07/04/2026 15:12:27 | FQ41: Base de Dados_Images/03-KS-590-Y02.Imagem do Equipamento-.135000.jpg | FR41: Ana Clara Santos Jacinto Andrade Jeronimo - 30/01/2026 10:51:04 | FU41: =FQ41 -> Base de Dados_Images/03-KS-590-Y02.Imagem do Equipamento-.135000.jpg
A42: 10&20 - R.P.E | B42: 03T770 - Tanque de Caldo Prensado | C42: Motor E Bomba | D42: 03-ES-820-M01 | E42: Bomba De Recirculação Caldo Residual Prensagem | F42: Pré-Comissionamento | G42: Conforme | H42: Roniel Figueiredo - 03/04/2026 09:55:33 | I42: Conforme | J42: Roniel Figueiredo - 03/04/2026 09:55:34 | K42: Conforme | L42: Roniel Figueiredo - 03/04/2026 09:55:37 | M42: Conforme | N42: Roniel Figueiredo - 03/04/2026 09:55:39 | O42: Conforme | P42: Roniel Figueiredo - 03/04/2026 09:55:42 | Q42: Conforme | R42: Roniel Figueiredo - 03/04/2026 09:55:46 | S42: Conforme | T42: Roniel Figueiredo - 03/04/2026 09:55:48 | U42: Conforme | V42: Roniel Figueiredo - 03/04/2026 09:55:49 | W42: Não Aplicável | X42: Roniel Figueiredo - 03/04/2026 09:56:24 | Y42: Não Aplicável | Z42: Roniel Figueiredo - 03/04/2026 09:56:28 | AA42: Conforme | AB42: Roniel Figueiredo - 03/04/2026 09:56:38 | AC42: Conforme | AD42: Roniel Figueiredo - 03/04/2026 09:56:41 | AE42: Conforme | AF42: Roniel Figueiredo - 03/04/2026 09:56:42 | AG42: Não Aplicável | AH42: Roniel Figueiredo - 03/04/2026 09:56:52 | AI42: Conforme | AJ42: Roniel Figueiredo - 03/04/2026 09:56:55 | AK42: Conforme | AL42: Roniel Figueiredo - 03/04/2026 09:57:05 | AM42: Conforme | AN42: Roniel Figueiredo - 03/04/2026 09:57:09 | AO42: Conforme | AP42: Roniel Figueiredo - 03/04/2026 09:57:13 | BS42: Não | BT42: Sim | BU42: 46115.414 | BV42: Sim | BW42: 46115.415 | BX42: Sim | BY42: 46115.415 | BZ42: Comissionamento Estático | DE42: Não | DF42: Não | DH42: Não | DJ42: Não | DL42: Dinâmico Frio | EI42: Não | EJ42: Não | EL42: Dinâmico Quente | FI42: Não | FJ42: Não | FN42: Pendente | FP42: Roniel Figueiredo - 03/04/2026 09:57:13 | FQ42: Base de Dados_Images/03-ES-820-M01.Imagem do Equipamento-.125530.jpg | FR42: Roniel Figueiredo - 03/04/2026 09:57:13 | FU42: =FQ42 -> Base de Dados_Images/03-ES-820-M01.Imagem do Equipamento-.125530.jpg
A43: 10&20 - R.P.E | B43: 03T770 - Tanque de Caldo Prensado | C43: Motor E Bomba | D43: 03-ES-820-M02 | E43: Bomba De Recirculação Caldo Residual Prensagem | F43: Pré-Comissionamento | G43: Conforme | H43: Roniel Figueiredo - 03/04/2026 09:59:53 | I43: Conforme | J43: Roniel Figueiredo - 03/04/2026 09:59:55 | K43: Conforme | L43: Roniel Figueiredo - 03/04/2026 10:03:55 | M43: Conforme | N43: Roniel Figueiredo - 03/04/2026 10:03:36 | O43: Conforme | P43: Roniel Figueiredo - 03/04/2026 10:04:03 | Q43: Conforme | R43: Roniel Figueiredo - 03/04/2026 10:03:57 | S43: Conforme | T43: Roniel Figueiredo - 03/04/2026 10:04:05 | U43: Conforme | V43: Roniel Figueiredo - 03/04/2026 10:04:09 | W43: Conforme | X43: Roniel Figueiredo - 03/04/2026 10:04:11 | Y43: Não Aplicável | Z43: Roniel Figueiredo - 03/04/2026 10:04:15 | AA43: Conforme | AB43: Roniel Figueiredo - 03/04/2026 10:04:19 | AC43: Conforme | AD43: Roniel Figueiredo - 03/04/2026 10:04:22 | AE43: Conforme | AF43: Roniel Figueiredo - 03/04/2026 10:04:24 | AG43: Conforme | AH43: Roniel Figueiredo - 03/04/2026 10:04:26 | AI43: Conforme | AJ43: Roniel Figueiredo - 03/04/2026 10:04:29 | AK43: Conforme | AL43: Roniel Figueiredo - 03/04/2026 10:04:30 | AM43: Conforme | AN43: Roniel Figueiredo - 03/04/2026 10:04:33 | AO43: Conforme | AP43: Roniel Figueiredo - 03/04/2026 10:04:35 | BS43: Não | BT43: Sim | BU43: 46115.42 | BV43: Sim | BW43: 46115.42 | BX43: Sim | BY43: 46115.42 | BZ43: Comissionamento Estático | DE43: Não | DF43: Não | DH43: Não | DJ43: Não | DL43: Dinâmico Frio | EI43: Não | EJ43: Não | EL43: Dinâmico Quente | FI43: Não | FJ43: Não | FN43: Pendente | FP43: Roniel Figueiredo - 03/04/2026 10:04:35 | FQ43: Base de Dados_Images/03-ES-820-M02.Imagem do Equipamento-.125939.jpg | FR43: Roniel Figueiredo - 03/04/2026 09:59:55 | FS43: Base de Dados_Images/03-ES-820-M02.Imagem da Plaqueta do Motor-.125939.jpg | FT43: Roniel Figueiredo - 03/04/2026 09:59:55 | FU43: =FQ43 -> Base de Dados_Images/03-ES-820-M02.Imagem do Equipamento-.125939.jpg
A44: 10&20 - R.P.E | B44: 03T770 - Tanque de Caldo Prensado | C44: Tanque | D44: 03T770 | E44: Tanque De Caldo Prensado | F44: Pré-Comissionamento | BS44: Não | BT44: Não | BV44: Não | BX44: Não | BZ44: Comissionamento Estático | DE44: Não | DF44: Não Aplica | DH44: Não Aplica | DJ44: Não Aplica | DL44: Dinâmico Frio | EI44: Não | EJ44: Não | EL44: Dinâmico Quente | FI44: Não | FJ44: Não | FN44: Pendente | FU44: =FQ44
A45: 10&20 - R.P.E | B45: 03T770 - Tanque de Caldo Prensado | C45: Transmissor | D45: 03-LIT-770-B01 | E45: Nível Do Tanque De Desaguamento | F45: Pré-Comissionamento | G45: Conforme | H45: Gilmar de Sousa - 27/03/2026 15:18:25 | I45: Conforme | J45: Gilmar de Sousa - 27/03/2026 15:18:09 | K45: Conforme | L45: Gilmar de Sousa - 27/03/2026 15:18:11 | M45: Conforme | N45: Gilmar de Sousa - 27/03/2026 15:18:22 | BS45: Não | BT45: Sim | BU45: 46108.638 | BV45: Sim | BW45: 46108.638 | BX45: Sim | BY45: 46108.638 | BZ45: Comissionamento Estático | DE45: Não | DF45: Não Aplica | DH45: Não | DJ45: Não | DL45: Dinâmico Frio | EI45: Não | EJ45: Não | EL45: Dinâmico Quente | FI45: Não | FJ45: Não | FN45: Pendente | FP45: Gilmar de Sousa - 27/03/2026 15:18:25 | FQ45: Base de Dados_Images/03-LIT-770-B01.Imagem do Equipamento-.181803.jpg | FR45: Gilmar de Sousa - 27/03/2026 15:18:25 | FU45: =FQ45 -> Base de Dados_Images/03-LIT-770-B01.Imagem do Equipamento-.181803.jpg
A46: 10&20 - R.P.E | B46: 03T770 - Tanque de Caldo Prensado | C46: Transmissor | D46: 03-LSH-770-B01 | E46: Chave De Nivel Alto Nível Do Tanque De Desaguamento | F46: Pré-Comissionamento | G46: Não Conforme | H46: Roniel Figueiredo - 03/04/2026 10:06:02 | I46: Não Conforme | J46: Roniel Figueiredo - 03/04/2026 10:06:10 | K46: Não Conforme | L46: Roniel Figueiredo - 03/04/2026 10:06:22 | M46: Não Conforme | N46: Roniel Figueiredo - 03/04/2026 10:06:25 | BS46: Sim | BT46: Não | BV46: Não | BX46: Não | BZ46: Comissionamento Estático | DE46: Não | DF46: Não Aplica | DH46: Não | DJ46: Não | DL46: Dinâmico Frio | EI46: Não | EJ46: Não | EL46: Dinâmico Quente | FI46: Não | FJ46: Não | FL46: Não é um transmisor. O mesmo é uma lógica do controle nível tanque desaguamento. | FM46: Roniel Figueiredo - 03/04/2026 10:08:52 | FN46: Pendente | FP46: Roniel Figueiredo - 03/04/2026 10:08:52 | FU46: =FQ46 | FV46: Registro Impossibilitado | FW46: Roniel Figueiredo - 03/28/2026 09:05:07
A49: 10&20 - R.P.E | B49: 03T910 - Tanque de Caldo Misto Etanol | C49: Tanque | D49: 03T910 | E49: Tanque De Caldo Misto Etanol | F49: Pré-Comissionamento | G49: Conforme | H49: Roniel Figueiredo - 21/03/2026 13:19:06 | I49: Conforme | J49: Roniel Figueiredo - 21/03/2026 13:19:14 | K49: Conforme | L49: Roniel Figueiredo - 21/03/2026 13:19:18 | M49: Conforme | N49: Roniel Figueiredo - 21/03/2026 13:19:21 | O49: Conforme | P49: Roniel Figueiredo - 21/03/2026 13:19:29 | Q49: Conforme | R49: Roniel Figueiredo - 21/03/2026 13:19:32 | S49: Conforme | T49: Roniel Figueiredo - 21/03/2026 13:19:35 | U49: Conforme | V49: Roniel Figueiredo - 21/03/2026 13:19:39 | W49: Conforme | X49: Roniel Figueiredo - 21/03/2026 13:19:41 | BS49: Não | BT49: Sim | BU49: 46102.555 | BV49: Sim | BW49: 46102.555 | BX49: Sim | BY49: 46102.555 | BZ49: Comissionamento Estático | DE49: Não | DF49: Não Aplica | DH49: Não Aplica | DJ49: Não Aplica | DL49: Dinâmico Frio | DM49: Conforme | DN49: Roniel Figueiredo - 28/03/2026 08:51:56 | DO49: Conforme | DP49: Suélen Da Silva Rezende E Sousa - 03/04/2026 11:05:59 | EI49: Não | EJ49: Sim | EK49: 46115.462 | EL49: Dinâmico Quente | FI49: Não | FJ49: Não | FL49: Um Vazamento no tanque e um na tubulação de sucção da bomba. | FM49: Roniel Figueiredo - 28/03/2026 09:00:33 | FN49: Pendente | FP49: Suélen Da Silva Rezende E Sousa - 03/04/2026 11:05:59 | FQ49: Base de Dados_Images/03T910.Imagem do Equipamento-.161902.jpg | FR49: Roniel Figueiredo - 21/03/2026 13:19:41 | FU49: =FQ49 -> Base de Dados_Images/03T910.Imagem do Equipamento-.161902.jpg
A50: 10&20 - R.P.E | B50: 03T910 - Tanque de Caldo Misto Etanol | C50: Transmissor | D50: 03-LIT-910-B01 | E50: Nível Tanque De Caldo Misto | F50: Pré-Comissionamento | G50: Conforme | H50: Roniel Figueiredo - 27/03/2026 09:58:26 | I50: Conforme | J50: Roniel Figueiredo - 27/03/2026 09:58:29 | K50: Conforme | L50: Roniel Figueiredo - 27/03/2026 09:58:32 | M50: Conforme | N50: Roniel Figueiredo - 27/03/2026 09:58:36 | BS50: Não | BT50: Sim | BU50: 46108.416 | BV50: Sim | BW50: 46108.416 | BX50: Sim | BY50: 46108.416 | BZ50: Comissionamento Estático | CA50: Conforme | CB50: Roniel Figueiredo - 27/03/2026 09:58:44 | CC50: Conforme | CD50: Roniel Figueiredo - 27/03/2026 09:58:46 | CE50: Conforme | CF50: Roniel Figueiredo - 27/03/2026 09:58:49 | DE50: Não | DF50: Não Aplica | DH50: Sim | DI50: 46108.416 | DJ50: Sim | DK50: 46108.416 | DL50: Dinâmico Frio | DM50: Conforme | DN50: Roniel Figueiredo - 28/03/2026 09:00:41 | DO50: Conforme | DP50: Roniel Figueiredo - 28/03/2026 09:00:43 | EI50: Não | EJ50: Sim | EK50: 46109.375 | EL50: Dinâmico Quente | FI50: Não | FJ50: Não | FN50: Pendente | FP50: Roniel Figueiredo - 28/03/2026 09:00:43 | FQ50: Base de Dados_Images/03-LIT-910-B01.Imagem do Equipamento-.133617.jpg | FR50: Roniel Figueiredo - 27/03/2026 09:58:49 | FU50: =FQ50 -> Base de Dados_Images/03-LIT-910-B01.Imagem do Equipamento-.133617.jpg
A51: 10&20 - R.P.E | B51: 03T910 - Tanque de Caldo Misto Etanol | C51: Transmissor | D51: 03-PIT-905-B01 | E51: Pressão Linha De Caldo Misto | F51: Pré-Comissionamento | G51: Conforme | H51: Roniel Figueiredo - 21/03/2026 13:20:28 | I51: Conforme | J51: Roniel Figueiredo - 21/03/2026 13:20:31 | K51: Conforme | L51: Roniel Figueiredo - 21/03/2026 13:20:34 | M51: Conforme | N51: Roniel Figueiredo - 21/03/2026 13:20:36 | BS51: Não | BT51: Sim | BU51: 46102.556 | BV51: Sim | BW51: 46102.556 | BX51: Sim | BY51: 46102.556 | BZ51: Comissionamento Estático | CA51: Conforme | CB51: Roniel Figueiredo - 25/03/2026 11:06:37 | CC51: Conforme | CD51: Roniel Figueiredo - 25/03/2026 11:06:38 | CE51: Conforme | CF51: Roniel Figueiredo - 25/03/2026 11:06:39 | DE51: Não | DF51: Não Aplica | DH51: Sim | DI51: 46106.463 | DJ51: Sim | DK51: 46106.463 | DL51: Dinâmico Frio | DM51: Conforme | DN51: Roniel Figueiredo - 03/04/2026 10:58:09 | DO51: Conforme | DP51: Roniel Figueiredo - 03/04/2026 10:58:10 | EI51: Não | EJ51: Sim | EK51: 46115.457 | EL51: Dinâmico Quente | FI51: Não | FJ51: Não | FN51: Pendente | FP51: Roniel Figueiredo - 03/04/2026 10:58:10 | FQ51: Base de Dados_Images/03-PIT-905-B01.Imagem do Equipamento-.162022.jpg | FR51: Roniel Figueiredo - 21/03/2026 13:20:36 | FU51: =FQ51 -> Base de Dados_Images/03-PIT-905-B01.Imagem do Equipamento-.162022.jpg
A52: 10&20 - R.P.E | B52: 03T910 - Tanque de Caldo Misto Etanol | C52: Transmissor | D52: 03-TIT-905-B01 | E52: Temperatura Linha De Caldo Misto | F52: Pré-Comissionamento | G52: Conforme | H52: Roniel Figueiredo - 21/03/2026 13:21:37 | I52: Conforme | J52: Roniel Figueiredo - 21/03/2026 13:21:41 | K52: Conforme | L52: Roniel Figueiredo - 21/03/2026 13:21:44 | M52: Conforme | N52: Roniel Figueiredo - 21/03/2026 13:21:48 | BS52: Não | BT52: Sim | BU52: 46102.557 | BV52: Sim | BW52: 46102.557 | BX52: Sim | BY52: 46102.557 | BZ52: Comissionamento Estático | CA52: Conforme | CB52: Roniel Figueiredo - 27/03/2026 15:06:39 | CC52: Conforme | CD52: Roniel Figueiredo - 27/03/2026 15:06:41 | CE52: Não Aplicável | CF52: Roniel Figueiredo - 27/03/2026 15:06:44 | DE52: Não | DF52: Não Aplica | DH52: Sim | DI52: 46108.63 | DJ52: Sim | DK52: 46108.63 | DL52: Dinâmico Frio | EI52: Não | EJ52: Não | EL52: Dinâmico Quente | FI52: Não | FJ52: Não | FN52: Pendente | FP52: Roniel Figueiredo - 27/03/2026 15:06:44 | FQ52: Base de Dados_Images/03-TIT-905-B01.Imagem do Equipamento-.162130.jpg | FR52: Roniel Figueiredo - 21/03/2026 13:21:48 | FU52: =FQ52 -> Base de Dados_Images/03-TIT-905-B01.Imagem do Equipamento-.162130.jpg
A53: 10&20 - R.P.E | B53: 03T910 - Tanque de Caldo Misto Etanol | C53: Transmissor | D53: 03-FIT-905-B01 | E53: Vazão Linha De Caldo Misto | F53: Pré-Comissionamento | G53: Conforme | H53: Roniel Figueiredo - 21/03/2026 13:22:58 | I53: Conforme | J53: Roniel Figueiredo - 21/03/2026 13:23:01 | K53: Conforme | L53: Roniel Figueiredo - 21/03/2026 13:23:04 | M53: Conforme | N53: Roniel Figueiredo - 21/03/2026 13:23:09 | BS53: Não | BT53: Sim | BU53: 46102.558 | BV53: Sim | BW53: 46102.558 | BX53: Sim | BY53: 46102.558 | BZ53: Comissionamento Estático | CA53: Conforme | CB53: Roniel Figueiredo - 25/03/2026 11:06:18 | CC53: Conforme | CD53: Roniel Figueiredo - 25/03/2026 11:06:21 | CE53: Conforme | CF53: Roniel Figueiredo - 25/03/2026 11:06:23 | DE53: Não | DF53: Não Aplica | DH53: Sim | DI53: 46106.463 | DJ53: Sim | DK53: 46106.463 | DL53: Dinâmico Frio | DM53: Conforme | DN53: Roniel Figueiredo - 03/04/2026 10:58:27 | DO53: Conforme | DP53: Roniel Figueiredo - 03/04/2026 10:58:28 | EI53: Não | EJ53: Sim | EK53: 46115.457 | EL53: Dinâmico Quente | FI53: Não | FJ53: Não | FN53: Pendente | FP53: Roniel Figueiredo - 03/04/2026 10:58:28 | FQ53: Base de Dados_Images/03-FIT-905-B01.Imagem do Equipamento-.162259.jpg | FR53: Roniel Figueiredo - 21/03/2026 13:23:09 | FU53: =FQ53 -> Base de Dados_Images/03-FIT-905-B01.Imagem do Equipamento-.162259.jpg
A54: 10&20 - R.P.E | B54: Amostrador de bagaço | C54: Amostrador de Bagaço Final | D54: 001AM002 | E54: Amostrador de Bagaço | F54: Pré-Comissionamento | BS54: Não | BT54: Não | BV54: Não | BX54: Não | BZ54: Comissionamento Estático | DE54: Não | DF54: Não Aplica | DH54: Não | DJ54: Não | DL54: Dinâmico Frio | EI54: Não | EJ54: Não | EL54: Dinâmico Quente | FI54: Não | FJ54: Não | FN54: Pendente | FP54: Roniel Figueiredo - 25/02/2026 10:51:53 | FU54: =FQ54 | FV54: Registro Impossibilitado | FW54: Roniel Figueiredo - 02/25/2026 10:51:55
A55: 10&20 - R.P.E | B55: Amostrador de caldo misto | C55: Amostrador de Etanol | D55: 001AM001 | E55: Amostrador de Caldo Misto | F55: Pré-Comissionamento | BS55: Não | BT55: Não | BV55: Não | BX55: Não | BZ55: Comissionamento Estático | DE55: Não | DF55: Não Aplica | DH55: Não | DJ55: Não | DL55: Dinâmico Frio | EI55: Não | EJ55: Não | EL55: Dinâmico Quente | FI55: Não | FJ55: Não | FN55: Pendente | FP55: Roniel Figueiredo - 26/02/2026 15:49:52 | FU55: =FQ55 | FV55: Registro Impossibilitado | FW55: Roniel Figueiredo - 02/26/2026 15:49:54
A56: 10&20 - R.P.E | B56: Desfibrador | C56: Desfibrador/Picador | D56: 02R210 | E56: Desfibrador De Cana (Acionamento) | F56: Pré-Comissionamento | G56: Conforme | H56: Roniel Figueiredo - 04/03/2026 14:59:57 | I56: Conforme | J56: Roniel Figueiredo - 04/03/2026 15:00:00 | K56: Conforme | L56: Roniel Figueiredo - 04/03/2026 15:00:02 | M56: Conforme | N56: Roniel Figueiredo - 04/03/2026 15:00:04 | O56: Conforme | P56: Roniel Figueiredo - 04/03/2026 15:00:07 | Q56: Conforme | R56: Roniel Figueiredo - 04/03/2026 15:00:09 | S56: Não Aplicável | T56: Roniel Figueiredo - 04/03/2026 15:00:14 | U56: Conforme | V56: Roniel Figueiredo - 04/03/2026 15:00:25 | W56: Conforme | X56: Roniel Figueiredo - 04/03/2026 15:00:32 | Y56: Conforme | Z56: Roniel Figueiredo - 04/03/2026 15:00:35 | AA56: Conforme | AB56: Roniel Figueiredo - 04/03/2026 15:00:38 | AC56: Conforme | AD56: Roniel Figueiredo - 04/03/2026 15:00:40 | AE56: Conforme | AF56: Roniel Figueiredo - 04/03/2026 15:00:44 | AG56: Conforme | AH56: Roniel Figueiredo - 04/03/2026 15:00:57 | AI56: Conforme | AJ56: Roniel Figueiredo - 04/03/2026 15:01:17 | AK56: Conforme | AL56: Roniel Figueiredo - 04/03/2026 15:01:20 | AM56: Conforme | AN56: Roniel Figueiredo - 04/03/2026 15:01:39 | AO56: Conforme | AP56: Roniel Figueiredo - 04/03/2026 15:01:44 | BS56: Não | BT56: Sim | BU56: 46085.625 | BV56: Sim | BW56: 46085.626 | BX56: Sim | BY56: 46085.626 | BZ56: Comissionamento Estático | CA56: Conforme | CB56: Roniel Figueiredo - 05/03/2026 08:16:59 | CC56: Conforme | CD56: Roniel Figueiredo - 05/03/2026 08:17:03 | CE56: Conforme | CF56: Roniel Figueiredo - 05/03/2026 08:17:06 | CG56: Conforme | CH56: Roniel Figueiredo - 05/03/2026 08:17:10 | CI56: Conforme | CJ56: Roniel Figueiredo - 05/03/2026 08:17:14 | CK56: Conforme | CL56: Roniel Figueiredo - 05/03/2026 08:17:17 | CM56: Conforme | CN56: Roniel Figueiredo - 05/03/2026 08:17:21 | CO56: Conforme | CP56: Roniel Figueiredo - 05/03/2026 08:17:24 | DE56: Não | DF56: Sim | DG56: 46086.345 | DH56: Sim | DI56: 46086.345 | DJ56: Sim | DK56: 46086.345 | DL56: Dinâmico Frio | DM56: Conforme | DN56: Roniel Figueiredo - 13/03/2026 11:53:42 | DO56: Conforme | DP56: Roniel Figueiredo - 13/03/2026 11:53:44 | DQ56: Conforme | DR56: Roniel Figueiredo - 13/03/2026 11:53:47 | DS56: Conforme | DT56: Roniel Figueiredo - 13/03/2026 11:53:49 | DU56: Conforme | DV56: Roniel Figueiredo - 14/03/2026 10:15:36 | DW56: Conforme | DX56: Roniel Figueiredo - 14/03/2026 10:15:42 | DY56: Conforme | DZ56: Roniel Figueiredo - 14/03/2026 10:15:40 | EA56: Conforme | EB56: Roniel Figueiredo - 14/03/2026 10:15:47 | EI56: Não | EJ56: Sim | EK56: 46095.428 | EL56: Dinâmico Quente | FI56: Não | FJ56: Não | FN56: Pendente | FP56: Roniel Figueiredo - 14/03/2026 10:15:47 | FQ56: Base de Dados_Images/02R210.Imagem do Equipamento-.180056.jpg | FR56: Roniel Figueiredo - 04/03/2026 14:59:49 | FU56: =FQ56 -> Base de Dados_Images/02R210.Imagem do Equipamento-.180056.jpg
A57: 10&20 - R.P.E | B57: Desfibrador | C57: Motor E Bomba | D57: 02-ES-040-M03 | E57: Bomba De Lubrificação | F57: Pré-Comissionamento | G57: Conforme | H57: Roniel Figueiredo - 23/02/2026 08:01:43 | I57: Conforme | J57: Roniel Figueiredo - 23/02/2026 08:01:44 | K57: Conforme | L57: Roniel Figueiredo - 23/02/2026 08:01:45 | M57: Conforme | N57: Roniel Figueiredo - 23/02/2026 08:01:48 | O57: Conforme | P57: Roniel Figueiredo - 23/02/2026 08:01:49 | Q57: Conforme | R57: Roniel Figueiredo - 23/02/2026 08:01:54 | S57: Conforme | T57: Roniel Figueiredo - 23/02/2026 08:02:01 | U57: Conforme | V57: Roniel Figueiredo - 23/02/2026 08:02:00 | W57: Conforme | X57: Roniel Figueiredo - 23/02/2026 08:02:04 | Y57: Conforme | Z57: Roniel Figueiredo - 23/02/2026 08:02:26 | AA57: Conforme | AB57: Roniel Figueiredo - 23/02/2026 08:02:29 | AC57: Conforme | AD57: Roniel Figueiredo - 23/02/2026 08:02:53 | AE57: Conforme | AF57: Roniel Figueiredo - 23/02/2026 08:02:32 | AG57: Conforme | AH57: Roniel Figueiredo - 23/02/2026 08:02:50 | AI57: Conforme | AJ57: Roniel Figueiredo - 23/02/2026 08:02:34 | AK57: Conforme | AL57: Roniel Figueiredo - 23/02/2026 08:02:47 | AM57: Conforme | AN57: Roniel Figueiredo - 23/02/2026 08:02:38 | AO57: Conforme | AP57: Roniel Figueiredo - 23/02/2026 08:02:45 | BS57: Não | BT57: Sim | BU57: 46076.335 | BV57: Sim | BW57: 46076.335 | BX57: Sim | BY57: 46076.335 | BZ57: Comissionamento Estático | CA57: Conforme | CB57: Roniel Figueiredo - 05/03/2026 08:17:51 | CC57: Conforme | CD57: Roniel Figueiredo - 05/03/2026 08:18:00 | CE57: Conforme | CF57: Roniel Figueiredo - 05/03/2026 08:18:03 | CG57: Conforme | CH57: Roniel Figueiredo - 05/03/2026 08:18:05 | CI57: Conforme | CJ57: Roniel Figueiredo - 05/03/2026 08:18:07 | CK57: Conforme | CL57: Roniel Figueiredo - 05/03/2026 08:18:10 | DE57: Não | DF57: Sim | DG57: 46086.346 | DH57: Sim | DI57: 46086.346 | DJ57: Sim | DK57: 46086.346 | DL57: Dinâmico Frio | DM57: Conforme | DN57: Roniel Figueiredo - 13/03/2026 11:55:29 | DO57: Conforme | DP57: Roniel Figueiredo - 13/03/2026 11:55:31 | DQ57: Conforme | DR57: Roniel Figueiredo - 13/03/2026 11:55:32 | DS57: Conforme | DT57: Roniel Figueiredo - 13/03/2026 11:55:37 | EI57: Não | EJ57: Sim | EK57: 46094.497 | EL57: Dinâmico Quente | FI57: Não | FJ57: Não | FN57: Pendente | FP57: Roniel Figueiredo - 13/03/2026 11:55:37 | FQ57: Base de Dados_Images/02-ES-040-M03.Imagem do Equipamento-.110142.jpg | FR57: Roniel Figueiredo - 23/02/2026 08:02:53 | FS57: Base de Dados_Images/02-ES-040-M03.Imagem da Plaqueta do Motor-.110142.jpg | FT57: Roniel Figueiredo - 23/02/2026 08:02:53 | FU57: =FQ57 -> Base de Dados_Images/02-ES-040-M03.Imagem do Equipamento-.110142.jpg
A58: 10&20 - R.P.E | B58: Desfibrador | C58: Motor E Bomba | D58: 02-ES-040-M04 | E58: Bomba De Lubrificação | F58: Pré-Comissionamento | G58: Conforme | H58: Roniel Figueiredo - 05/03/2026 09:52:20 | I58: Conforme | J58: Roniel Figueiredo - 05/03/2026 09:52:20 | K58: Conforme | L58: Roniel Figueiredo - 05/03/2026 09:52:23 | M58: Conforme | N58: Roniel Figueiredo - 05/03/2026 09:52:28 | O58: Conforme | P58: Roniel Figueiredo - 05/03/2026 09:52:42 | Q58: Conforme | R58: Roniel Figueiredo - 05/03/2026 09:52:32 | S58: Conforme | T58: Roniel Figueiredo - 05/03/2026 09:52:45 | U58: Conforme | V58: Roniel Figueiredo - 05/03/2026 09:52:52 | W58: Conforme | X58: Roniel Figueiredo - 05/03/2026 09:52:55 | Y58: Conforme | Z58: Roniel Figueiredo - 05/03/2026 09:53:02 | AA58: Conforme | AB58: Roniel Figueiredo - 05/03/2026 09:53:15 | AC58: Conforme | AD58: Roniel Figueiredo - 05/03/2026 09:53:19 | AE58: Conforme | AF58: Roniel Figueiredo - 05/03/2026 09:53:21 | AG58: Conforme | AH58: Roniel Figueiredo - 05/03/2026 09:53:27 | AI58: Conforme | AJ58: Roniel Figueiredo - 05/03/2026 09:53:23 | AK58: Conforme | AL58: Roniel Figueiredo - 05/03/2026 09:53:31 | AM58: Conforme | AN58: Roniel Figueiredo - 05/03/2026 09:53:34 | AO58: Conforme | AP58: Roniel Figueiredo - 05/03/2026 09:53:41 | BS58: Não | BT58: Sim | BU58: 46086.412 | BV58: Sim | BW58: 46086.412 | BX58: Sim | BY58: 46086.412 | BZ58: Comissionamento Estático | CA58: Conforme | CB58: Roniel Figueiredo - 05/03/2026 09:55:02 | CC58: Conforme | CD58: Roniel Figueiredo - 05/03/2026 09:55:03 | CE58: Conforme | CF58: Roniel Figueiredo - 05/03/2026 09:55:05 | CG58: Conforme | CH58: Roniel Figueiredo - 05/03/2026 09:55:07 | CI58: Conforme | CJ58: Roniel Figueiredo - 05/03/2026 09:55:09 | CK58: Conforme | CL58: Roniel Figueiredo - 05/03/2026 09:55:11 | DE58: Não | DF58: Sim | DG58: 46086.413 | DH58: Sim | DI58: 46086.413 | DJ58: Sim | DK58: 46086.413 | DL58: Dinâmico Frio | DM58: Conforme | DN58: Roniel Figueiredo - 13/03/2026 11:55:51 | DO58: Conforme | DP58: Roniel Figueiredo - 13/03/2026 11:55:54 | DQ58: Conforme | DR58: Roniel Figueiredo - 13/03/2026 11:56:02 | DS58: Conforme | DT58: Roniel Figueiredo - 13/03/2026 11:56:04 | EI58: Não | EJ58: Sim | EK58: 46094.497 | EL58: Dinâmico Quente | FI58: Não | FJ58: Não | FN58: Pendente | FP58: Roniel Figueiredo - 13/03/2026 11:56:04 | FQ58: Base de Dados_Images/02-ES-040-M04.Imagem do Equipamento-.125156.jpg | FR58: Roniel Figueiredo - 05/03/2026 09:55:11 | FS58: Base de Dados_Images/02-ES-040-M04.Imagem da Plaqueta do Motor-.125221.jpg | FT58: Roniel Figueiredo - 05/03/2026 09:55:11 | FU58: =FQ58 -> Base de Dados_Images/02-ES-040-M04.Imagem do Equipamento-.125156.jpg
A59: 10&20 - R.P.E | B59: Desfibrador | C59: Motoredutor | D59: 02-ES-210-M02 | E59: Desfibrador De Cana (Acionamento) | F59: Pré-Comissionamento | G59: Conforme | H59: Roniel Figueiredo - 04/03/2026 14:55:30 | I59: Conforme | J59: Roniel Figueiredo - 04/03/2026 14:55:43 | K59: Conforme | L59: Roniel Figueiredo - 04/03/2026 14:55:46 | M59: Conforme | N59: Roniel Figueiredo - 04/03/2026 14:55:51 | O59: Conforme | P59: Roniel Figueiredo - 04/03/2026 14:55:57 | Q59: Não Aplicável | R59: Roniel Figueiredo - 04/03/2026 14:56:02 | S59: Conforme | T59: Roniel Figueiredo - 04/03/2026 14:56:04 | U59: Conforme | V59: Roniel Figueiredo - 04/03/2026 14:56:07 | W59: Conforme | X59: Roniel Figueiredo - 04/03/2026 14:56:14 | Y59: Conforme | Z59: Roniel Figueiredo - 04/03/2026 14:56:16 | AA59: Conforme | AB59: Roniel Figueiredo - 04/03/2026 14:56:17 | AC59: Conforme | AD59: Roniel Figueiredo - 04/03/2026 14:56:19 | AE59: Conforme | AF59: Roniel Figueiredo - 04/03/2026 14:56:23 | BS59: Não | BT59: Sim | BU59: 46085.622 | BV59: Sim | BW59: 46085.622 | BX59: Sim | BY59: 46085.622 | BZ59: Comissionamento Estático | CA59: Conforme | CB59: Roniel Figueiredo - 05/03/2026 08:18:27 | CC59: Conforme | CD59: Roniel Figueiredo - 05/03/2026 08:18:31 | CE59: Conforme | CF59: Roniel Figueiredo - 05/03/2026 08:18:34 | CG59: Conforme | CH59: Roniel Figueiredo - 05/03/2026 08:18:37 | DE59: Não | DF59: Sim | DG59: 46086.346 | DH59: Sim | DI59: 46086.346 | DJ59: Sim | DK59: 46086.346 | DL59: Dinâmico Frio | DM59: Conforme | DN59: Roniel Figueiredo - 14/03/2026 10:16:05 | DO59: Conforme | DP59: Roniel Figueiredo - 14/03/2026 10:16:07 | DQ59: Conforme | DR59: Roniel Figueiredo - 14/03/2026 10:16:08 | DS59: Conforme | DT59: Roniel Figueiredo - 14/03/2026 10:16:11 | DU59: Conforme | DV59: Roniel Figueiredo - 14/03/2026 10:16:12 | EI59: Não | EJ59: Sim | EK59: 46095.428 | EL59: Dinâmico Quente | FI59: Não | FJ59: Não | FN59: Pendente | FP59: Roniel Figueiredo - 14/03/2026 10:16:12 | FQ59: Base de Dados_Images/02-ES-210-M02.Imagem do Equipamento-.175945.jpg | FR59: Roniel Figueiredo - 04/03/2026 14:55:19 | FS59: Base de Dados_Images/02-ES-210-M02.Imagem da Plaqueta do Motor-.175945.jpg | FT59: Roniel Figueiredo - 04/03/2026 14:54:52 | FU59: =FQ59 -> Base de Dados_Images/02-ES-210-M02.Imagem do Equipamento-.175945.jpg
A60: 10&20 - R.P.E | B60: Desfibrador | C60: Transmissor | D60: 02-VT-210-B01 | E60: Sensor Vibração Motor Desfibrador | F60: Pré-Comissionamento | G60: Conforme | H60: Roniel Figueiredo - 05/03/2026 08:16:05 | I60: Conforme | J60: Roniel Figueiredo - 05/03/2026 08:16:07 | K60: Conforme | L60: Roniel Figueiredo - 05/03/2026 08:16:07 | M60: Conforme | N60: Roniel Figueiredo - 05/03/2026 08:16:10 | BS60: Não | BT60: Sim | BU60: 46086.345 | BV60: Sim | BW60: 46086.345 | BX60: Sim | BY60: 46086.345 | BZ60: Comissionamento Estático | CA60: Conforme | CB60: Roniel Figueiredo - 05/03/2026 08:22:04 | CC60: Conforme | CD60: Roniel Figueiredo - 05/03/2026 08:22:07 | CE60: Conforme | CF60: Roniel Figueiredo - 05/03/2026 08:22:11 | DE60: Não | DF60: Não Aplica | DH60: Sim | DI60: 46086.349 | DJ60: Sim | DK60: 46086.349 | DL60: Dinâmico Frio | DM60: Conforme | DN60: Roniel Figueiredo - 25/03/2026 10:27:02 | DO60: Conforme | DP60: Roniel Figueiredo - 25/03/2026 10:27:05 | EI60: Não | EJ60: Sim | EK60: 46106.435 | EL60: Dinâmico Quente | FI60: Não | FJ60: Não | FN60: Pendente | FP60: Roniel Figueiredo - 25/03/2026 10:27:05 | FQ60: Base de Dados_Images/02-VT-210-B01.Imagem do Equipamento-.111548.jpg | FR60: Roniel Figueiredo - 05/03/2026 08:16:10 | FU60: =FQ60 -> Base de Dados_Images/02-VT-210-B01.Imagem do Equipamento-.111548.jpg
A61: 10&20 - R.P.E | B61: Desfibrador | C61: Transmissor | D61: 02-VT-210-B02 | E61: Sensor Vibração Redutor Desfibrador | F61: Pré-Comissionamento | G61: Conforme | H61: Roniel Figueiredo - 05/03/2026 10:43:50 | I61: Conforme | J61: Roniel Figueiredo - 05/03/2026 10:43:51 | K61: Conforme | L61: Roniel Figueiredo - 05/03/2026 10:44:06 | M61: Conforme | N61: Roniel Figueiredo - 05/03/2026 10:44:08 | BS61: Não | BT61: Sim | BU61: 46086.447 | BV61: Sim | BW61: 46086.447 | BX61: Sim | BY61: 46086.447 | BZ61: Comissionamento Estático | CA61: Conforme | CB61: Roniel Figueiredo - 11/03/2026 10:14:52 | CC61: Conforme | CD61: Roniel Figueiredo - 11/03/2026 10:14:53 | CE61: Conforme | CF61: Roniel Figueiredo - 11/03/2026 10:14:54 | DE61: Não | DF61: Não Aplica | DH61: Sim | DI61: 46092.427 | DJ61: Sim | DK61: 46092.427 | DL61: Dinâmico Frio | DM61: Conforme | DN61: Roniel Figueiredo - 25/03/2026 10:28:03 | DO61: Conforme | DP61: Roniel Figueiredo - 25/03/2026 10:28:05 | EI61: Não | EJ61: Sim | EK61: 46106.436 | EL61: Dinâmico Quente | FI61: Não | FJ61: Não | FN61: Pendente | FP61: Roniel Figueiredo - 25/03/2026 10:28:05 | FQ61: Base de Dados_Images/02-VT-210-B02.Imagem do Equipamento-.134353.jpg | FR61: Roniel Figueiredo - 05/03/2026 10:44:08 | FU61: =FQ61 -> Base de Dados_Images/02-VT-210-B02.Imagem do Equipamento-.134353.jpg
A62: 10&20 - R.P.E | B62: Desfibrador | C62: Transmissor | D62: 02-FS-210-B01 | E62: Chave De Fluxo Mancal Lado Direito | F62: Pré-Comissionamento | G62: Conforme | H62: Roniel Figueiredo - 04/03/2026 15:33:23 | I62: Conforme | J62: Roniel Figueiredo - 04/03/2026 15:33:29 | K62: Conforme | L62: Roniel Figueiredo - 04/03/2026 15:33:33 | M62: Conforme | N62: Roniel Figueiredo - 04/03/2026 15:33:35 | BS62: Não | BT62: Sim | BU62: 46085.648 | BV62: Sim | BW62: 46085.648 | BX62: Sim | BY62: 46085.648 | BZ62: Comissionamento Estático | CA62: Conforme | CB62: Roniel Figueiredo - 05/03/2026 08:22:50 | CC62: Conforme | CD62: Roniel Figueiredo - 05/03/2026 08:22:52 | CE62: Conforme | CF62: Roniel Figueiredo - 05/03/2026 08:22:54 | DE62: Não | DF62: Não Aplica | DH62: Sim | DI62: 46086.349 | DJ62: Sim | DK62: 46086.349 | DL62: Dinâmico Frio | DM62: Conforme | DN62: Roniel Figueiredo - 25/03/2026 10:24:52 | DO62: Conforme | DP62: Roniel Figueiredo - 25/03/2026 10:24:54 | EI62: Não | EJ62: Sim | EK62: 46106.434 | EL62: Dinâmico Quente | FI62: Não | FJ62: Não | FN62: Pendente | FP62: Roniel Figueiredo - 25/03/2026 10:24:54 | FQ62: Base de Dados_Images/02-FS-210-B01.Imagem do Equipamento-.183324.jpg | FR62: Roniel Figueiredo - 04/03/2026 15:33:35 | FU62: =FQ62 -> Base de Dados_Images/02-FS-210-B01.Imagem do Equipamento-.183324.jpg
A63: 10&20 - R.P.E | B63: Desfibrador | C63: Transmissor | D63: 02-FS-210-B02 | E63: Chave De Fluxo Mancal Lado Esquerdo | F63: Pré-Comissionamento | G63: Conforme | H63: Roniel Figueiredo - 04/03/2026 15:32:21 | I63: Conforme | J63: Roniel Figueiredo - 04/03/2026 15:32:22 | K63: Conforme | L63: Roniel Figueiredo - 04/03/2026 15:32:30 | M63: Conforme | N63: Roniel Figueiredo - 04/03/2026 15:32:29 | BS63: Não | BT63: Sim | BU63: 46085.647 | BV63: Sim | BW63: 46085.648 | BX63: Sim | BY63: 46085.648 | BZ63: Comissionamento Estático | CA63: Conforme | CB63: Roniel Figueiredo - 11/03/2026 10:14:16 | CC63: Não Conforme | CD63: Roniel Figueiredo - 11/03/2026 10:14:23 | CE63: Não Conforme | CF63: Roniel Figueiredo - 11/03/2026 10:14:26 | DE63: Sim | DF63: Não Aplica | DH63: Não | DJ63: Não | DL63: Dinâmico Frio | DM63: Conforme | DN63: Roniel Figueiredo - 03/04/2026 10:57:45 | DO63: Conforme | DP63: Roniel Figueiredo - 03/04/2026 10:57:46 | EI63: Não | EJ63: Sim | EK63: 46115.457 | EL63: Dinâmico Quente | FI63: Não | FJ63: Não | FN63: Pendente | FP63: Roniel Figueiredo - 03/04/2026 10:57:46 | FQ63: Base de Dados_Images/02-FS-210-B02.Imagem do Equipamento-.183222.jpg | FR63: Roniel Figueiredo - 04/03/2026 15:32:30 | FU63: =FQ63 -> Base de Dados_Images/02-FS-210-B02.Imagem do Equipamento-.183222.jpg
A64: 10&20 - R.P.E | B64: Desfibrador | C64: Transmissor | D64: 02-ST-210-B09 | E64: Temp. Mancal Desfibrador La | F64: Pré-Comissionamento | G64: Conforme | H64: Roniel Figueiredo - 04/03/2026 15:27:22 | I64: Conforme | J64: Roniel Figueiredo - 04/03/2026 15:27:24 | K64: Conforme | L64: Roniel Figueiredo - 04/03/2026 15:27:30 | M64: Conforme | N64: Roniel Figueiredo - 04/03/2026 15:27:32 | BS64: Não | BT64: Sim | BU64: 46085.644 | BV64: Sim | BW64: 46085.644 | BX64: Sim | BY64: 46085.644 | BZ64: Comissionamento Estático | CA64: Conforme | CB64: Roniel Figueiredo - 05/03/2026 08:23:51 | CC64: Conforme | CD64: Roniel Figueiredo - 05/03/2026 08:23:52 | CE64: Conforme | CF64: Roniel Figueiredo - 05/03/2026 08:23:54 | DE64: Não | DF64: Não Aplica | DH64: Sim | DI64: 46086.35 | DJ64: Sim | DK64: 46086.35 | DL64: Dinâmico Frio | DM64: Conforme | DN64: Roniel Figueiredo - 25/03/2026 10:22:59 | DO64: Conforme | DP64: Roniel Figueiredo - 25/03/2026 10:23:01 | EI64: Não | EJ64: Sim | EK64: 46106.433 | EL64: Dinâmico Quente | FI64: Não | FJ64: Não | FN64: Pendente | FP64: Roniel Figueiredo - 25/03/2026 10:23:01 | FQ64: Base de Dados_Images/02-ST-210-B09.Imagem do Equipamento-.182718.jpg | FR64: Roniel Figueiredo - 04/03/2026 15:27:32 | FU64: =FQ64 -> Base de Dados_Images/02-ST-210-B09.Imagem do Equipamento-.182718.jpg
A65: 10&20 - R.P.E | B65: Desfibrador | C65: Transmissor | D65: 02-ST-210-B10 | E65: Temp. Mancal Desfibrador Lna | F65: Pré-Comissionamento | G65: Conforme | H65: Roniel Figueiredo - 04/03/2026 15:30:07 | I65: Conforme | J65: Roniel Figueiredo - 04/03/2026 15:30:08 | K65: Conforme | L65: Roniel Figueiredo - 04/03/2026 15:30:09 | M65: Conforme | N65: Roniel Figueiredo - 04/03/2026 15:30:10 | BS65: Não | BT65: Sim | BU65: 46085.646 | BV65: Sim | BW65: 46085.646 | BX65: Sim | BY65: 46085.646 | BZ65: Comissionamento Estático | CA65: Conforme | CB65: Roniel Figueiredo - 05/03/2026 08:25:22 | CC65: Conforme | CD65: Roniel Figueiredo - 05/03/2026 08:25:23 | CE65: Conforme | CF65: Roniel Figueiredo - 05/03/2026 08:25:25 | DE65: Não | DF65: Não Aplica | DH65: Sim | DI65: 46086.351 | DJ65: Sim | DK65: 46086.351 | DL65: Dinâmico Frio | DM65: Conforme | DN65: Roniel Figueiredo - 30/03/2026 14:53:53 | DO65: Conforme | DP65: Roniel Figueiredo - 30/03/2026 14:53:55 | EI65: Não | EJ65: Sim | EK65: 46111.621 | EL65: Dinâmico Quente | FI65: Não | FJ65: Não | FN65: Pendente | FP65: Roniel Figueiredo - 30/03/2026 14:53:55 | FQ65: Base de Dados_Images/02-ST-210-B10.Imagem do Equipamento-.182959.jpg | FR65: Roniel Figueiredo - 04/03/2026 15:30:10 | FU65: =FQ65 -> Base de Dados_Images/02-ST-210-B10.Imagem do Equipamento-.182959.jpg
A66: 10&20 - R.P.E | B66: Desfibrador | C66: Transmissor | D66: 02-FS-040-B01 | E66: Chave De Fluxo Bba Lubrificação Mancal Desfibrador | F66: Pré-Comissionamento | G66: Conforme | H66: Roniel Figueiredo - 04/03/2026 15:22:10 | I66: Conforme | J66: Roniel Figueiredo - 04/03/2026 15:22:12 | K66: Conforme | L66: Roniel Figueiredo - 04/03/2026 15:22:13 | M66: Conforme | N66: Roniel Figueiredo - 04/03/2026 15:22:17 | BS66: Não | BT66: Sim | BU66: 46085.64 | BV66: Sim | BW66: 46085.64 | BX66: Sim | BY66: 46085.64 | BZ66: Comissionamento Estático | CA66: Conforme | CB66: Roniel Figueiredo - 05/03/2026 08:24:06 | CC66: Conforme | CD66: Roniel Figueiredo - 05/03/2026 08:24:07 | CE66: Conforme | CF66: Roniel Figueiredo - 05/03/2026 08:24:07 | DE66: Não | DF66: Não Aplica | DH66: Sim | DI66: 46086.35 | DJ66: Sim | DK66: 46086.35 | DL66: Dinâmico Frio | DM66: Conforme | DN66: Roniel Figueiredo - 25/03/2026 10:23:15 | DO66: Conforme | DP66: Roniel Figueiredo - 25/03/2026 10:23:17 | EI66: Não | EJ66: Sim | EK66: 46106.433 | EL66: Dinâmico Quente | FI66: Não | FJ66: Não | FN66: Pendente | FP66: Roniel Figueiredo - 25/03/2026 10:23:17 | FQ66: Base de Dados_Images/02-FS-040-B01.Imagem do Equipamento-.190156.jpg | FR66: Roniel Figueiredo - 04/03/2026 16:01:55 | FU66: =FQ66 -> Base de Dados_Images/02-FS-040-B01.Imagem do Equipamento-.190156.jpg
A67: 10&20 - R.P.E | B67: Desfibrador | C67: Transmissor | D67: 02-FS-040-B02 | E67: Chave De Fluxo Bba Lubrificação Mancal Desfibrador | F67: Pré-Comissionamento | G67: Conforme | H67: Roniel Figueiredo - 04/03/2026 15:23:26 | I67: Conforme | J67: Roniel Figueiredo - 04/03/2026 15:23:33 | K67: Conforme | L67: Roniel Figueiredo - 04/03/2026 15:23:36 | M67: Conforme | N67: Roniel Figueiredo - 04/03/2026 15:23:41 | BS67: Não | BT67: Sim | BU67: 46085.641 | BV67: Sim | BW67: 46085.641 | BX67: Sim | BY67: 46085.641 | BZ67: Comissionamento Estático | CA67: Conforme | CB67: Roniel Figueiredo - 05/03/2026 08:24:16 | CC67: Conforme | CD67: Roniel Figueiredo - 05/03/2026 08:24:17 | CE67: Conforme | CF67: Roniel Figueiredo - 05/03/2026 08:24:17 | DE67: Não | DF67: Não Aplica | DH67: Sim | DI67: 46086.35 | DJ67: Sim | DK67: 46086.35 | DL67: Dinâmico Frio | DM67: Conforme | DN67: Roniel Figueiredo - 25/03/2026 10:23:27 | DO67: Conforme | DP67: Roniel Figueiredo - 25/03/2026 10:23:29 | EI67: Não | EJ67: Sim | EK67: 46106.433 | EL67: Dinâmico Quente | FI67: Não | FJ67: Não | FN67: Pendente | FP67: Roniel Figueiredo - 25/03/2026 10:23:28 | FQ67: Base de Dados_Images/02-FS-040-B02.Imagem do Equipamento-.185904.jpg | FR67: Roniel Figueiredo - 04/03/2026 15:59:00 | FU67: =FQ67 -> Base de Dados_Images/02-FS-040-B02.Imagem do Equipamento-.185904.jpg
A68: 10&20 - R.P.E | B68: Desfibrador | C68: Trocador De Calor/Evaporador/Aquecedor | D68: 03H980 | E68: Trocador De Calor De Óleo | F68: Pré-Comissionamento | G68: Conforme | H68: Roniel Figueiredo - 23/02/2026 07:59:10 | I68: Conforme | J68: Roniel Figueiredo - 23/02/2026 07:59:12 | K68: Conforme | L68: Roniel Figueiredo - 23/02/2026 07:59:15 | M68: Conforme | N68: Roniel Figueiredo - 23/02/2026 07:59:24 | O68: Conforme | P68: Roniel Figueiredo - 23/02/2026 07:59:24 | Q68: Conforme | R68: Roniel Figueiredo - 23/02/2026 07:59:39 | S68: Conforme | T68: Roniel Figueiredo - 23/02/2026 07:59:42 | U68: Conforme | V68: Roniel Figueiredo - 23/02/2026 07:59:49 | BS68: Não | BT68: Sim | BU68: 46076.333 | BV68: Sim | BW68: 46076.333 | BX68: Sim | BY68: 46076.333 | BZ68: Comissionamento Estático | DE68: Não | DF68: Não Aplica | DH68: Não Aplica | DJ68: Não Aplica | DL68: Dinâmico Frio | DM68: Conforme | DN68: Roniel Figueiredo - 14/03/2026 11:03:17 | DO68: Conforme | DP68: Roniel Figueiredo - 14/03/2026 11:03:19 | DQ68: Conforme | DR68: Roniel Figueiredo - 14/03/2026 11:03:22 | EI68: Não | EJ68: Sim | EK68: 46095.461 | EL68: Dinâmico Quente | FI68: Não | FJ68: Não | FN68: Pendente | FP68: Roniel Figueiredo - 14/03/2026 11:03:22 | FQ68: Base de Dados_Images/03H980.Imagem do Equipamento-.105906.jpg | FR68: Roniel Figueiredo - 23/02/2026 07:59:49 | FU68: =FQ68 -> Base de Dados_Images/03H980.Imagem do Equipamento-.105906.jpg
A69: 10&20 - R.P.E | B69: DIFUSOR | C69: Captador | D69: C1 | E69: Captador 1 | F69: Pré-Comissionamento | G69: Conforme | H69: Roniel Figueiredo - 28/03/2026 08:39:08 | I69: Conforme | J69: Roniel Figueiredo - 28/03/2026 08:39:10 | K69: Conforme | L69: Roniel Figueiredo - 28/03/2026 08:39:11 | M69: Conforme | N69: Roniel Figueiredo - 28/03/2026 08:39:12 | BS69: Não | BT69: Sim | BU69: 46109.361 | BV69: Não Aplica | BX69: Sim | BY69: 46109.361 | BZ69: Comissionamento Estático | DE69: Não | DF69: Não Aplica | DH69: Não Aplica | DJ69: Não Aplica | DL69: Dinâmico Frio | EI69: Não | EJ69: Não | EL69: Dinâmico Quente | FI69: Não | FJ69: Não | FL69: Peneira | FM69: Roniel Figueiredo - 27/03/2026 11:00:56 | FN69: Pendente | FP69: Roniel Figueiredo - 28/03/2026 08:39:24 | FQ69: Base de Dados_Images/C1.Imagem do Equipamento-.114026.jpg | FR69: Roniel Figueiredo - 28/03/2026 08:39:24 | FU69: =FQ69 -> Base de Dados_Images/C1.Imagem do Equipamento-.114026.jpg
A70: 10&20 - R.P.E | B70: DIFUSOR | C70: Captador | D70: C2 | E70: Captador 2 | F70: Pré-Comissionamento | G70: Conforme | H70: Roniel Figueiredo - 27/03/2026 11:18:36 | I70: Conforme | J70: Roniel Figueiredo - 27/03/2026 11:18:39 | K70: Conforme | L70: Roniel Figueiredo - 27/03/2026 11:18:42 | M70: Conforme | N70: Roniel Figueiredo - 27/03/2026 11:18:44 | BS70: Não | BT70: Sim | BU70: 46108.471 | BV70: Não Aplica | BX70: Sim | BY70: 46108.471 | BZ70: Comissionamento Estático | DE70: Não | DF70: Não Aplica | DH70: Não Aplica | DJ70: Não Aplica | DL70: Dinâmico Frio | EI70: Não | EJ70: Não | EL70: Dinâmico Quente | FI70: Não | FJ70: Não | FL70: Peneira 190 | FM70: Roniel Figueiredo - 27/03/2026 11:01:34 | FN70: Pendente | FP70: Roniel Figueiredo - 27/03/2026 11:18:44 | FQ70: Base de Dados_Images/C2.Imagem do Equipamento-.141835.jpg | FR70: Roniel Figueiredo - 27/03/2026 11:18:44 | FU70: =FQ70 -> Base de Dados_Images/C2.Imagem do Equipamento-.141835.jpg
A71: 10&20 - R.P.E | B71: DIFUSOR | C71: Captador | D71: C3 | E71: Captador 3 | F71: Pré-Comissionamento | G71: Conforme | H71: Roniel Figueiredo - 27/03/2026 11:19:00 | I71: Conforme | J71: Roniel Figueiredo - 27/03/2026 11:19:01 | K71: Conforme | L71: Roniel Figueiredo - 27/03/2026 11:19:02 | M71: Conforme | N71: Roniel Figueiredo - 27/03/2026 11:19:03 | BS71: Não | BT71: Sim | BU71: 46108.472 | BV71: Não Aplica | BX71: Sim | BY71: 46108.472 | BZ71: Comissionamento Estático | DE71: Não | DF71: Não Aplica | DH71: Não Aplica | DJ71: Não Aplica | DL71: Dinâmico Frio | EI71: Não | EJ71: Não | EL71: Dinâmico Quente | FI71: Não | FJ71: Não | FL71: 200 | FM71: Roniel Figueiredo - 27/03/2026 11:01:54 | FN71: Pendente | FP71: Roniel Figueiredo - 27/03/2026 11:19:15 | FQ71: Base de Dados_Images/C3.Imagem do Equipamento-.141923.jpg | FR71: Roniel Figueiredo - 27/03/2026 11:19:15 | FU71: =FQ71 -> Base de Dados_Images/C3.Imagem do Equipamento-.141923.jpg
A72: 10&20 - R.P.E | B72: DIFUSOR | C72: Captador | D72: C4 | E72: Captador 4 | F72: Pré-Comissionamento | G72: Conforme | H72: Roniel Figueiredo - 27/03/2026 11:19:43 | I72: Conforme | J72: Roniel Figueiredo - 27/03/2026 11:19:45 | K72: Conforme | L72: Roniel Figueiredo - 27/03/2026 11:19:46 | M72: Conforme | N72: Roniel Figueiredo - 27/03/2026 11:19:47 | BS72: Não | BT72: Sim | BU72: 46108.472 | BV72: Não Aplica | BX72: Sim | BY72: 46108.472 | BZ72: Comissionamento Estático | DE72: Não | DF72: Não Aplica | DH72: Não Aplica | DJ72: Não Aplica | DL72: Dinâmico Frio | EI72: Não | EJ72: Não | EL72: Dinâmico Quente | FI72: Não | FJ72: Não | FL72: 210 | FM72: Roniel Figueiredo - 27/03/2026 11:02:10 | FN72: Pendente | FP72: Roniel Figueiredo - 27/03/2026 11:19:47 | FQ72: Base de Dados_Images/C4.Imagem do Equipamento-.141943.jpg | FR72: Roniel Figueiredo - 27/03/2026 11:19:47 | FU72: =FQ72 -> Base de Dados_Images/C4.Imagem do Equipamento-.141943.jpg
A73: 10&20 - R.P.E | B73: DIFUSOR | C73: Captador | D73: C5 | E73: Captador 5 | F73: Pré-Comissionamento | G73: Conforme | H73: Roniel Figueiredo - 27/03/2026 11:20:27 | I73: Conforme | J73: Roniel Figueiredo - 27/03/2026 11:20:28 | K73: Conforme | L73: Roniel Figueiredo - 27/03/2026 11:20:37 | M73: Conforme | N73: Roniel Figueiredo - 27/03/2026 11:20:39 | BS73: Não | BT73: Sim | BU73: 46108.473 | BV73: Não Aplica | BX73: Sim | BY73: 46108.473 | BZ73: Comissionamento Estático | DE73: Não | DF73: Não Aplica | DH73: Não Aplica | DJ73: Não Aplica | DL73: Dinâmico Frio | EI73: Não | EJ73: Não | EL73: Dinâmico Quente | FI73: Não | FJ73: Não | FL73: 220 | FM73: Roniel Figueiredo - 27/03/2026 11:52:12 | FN73: Pendente | FP73: Roniel Figueiredo - 27/03/2026 11:52:12 | FQ73: Base de Dados_Images/C5.Imagem do Equipamento-.142030.jpg | FR73: Roniel Figueiredo - 27/03/2026 11:52:12 | FU73: =FQ73 -> Base de Dados_Images/C5.Imagem do Equipamento-.142030.jpg
A74: 10&20 - R.P.E | B74: DIFUSOR | C74: Captador | D74: C6 | E74: Captador 6 | F74: Pré-Comissionamento | G74: Conforme | H74: Roniel Figueiredo - 27/03/2026 11:21:21 | I74: Conforme | J74: Roniel Figueiredo - 27/03/2026 11:21:22 | K74: Conforme | L74: Roniel Figueiredo - 27/03/2026 11:21:25 | M74: Conforme | N74: Roniel Figueiredo - 27/03/2026 11:21:29 | BS74: Não | BT74: Sim | BU74: 46108.473 | BV74: Não Aplica | BX74: Sim | BY74: 46108.473 | BZ74: Comissionamento Estático | DE74: Não | DF74: Não Aplica | DH74: Não Aplica | DJ74: Não Aplica | DL74: Dinâmico Frio | EI74: Não | EJ74: Não | EL74: Dinâmico Quente | FI74: Não | FJ74: Não | FL74: 230 | FM74: Roniel Figueiredo - 27/03/2026 11:21:53 | FN74: Pendente | FP74: Roniel Figueiredo - 27/03/2026 11:21:53 | FQ74: Base de Dados_Images/C6.Imagem do Equipamento-.142117.jpg | FR74: Roniel Figueiredo - 27/03/2026 11:21:53 | FU74: =FQ74 -> Base de Dados_Images/C6.Imagem do Equipamento-.142117.jpg
A75: 10&20 - R.P.E | B75: DIFUSOR | C75: Captador | D75: C7 | E75: Captador 7 | F75: Pré-Comissionamento | G75: Conforme | H75: Roniel Figueiredo - 27/03/2026 11:22:43 | I75: Conforme | J75: Roniel Figueiredo - 27/03/2026 11:22:45 | K75: Conforme | L75: Roniel Figueiredo - 27/03/2026 11:22:48 | M75: Conforme | N75: Roniel Figueiredo - 27/03/2026 11:22:51 | BS75: Não | BT75: Sim | BU75: 46108.474 | BV75: Não Aplica | BX75: Sim | BY75: 46108.474 | BZ75: Comissionamento Estático | DE75: Não | DF75: Não Aplica | DH75: Não Aplica | DJ75: Não Aplica | DL75: Dinâmico Frio | EI75: Não | EJ75: Não | EL75: Dinâmico Quente | FI75: Não | FJ75: Não | FL75: 240 | FM75: Roniel Figueiredo - 27/03/2026 11:22:38 | FN75: Pendente | FP75: Roniel Figueiredo - 27/03/2026 11:22:51 | FQ75: Base de Dados_Images/C7.Imagem do Equipamento-.142232.jpg | FR75: Roniel Figueiredo - 27/03/2026 11:22:51 | FU75: =FQ75 -> Base de Dados_Images/C7.Imagem do Equipamento-.142232.jpg
A76: 10&20 - R.P.E | B76: DIFUSOR | C76: Captador | D76: C8 | E76: Captador 8 | F76: Pré-Comissionamento | G76: Conforme | H76: Roniel Figueiredo - 27/03/2026 11:37:59 | I76: Conforme | J76: Roniel Figueiredo - 27/03/2026 11:38:15 | K76: Conforme | L76: Roniel Figueiredo - 27/03/2026 11:38:17 | M76: Conforme | N76: Roniel Figueiredo - 27/03/2026 11:38:31 | BS76: Não | BT76: Sim | BU76: 46108.485 | BV76: Não Aplica | BX76: Sim | BY76: 46108.485 | BZ76: Comissionamento Estático | DE76: Não | DF76: Não Aplica | DH76: Não Aplica | DJ76: Não Aplica | DL76: Dinâmico Frio | EI76: Não | EJ76: Não | EL76: Dinâmico Quente | FI76: Não | FJ76: Não | FL76: 250 | FM76: Roniel Figueiredo - 27/03/2026 11:37:57 | FN76: Pendente | FP76: Roniel Figueiredo - 27/03/2026 11:38:31 | FQ76: Base de Dados_Images/C8.Imagem do Equipamento-.144105.jpg | FR76: Roniel Figueiredo - 27/03/2026 11:38:31 | FU76: =FQ76 -> Base de Dados_Images/C8.Imagem do Equipamento-.144105.jpg
A77: 10&20 - R.P.E | B77: DIFUSOR | C77: Captador | D77: C9 | E77: Captador 9 | F77: Pré-Comissionamento | G77: Conforme | H77: Roniel Figueiredo - 27/03/2026 11:40:56 | I77: Conforme | J77: Roniel Figueiredo - 27/03/2026 11:40:59 | K77: Conforme | L77: Roniel Figueiredo - 27/03/2026 11:41:02 | M77: Conforme | N77: Roniel Figueiredo - 27/03/2026 11:41:04 | BS77: Não | BT77: Sim | BU77: 46108.487 | BV77: Não Aplica | BX77: Sim | BY77: 46108.487 | BZ77: Comissionamento Estático | DE77: Não | DF77: Não Aplica | DH77: Não Aplica | DJ77: Não Aplica | DL77: Dinâmico Frio | EI77: Não | EJ77: Não | EL77: Dinâmico Quente | FI77: Não | FJ77: Não | FL77: 260 | FM77: Roniel Figueiredo - 27/03/2026 11:52:34 | FN77: Pendente | FP77: Roniel Figueiredo - 27/03/2026 11:52:34 | FQ77: Base de Dados_Images/C9.Imagem do Equipamento-.144133.jpg | FR77: Roniel Figueiredo - 27/03/2026 11:52:34 | FU77: =FQ77 -> Base de Dados_Images/C9.Imagem do Equipamento-.144133.jpg
A78: 10&20 - R.P.E | B78: DIFUSOR | C78: Captador | D78: C10 | E78: Captador 10 | F78: Pré-Comissionamento | G78: Conforme | H78: Roniel Figueiredo - 27/03/2026 11:51:18 | I78: Conforme | J78: Roniel Figueiredo - 27/03/2026 11:51:19 | K78: Conforme | L78: Roniel Figueiredo - 27/03/2026 11:51:20 | M78: Conforme | N78: Roniel Figueiredo - 27/03/2026 11:51:21 | BS78: Não | BT78: Sim | BU78: 46108.494 | BV78: Não Aplica | BX78: Sim | BY78: 46108.494 | BZ78: Comissionamento Estático | DE78: Não | DF78: Não Aplica | DH78: Não Aplica | DJ78: Não Aplica | DL78: Dinâmico Frio | EI78: Não | EJ78: Não | EL78: Dinâmico Quente | FI78: Não | FJ78: Não | FL78: 270 | FM78: Roniel Figueiredo - 27/03/2026 11:51:15 | FN78: Pendente | FP78: Roniel Figueiredo - 27/03/2026 11:51:21 | FQ78: Base de Dados_Images/C10.Imagem do Equipamento-.145047.jpg | FR78: Roniel Figueiredo - 27/03/2026 11:51:21 | FU78: =FQ78 -> Base de Dados_Images/C10.Imagem do Equipamento-.145047.jpg
A79: 10&20 - R.P.E | B79: DIFUSOR | C79: Captador | D79: C11 | E79: Captador 11 | F79: Pré-Comissionamento | G79: Conforme | H79: Roniel Figueiredo - 27/03/2026 11:49:41 | I79: Conforme | J79: Roniel Figueiredo - 27/03/2026 11:49:42 | K79: Conforme | L79: Roniel Figueiredo - 27/03/2026 11:49:43 | M79: Conforme | N79: Roniel Figueiredo - 27/03/2026 11:49:44 | BS79: Não | BT79: Sim | BU79: 46108.493 | BV79: Não Aplica | BX79: Sim | BY79: 46108.493 | BZ79: Comissionamento Estático | DE79: Não | DF79: Não Aplica | DH79: Não Aplica | DJ79: Não Aplica | DL79: Dinâmico Frio | EI79: Não | EJ79: Não | EL79: Dinâmico Quente | FI79: Não | FJ79: Não | FL79: 280 | FM79: Roniel Figueiredo - 27/03/2026 11:49:39 | FN79: Pendente | FP79: Roniel Figueiredo - 27/03/2026 11:49:44 | FQ79: Base de Dados_Images/C11.Imagem do Equipamento-.144937.jpg | FR79: Roniel Figueiredo - 27/03/2026 11:49:44 | FU79: =FQ79 -> Base de Dados_Images/C11.Imagem do Equipamento-.144937.jpg
A80: 10&20 - R.P.E | B80: DIFUSOR | C80: Captador | D80: C12 | E80: Captador 12 | F80: Pré-Comissionamento | G80: Conforme | H80: Roniel Figueiredo - 27/03/2026 11:48:25 | I80: Conforme | J80: Roniel Figueiredo - 27/03/2026 11:48:26 | K80: Conforme | L80: Roniel Figueiredo - 27/03/2026 11:48:27 | M80: Conforme | N80: Roniel Figueiredo - 27/03/2026 11:48:28 | BS80: Não | BT80: Sim | BU80: 46108.492 | BV80: Não Aplica | BX80: Sim | BY80: 46108.492 | BZ80: Comissionamento Estático | DE80: Não | DF80: Não Aplica | DH80: Não Aplica | DJ80: Não Aplica | DL80: Dinâmico Frio | EI80: Não | EJ80: Não | EL80: Dinâmico Quente | FI80: Não | FJ80: Não | FL80: 290 | FM80: Roniel Figueiredo - 27/03/2026 11:48:23 | FN80: Pendente | FP80: Roniel Figueiredo - 27/03/2026 11:48:28 | FQ80: Base de Dados_Images/C12.Imagem do Equipamento-.144902.jpg | FR80: Roniel Figueiredo - 27/03/2026 11:48:28 | FU80: =FQ80 -> Base de Dados_Images/C12.Imagem do Equipamento-.144902.jpg
... A82: 10&20 - R.P.E | B82: DIFUSOR | C82: Captador | D82: C14 | E82: Captador 14 | F82: Pré-Comissionamento | G82: Conforme | H82: Roniel Figueiredo - 27/03/2026 11:44:12 | I82: Conforme | J82: Roniel Figueiredo - 27/03/2026 11:44:15 | K82: Conforme | L82: Roniel Figueiredo - 27/03/2026 11:44:18 | M82: Conforme | N82: Roniel Figueiredo - 27/03/2026 11:44:19 | BS82: Não | BT82: Sim | BU82: 46108.489 | BV82: Não Aplica | BX82: Sim | BY82: 46108.489 | BZ82: Comissionamento Estático | DE82: Não | DF82: Não Aplica | DH82: Não Aplica | DJ82: Não Aplica | DL82: Dinâmico Frio | EI82: Não | EJ82: Não | EL82: Dinâmico Quente | FI82: Não | FJ82: Não | FL82: 310 | FM82: Roniel Figueiredo - 27/03/2026 11:44:32 | FN82: Pendente | FP82: Roniel Figueiredo - 27/03/2026 11:44:32 | FQ82: Base de Dados_Images/C14.Imagem do Equipamento-.144720.jpg | FR82: Roniel Figueiredo - 27/03/2026 11:44:32 | FU82: =FQ82 -> Base de Dados_Images/C14.Imagem do Equipamento-.144720.jpg
A83: 10&20 - R.P.E | B83: DIFUSOR | C83: Captador | D83: C15 | E83: Captador 15 | F83: Pré-Comissionamento | G83: Conforme | H83: Roniel Figueiredo - 30/03/2026 12:13:48 | I83: Conforme | J83: Roniel Figueiredo - 30/03/2026 12:13:49 | K83: Conforme | L83: Roniel Figueiredo - 30/03/2026 12:13:57 | M83: Conforme | N83: Roniel Figueiredo - 30/03/2026 12:13:54 | BS83: Não | BT83: Sim | BU83: 46111.51 | BV83: Não Aplica | BX83: Sim | BY83: 46111.51 | BZ83: Comissionamento Estático | DE83: Não | DF83: Não Aplica | DH83: Não Aplica | DJ83: Não Aplica | DL83: Dinâmico Frio | EI83: Não | EJ83: Não | EL83: Dinâmico Quente | FI83: Não | FJ83: Não | FN83: Pendente | FP83: Roniel Figueiredo - 30/03/2026 12:13:57 | FQ83: Base de Dados_Images/C15.Imagem do Equipamento-.151349.jpg | FR83: Roniel Figueiredo - 30/03/2026 12:13:57 | FU83: =FQ83 -> Base de Dados_Images/C15.Imagem do Equipamento-.151349.jpg
A84: 10&20 - R.P.E | B84: DIFUSOR | C84: Descarregador Rotativo | D84: 03R050 | E84: Descarregador Rotativo | F84: Pré-Comissionamento | G84: Conforme | H84: Roniel Figueiredo - 27/03/2026 11:59:22 | I84: Conforme | J84: Roniel Figueiredo - 27/03/2026 11:59:25 | K84: Conforme | L84: Roniel Figueiredo - 27/03/2026 11:59:26 | M84: Conforme | N84: Roniel Figueiredo - 27/03/2026 11:59:29 | O84: Conforme | P84: Roniel Figueiredo - 27/03/2026 11:59:30 | Q84: Conforme | R84: Roniel Figueiredo - 27/03/2026 11:59:35 | S84: Conforme | T84: Roniel Figueiredo - 27/03/2026 11:59:37 | U84: Conforme | V84: Roniel Figueiredo - 27/03/2026 12:00:11 | W84: Conforme | X84: Roniel Figueiredo - 27/03/2026 11:59:40 | Y84: Conforme | Z84: Roniel Figueiredo - 27/03/2026 11:59:47 | AA84: Conforme | AB84: Roniel Figueiredo - 27/03/2026 11:59:45 | AC84: Conforme | AD84: Roniel Figueiredo - 27/03/2026 11:59:50 | AE84: Conforme | AF84: Roniel Figueiredo - 27/03/2026 11:59:51 | AG84: Conforme | AH84: Roniel Figueiredo - 27/03/2026 11:59:58 | AI84: Conforme | AJ84: Roniel Figueiredo - 27/03/2026 11:59:57 | AK84: Conforme | AL84: Roniel Figueiredo - 27/03/2026 11:59:55 | BS84: Não | BT84: Sim | BU84: 46108.5 | BV84: Sim | BW84: 46108.5 | BX84: Sim | BY84: 46108.5 | BZ84: Comissionamento Estático | CA84: Conforme | CB84: Roniel Figueiredo - 03/04/2026 10:09:35 | CD84: Roniel Figueiredo - 03/04/2026 10:09:44 | CF84: Roniel Figueiredo - 03/04/2026 10:09:45 | CH84: Roniel Figueiredo - 03/04/2026 10:09:47 | DE84: Não | DF84: Sim | DG84: 46115.423 | DH84: Não | DJ84: Não | DL84: Dinâmico Frio | EI84: Não | EJ84: Não | EL84: Dinâmico Quente | FI84: Não | FJ84: Não Aplica | FN84: Pendente | FP84: Roniel Figueiredo - 03/04/2026 10:09:47 | FQ84: Base de Dados_Images/03R050.Imagem do Equipamento-.145916.jpg | FR84: Roniel Figueiredo - 27/03/2026 12:00:11 | FU84: =FQ84 -> Base de Dados_Images/03R050.Imagem do Equipamento-.145916.jpg
A85: 10&20 - R.P.E | B85: DIFUSOR | C85: Difusor | D85: 03A050 | E85: Difusor | F85: Pré-Comissionamento | BS85: Não | BT85: Não | BV85: Não | BX85: Não | BZ85: Comissionamento Estático | DE85: Não | DF85: Não | DH85: Não | DJ85: Não | DL85: Dinâmico Frio | EI85: Não | EJ85: Não | EL85: Dinâmico Quente | FI85: Não | FJ85: Não | FN85: Pendente | FP85: Roniel Figueiredo - 27/03/2026 11:53:11 | FU85: =FQ85 | FV85: Registro Impossibilitado | FW85: Roniel Figueiredo - 03/27/2026 11:53:13
A86: 10&20 - R.P.E | B86: DIFUSOR | C86: Motor E Bomba | D86: 03-ES-180-M01 | E86: Bomba De Caldo Misto | F86: Pré-Comissionamento | G86: Conforme | H86: Gabriel Ribeiro Nunes Filho - 23/01/2026 14:58:17 | I86: Conforme | J86: Gabriel Ribeiro Nunes Filho - 23/01/2026 14:58:19 | K86: Conforme | L86: Gilmar de Sousa - 07/02/2026 08:02:44 | M86: Conforme | N86: Gabriel Ribeiro Nunes Filho - 23/01/2026 14:58:20 | O86: Conforme | P86: Gabriel Ribeiro Nunes Filho - 23/01/2026 15:18:41 | Q86: Conforme | R86: Gabriel Ribeiro Nunes Filho - 23/01/2026 15:18:42 | S86: Conforme | T86: Gabriel Ribeiro Nunes Filho - 23/01/2026 15:18:49 | U86: Conforme | V86: Gabriel Ribeiro Nunes Filho - 23/01/2026 15:18:48 | W86: Conforme | X86: Gabriel Ribeiro Nunes Filho - 23/01/2026 15:18:47 | Y86: Conforme | Z86: Gabriel Ribeiro Nunes Filho - 07/02/2026 08:32:46 | AA86: Conforme | AB86: Gabriel Ribeiro Nunes Filho - 23/01/2026 15:18:59 | AC86: Conforme | AD86: Gabriel Ribeiro Nunes Filho - 23/01/2026 15:18:58 | AE86: Conforme | AF86: Gabriel Ribeiro Nunes Filho - 23/01/2026 15:18:57 | AG86: Conforme | AH86: Gabriel Ribeiro Nunes Filho - 23/01/2026 15:18:56 | AI86: Conforme | AJ86: Gabriel Ribeiro Nunes Filho - 23/01/2026 15:18:55 | AK86: Conforme | AL86: Gilmar de Sousa - 07/02/2026 08:02:57 | AM86: Não Aplicável | AN86: Gabriel Ribeiro Nunes Filho - 23/01/2026 15:21:01 | AO86: Não Aplicável | AP86: Gabriel Ribeiro Nunes Filho - 23/01/2026 15:21:02 | BS86: Não | BT86: Sim | BU86: 46060.356 | BV86: Sim | BW86: 46060.335 | BX86: Sim | BY86: 46060.356 | BZ86: Comissionamento Estático | CA86: Conforme | CB86: Roniel Figueiredo - 28/03/2026 07:28:07 | CC86: Conforme | CD86: Roniel Figueiredo - 28/03/2026 07:28:09 | CE86: Conforme | CF86: Roniel Figueiredo - 28/03/2026 07:28:15 | CG86: Conforme | CH86: Roniel Figueiredo - 28/03/2026 07:28:23 | CI86: Conforme | CJ86: Roniel Figueiredo - 28/03/2026 07:28:29 | CK86: Conforme | CL86: Roniel Figueiredo - 28/03/2026 07:28:30 | DE86: Não | DF86: Sim | DG86: 46109.311 | DH86: Sim | DI86: 46109.311 | DJ86: Sim | DK86: 46109.311 | DL86: Dinâmico Frio | EI86: Não | EJ86: Não | EL86: Dinâmico Quente | FI86: Não | FJ86: Não | FN86: Pendente | FP86: Roniel Figueiredo - 28/03/2026 07:28:30 | FQ86: Base de Dados_Images/03-ES-180-M01.Imagem do Equipamento-.175751.jpg | FR86: Gabriel Ribeiro Nunes Filho - 23/01/2026 14:58:20 | FU86: =FQ86 -> Base de Dados_Images/03-ES-180-M01.Imagem do Equipamento-.175751.jpg
A87: 10&20 - R.P.E | B87: DIFUSOR | C87: Motor E Bomba | D87: 03-ES-190-M01 | E87: Bomba De Caldo Misto | F87: Pré-Comissionamento | G87: Conforme | H87: Roniel Figueiredo - 14/03/2026 14:15:10 | I87: Conforme | J87: Roniel Figueiredo - 14/03/2026 14:15:17 | K87: Conforme | L87: Roniel Figueiredo - 14/03/2026 14:15:24 | M87: Conforme | N87: Roniel Figueiredo - 14/03/2026 14:15:37 | O87: Conforme | P87: Roniel Figueiredo - 14/03/2026 14:15:54 | Q87: Conforme | R87: Roniel Figueiredo - 14/03/2026 14:16:02 | S87: Conforme | T87: Roniel Figueiredo - 14/03/2026 14:16:08 | U87: Conforme | V87: Roniel Figueiredo - 14/03/2026 14:16:22 | W87: Conforme | X87: Roniel Figueiredo - 14/03/2026 14:16:38 | Y87: Conforme | Z87: Roniel Figueiredo - 14/03/2026 14:17:01 | AA87: Conforme | AB87: Roniel Figueiredo - 14/03/2026 14:19:04 | AC87: Conforme | AD87: Roniel Figueiredo - 14/03/2026 14:19:12 | AE87: Conforme | AF87: Roniel Figueiredo - 14/03/2026 14:19:23 | AG87: Conforme | AH87: Roniel Figueiredo - 14/03/2026 14:19:26 | AI87: Conforme | AJ87: Roniel Figueiredo - 14/03/2026 14:19:31 | AK87: Conforme | AL87: Roniel Figueiredo - 14/03/2026 14:19:36 | AM87: Conforme | AN87: Roniel Figueiredo - 14/03/2026 14:19:37 | AO87: Conforme | AP87: Roniel Figueiredo - 14/03/2026 14:19:41 | BS87: Não | BT87: Sim | BU87: 46095.595 | BV87: Sim | BW87: 46095.597 | BX87: Sim | BY87: 46095.597 | BZ87: Comissionamento Estático | CA87: Conforme | CB87: Roniel Figueiredo - 28/03/2026 10:08:14 | CC87: Conforme | CD87: Roniel Figueiredo - 28/03/2026 10:08:16 | CE87: Conforme | CF87: Roniel Figueiredo - 03/04/2026 10:10:20 | CG87: Conforme | CH87: Roniel Figueiredo - 28/03/2026 10:08:23 | CI87: Conforme | CJ87: Roniel Figueiredo - 28/03/2026 10:08:25 | CK87: Conforme | CL87: Roniel Figueiredo - 28/03/2026 10:08:26 | DE87: Não | DF87: Sim | DG87: 46115.424 | DH87: Sim | DI87: 46109.423 | DJ87: Sim | DK87: 46115.424 | DL87: Dinâmico Frio | EI87: Não | EJ87: Não | EL87: Dinâmico Quente | FI87: Não | FJ87: Não | FN87: Pendente | FP87: Roniel Figueiredo - 03/04/2026 10:10:20 | FQ87: Base de Dados_Images/03-ES-190-M01.Imagem do Equipamento-.171653.jpg | FR87: Roniel Figueiredo - 14/03/2026 14:19:41 | FS87: Base de Dados_Images/03-ES-190-M01.Imagem da Plaqueta do Motor-.171653.jpg | FT87: Roniel Figueiredo - 14/03/2026 14:19:41 | FU87: =FQ87 -> Base de Dados_Images/03-ES-190-M01.Imagem do Equipamento-.171653.jpg
A88: 10&20 - R.P.E | B88: DIFUSOR | C88: Motor E Bomba | D88: 03-ES-200-M01 | E88: Bomba De Caldo Para Aquecedor | F88: Pré-Comissionamento | G88: Conforme | H88: Gabriel Ribeiro Nunes Filho - 22/01/2026 14:27:32 | I88: Conforme | J88: Gabriel Ribeiro Nunes Filho - 22/01/2026 14:27:36 | K88: Conforme | L88: Gabriel Ribeiro Nunes Filho - 22/01/2026 14:27:42 | M88: Conforme | N88: Gabriel Ribeiro Nunes Filho - 22/01/2026 14:27:48 | O88: Conforme | P88: Gabriel Ribeiro Nunes Filho - 22/01/2026 14:27:52 | Q88: Conforme | R88: Gabriel Ribeiro Nunes Filho - 22/01/2026 14:28:03 | S88: Conforme | T88: Gabriel Ribeiro Nunes Filho - 22/01/2026 14:28:36 | U88: Conforme | V88: Gabriel Ribeiro Nunes Filho - 22/01/2026 14:29:08 | W88: Conforme | X88: Gabriel Ribeiro Nunes Filho - 22/01/2026 14:29:15 | Y88: Conforme | Z88: Gabriel Ribeiro Nunes Filho - 07/02/2026 08:33:15 | AA88: Conforme | AB88: Gabriel Ribeiro Nunes Filho - 22/01/2026 14:29:21 | AC88: Conforme | AD88: Gabriel Ribeiro Nunes Filho - 22/01/2026 14:29:33 | AE88: Conforme | AF88: Gabriel Ribeiro Nunes Filho - 22/01/2026 14:29:36 | AG88: Conforme | AH88: Gabriel Ribeiro Nunes Filho - 22/01/2026 14:29:43 | AI88: Conforme | AJ88: Gabriel Ribeiro Nunes Filho - 22/01/2026 14:29:57 | AK88: Conforme | AL88: Gilmar de Sousa - 07/02/2026 08:04:07 | AM88: Não Aplicável | AN88: Gabriel Ribeiro Nunes Filho - 23/01/2026 15:21:44 | AO88: Não Aplicável | AP88: Gabriel Ribeiro Nunes Filho - 23/01/2026 15:21:45 | BS88: Não | BT88: Sim | BU88: 46060.356 | BV88: Sim | BW88: 46060.336 | BX88: Sim | BY88: 46060.356 | BZ88: Comissionamento Estático | CA88: Conforme | CB88: Roniel Figueiredo - 28/03/2026 07:28:45 | CC88: Conforme | CD88: Roniel Figueiredo - 28/03/2026 07:28:46 | CE88: Conforme | CF88: Roniel Figueiredo - 28/03/2026 07:28:46 | CG88: Conforme | CH88: Roniel Figueiredo - 28/03/2026 07:28:53 | CI88: Conforme | CJ88: Roniel Figueiredo - 28/03/2026 07:28:52 | CK88: Conforme | CL88: Roniel Figueiredo - 28/03/2026 07:28:51 | DE88: Não | DF88: Sim | DG88: 46109.312 | DH88: Sim | DI88: 46109.312 | DJ88: Sim | DK88: 46109.312 | DL88: Dinâmico Frio | EI88: Não | EJ88: Não | EL88: Dinâmico Quente | FI88: Não | FJ88: Não | FN88: Pendente | FP88: Roniel Figueiredo - 28/03/2026 07:28:53 | FQ88: Base de Dados_Images/03-ES-200-M01.Imagem do Equipamento-.172701.jpg | FR88: Gabriel Ribeiro Nunes Filho - 22/01/2026 14:31:11 | FS88: Base de Dados_Images/03-ES-200-M01.Imagem da Plaqueta do Motor-.173221.jpg | FT88: Gabriel Ribeiro Nunes Filho - 22/01/2026 14:32:08 | FU88: =FQ88 -> Base de Dados_Images/03-ES-200-M01.Imagem do Equipamento-.172701.jpg
A89: 10&20 - R.P.E | B89: DIFUSOR | C89: Motor E Bomba | D89: 03-ES-210-M01 | E89: Bomba De Caldo Para Aquecedor | F89: Pré-Comissionamento | G89: Conforme | H89: Gabriel Ribeiro Nunes Filho - 23/01/2026 14:59:26 | I89: Conforme | J89: Gabriel Ribeiro Nunes Filho - 23/01/2026 14:59:31 | K89: Conforme | L89: Gabriel Ribeiro Nunes Filho - 23/01/2026 14:59:27 | M89: Conforme | N89: Gabriel Ribeiro Nunes Filho - 23/01/2026 14:59:28 | O89: Conforme | P89: Gabriel Ribeiro Nunes Filho - 23/01/2026 14:59:35 | Q89: Conforme | R89: Gabriel Ribeiro Nunes Filho - 23/01/2026 14:59:40 | S89: Conforme | T89: Gabriel Ribeiro Nunes Filho - 23/01/2026 14:59:37 | U89: Conforme | V89: Gabriel Ribeiro Nunes Filho - 23/01/2026 14:59:44 | W89: Conforme | X89: Gabriel Ribeiro Nunes Filho - 23/01/2026 14:59:48 | Y89: Conforme | Z89: Gabriel Ribeiro Nunes Filho - 07/02/2026 08:34:09 | AA89: Conforme | AB89: Gabriel Ribeiro Nunes Filho - 23/01/2026 15:00:04 | AC89: Conforme | AD89: Gabriel Ribeiro Nunes Filho - 23/01/2026 15:00:06 | AE89: Conforme | AF89: Gabriel Ribeiro Nunes Filho - 23/01/2026 15:00:15 | AG89: Conforme | AH89: Gabriel Ribeiro Nunes Filho - 23/01/2026 15:00:23 | AI89: Conforme | AJ89: Gabriel Ribeiro Nunes Filho - 23/01/2026 15:00:28 | AK89: Conforme | AL89: Gilmar de Sousa - 07/02/2026 08:04:30 | AM89: Não Aplicável | AN89: Gabriel Ribeiro Nunes Filho - 07/02/2026 08:36:55 | AO89: Não Aplicável | AP89: Gabriel Ribeiro Nunes Filho - 07/02/2026 08:36:50 | BS89: Não | BT89: Sim | BU89: 46060.357 | BV89: Sim | BW89: 46060.336 | BX89: Sim | BY89: 46060.359 | BZ89: Comissionamento Estático | CA89: Conforme | CB89: Roniel Figueiredo - 28/03/2026 07:29:14 | CC89: Conforme | CD89: Roniel Figueiredo - 28/03/2026 07:29:14 | CE89: Conforme | CF89: Roniel Figueiredo - 28/03/2026 07:29:21 | CG89: Conforme | CH89: Roniel Figueiredo - 28/03/2026 07:29:20 | CI89: Conforme | CJ89: Roniel Figueiredo - 28/03/2026 07:29:19 | CK89: Conforme | CL89: Roniel Figueiredo - 28/03/2026 07:29:19 | DE89: Não | DF89: Sim | DG89: 46109.312 | DH89: Sim | DI89: 46109.312 | DJ89: Sim | DK89: 46109.312 | DL89: Dinâmico Frio | EI89: Não | EJ89: Não | EL89: Dinâmico Quente | FI89: Não | FJ89: Não | FN89: Pendente | FP89: Roniel Figueiredo - 28/03/2026 07:29:21 | FQ89: Base de Dados_Images/03-ES-210-M01.Imagem do Equipamento-.175922.jpg | FR89: Gabriel Ribeiro Nunes Filho - 23/01/2026 15:00:28 | FS89: Base de Dados_Images/03-ES-210-M01.Imagem da Plaqueta do Motor-.175922.jpg | FT89: Gabriel Ribeiro Nunes Filho - 23/01/2026 15:00:28 | FU89: =FQ89 -> Base de Dados_Images/03-ES-210-M01.Imagem do Equipamento-.175922.jpg
A90: 10&20 - R.P.E | B90: DIFUSOR | C90: Motor E Bomba | D90: 03-ES-220-M01 | E90: Bomba De Caldo Para Aquecedor | F90: Pré-Comissionamento | G90: Conforme | H90: Gabriel Ribeiro Nunes Filho - 22/01/2026 14:35:05 | I90: Conforme | J90: Gabriel Ribeiro Nunes Filho - 22/01/2026 14:35:07 | K90: Conforme | L90: Gabriel Ribeiro Nunes Filho - 22/01/2026 14:35:11 | M90: Conforme | N90: Gabriel Ribeiro Nunes Filho - 22/01/2026 14:35:16 | O90: Conforme | P90: Gabriel Ribeiro Nunes Filho - 22/01/2026 14:35:20 | Q90: Conforme | R90: Gabriel Ribeiro Nunes Filho - 22/01/2026 14:35:30 | S90: Conforme | T90: Gabriel Ribeiro Nunes Filho - 22/01/2026 14:35:34 | U90: Conforme | V90: Gabriel Ribeiro Nunes Filho - 22/01/2026 14:35:38 | W90: Conforme | X90: Gabriel Ribeiro Nunes Filho - 22/01/2026 14:35:50 | Y90: Conforme | Z90: Gabriel Ribeiro Nunes Filho - 07/02/2026 08:37:25 | AA90: Conforme | AB90: Gabriel Ribeiro Nunes Filho - 22/01/2026 14:36:04 | AC90: Conforme | AD90: Gabriel Ribeiro Nunes Filho - 22/01/2026 14:36:08 | AE90: Conforme | AF90: Gabriel Ribeiro Nunes Filho - 22/01/2026 14:36:13 | AG90: Conforme | AH90: Gilmar de Sousa - 07/02/2026 08:06:01 | AI90: Conforme | AJ90: Gabriel Ribeiro Nunes Filho - 22/01/2026 14:36:23 | AK90: Conforme | AL90: Gilmar de Sousa - 07/02/2026 08:05:14 | AM90: Não Aplicável | AN90: Gabriel Ribeiro Nunes Filho - 23/01/2026 15:20:46 | AO90: Não Aplicável | AP90: Gabriel Ribeiro Nunes Filho - 23/01/2026 15:20:47 | BS90: Não | BT90: Sim | BU90: 46060.359 | BV90: Sim | BW90: 46060.338 | BX90: Sim | BY90: 46060.359 | BZ90: Comissionamento Estático | CA90: Conforme | CB90: Roniel Figueiredo - 28/03/2026 07:29:41 | CC90: Conforme | CD90: Roniel Figueiredo - 28/03/2026 07:29:43 | CE90: Conforme | CF90: Roniel Figueiredo - 28/03/2026 07:29:46 | CG90: Conforme | CH90: Roniel Figueiredo - 28/03/2026 07:29:48 | CI90: Conforme | CJ90: Roniel Figueiredo - 28/03/2026 07:29:55 | CK90: Conforme | CL90: Roniel Figueiredo - 28/03/2026 07:29:57 | DE90: Não | DF90: Sim | DG90: 46109.312 | DH90: Sim | DI90: 46109.312 | DJ90: Sim | DK90: 46109.312 | DL90: Dinâmico Frio | EI90: Não | EJ90: Não | EL90: Dinâmico Quente | FI90: Não | FJ90: Não | FN90: Pendente | FP90: Roniel Figueiredo - 28/03/2026 07:29:57 | FQ90: Base de Dados_Images/03-ES-220-M01.Imagem do Equipamento-.173437.jpg | FR90: Gabriel Ribeiro Nunes Filho - 22/01/2026 14:33:56 | FS90: Base de Dados_Images/03-ES-220-M01.Imagem da Plaqueta do Motor-.173437.jpg | FT90: Gabriel Ribeiro Nunes Filho - 22/01/2026 14:34:30 | FU90: =FQ90 -> Base de Dados_Images/03-ES-220-M01.Imagem do Equipamento-.173437.jpg
A91: 10&20 - R.P.E | B91: DIFUSOR | C91: Motor E Bomba | D91: 03-ES-230-M01 | E91: Bomba De Recirculação De Caldo | F91: Pré-Comissionamento | G91: Conforme | H91: Roniel Figueiredo - 13/03/2026 08:15:38 | I91: Conforme | J91: Roniel Figueiredo - 13/03/2026 08:15:41 | K91: Conforme | L91: Roniel Figueiredo - 13/03/2026 08:15:43 | M91: Conforme | N91: Roniel Figueiredo - 13/03/2026 08:15:45 | O91: Conforme | P91: Roniel Figueiredo - 13/03/2026 08:15:48 | Q91: Conforme | R91: Roniel Figueiredo - 13/03/2026 08:15:49 | S91: Conforme | T91: Roniel Figueiredo - 13/03/2026 08:15:54 | U91: Conforme | V91: Roniel Figueiredo - 13/03/2026 08:15:55 | W91: Conforme | X91: Roniel Figueiredo - 13/03/2026 08:16:01 | Y91: Conforme | Z91: Roniel Figueiredo - 13/03/2026 08:16:06 | AA91: Conforme | AB91: Roniel Figueiredo - 13/03/2026 08:16:10 | AC91: Conforme | AD91: Roniel Figueiredo - 13/03/2026 08:16:16 | AE91: Conforme | AF91: Roniel Figueiredo - 13/03/2026 08:16:19 | AG91: Conforme | AH91: Roniel Figueiredo - 13/03/2026 08:16:28 | AI91: Conforme | AJ91: Roniel Figueiredo - 13/03/2026 08:16:31 | AK91: Conforme | AL91: Roniel Figueiredo - 13/03/2026 08:16:41 | AM91: Conforme | AN91: Roniel Figueiredo - 13/03/2026 08:16:53 | AO91: Conforme | AP91: Roniel Figueiredo - 13/03/2026 08:16:58 | BS91: Não | BT91: Sim | BU91: 46094.345 | BV91: Sim | BW91: 46094.345 | BX91: Sim | BY91: 46094.345 | BZ91: Comissionamento Estático | CA91: Conforme | CB91: Roniel Figueiredo - 28/03/2026 07:30:19 | CC91: Conforme | CD91: Roniel Figueiredo - 28/03/2026 07:30:24 | CE91: Conforme | CF91: Roniel Figueiredo - 28/03/2026 07:30:28 | CG91: Conforme | CH91: Roniel Figueiredo - 28/03/2026 07:30:29 | CI91: Conforme | CJ91: Roniel Figueiredo - 28/03/2026 07:30:31 | CK91: Conforme | CL91: Roniel Figueiredo - 28/03/2026 07:30:33 | DE91: Não | DF91: Sim | DG91: 46109.313 | DH91: Sim | DI91: 46109.313 | DJ91: Sim | DK91: 46109.313 | DL91: Dinâmico Frio | EI91: Não | EJ91: Não | EL91: Dinâmico Quente | FI91: Não | FJ91: Não | FN91: Pendente | FP91: Roniel Figueiredo - 28/03/2026 07:30:33 | FQ91: Base de Dados_Images/03-ES-230-M01.Imagem do Equipamento-.125620.jpg | FR91: Roniel Figueiredo - 13/03/2026 08:16:58 | FS91: Base de Dados_Images/03-ES-230-M01.Imagem da Plaqueta do Motor-.125620.jpg | FT91: Roniel Figueiredo - 13/03/2026 08:16:58 | FU91: =FQ91 -> Base de Dados_Images/03-ES-230-M01.Imagem do Equipamento-.125620.jpg
A92: 10&20 - R.P.E | B92: DIFUSOR | C92: Motor E Bomba | D92: 03-ES-240-M01 | E92: Bomba De Recirculação De Caldo | F92: Pré-Comissionamento | G92: Conforme | H92: Gabriel Ribeiro Nunes Filho - 23/01/2026 15:02:29 | I92: Conforme | J92: Gabriel Ribeiro Nunes Filho - 23/01/2026 15:02:31 | K92: Conforme | L92: Gabriel Ribeiro Nunes Filho - 23/01/2026 15:02:32 | M92: Conforme | N92: Gabriel Ribeiro Nunes Filho - 23/01/2026 15:02:34 | O92: Conforme | P92: Gabriel Ribeiro Nunes Filho - 23/01/2026 15:02:39 | Q92: Conforme | R92: Gabriel Ribeiro Nunes Filho - 23/01/2026 15:02:41 | S92: Conforme | T92: Gabriel Ribeiro Nunes Filho - 23/01/2026 15:02:43 | U92: Conforme | V92: Gabriel Ribeiro Nunes Filho - 23/01/2026 15:02:49 | W92: Conforme | X92: Gabriel Ribeiro Nunes Filho - 23/01/2026 15:02:52 | Y92: Conforme | Z92: Gabriel Ribeiro Nunes Filho - 07/02/2026 08:38:22 | AA92: Conforme | AB92: Gabriel Ribeiro Nunes Filho - 23/01/2026 15:03:02 | AC92: Conforme | AD92: Gabriel Ribeiro Nunes Filho - 23/01/2026 15:03:05 | AE92: Conforme | AF92: Gabriel Ribeiro Nunes Filho - 23/01/2026 15:03:16 | AG92: Conforme | AH92: Gabriel Ribeiro Nunes Filho - 23/01/2026 15:03:14 | AI92: Conforme | AJ92: Gabriel Ribeiro Nunes Filho - 23/01/2026 15:03:21 | AK92: Conforme | AL92: Gilmar de Sousa - 07/02/2026 08:07:48 | AM92: Não Aplicável | AN92: Gabriel Ribeiro Nunes Filho - 23/01/2026 15:22:12 | AO92: Não Aplicável | AP92: Gabriel Ribeiro Nunes Filho - 23/01/2026 15:22:13 | BS92: Não | BT92: Sim | BU92: 46060.36 | BV92: Sim | BW92: 46060.339 | BX92: Sim | BY92: 46060.36 | BZ92: Comissionamento Estático | CA92: Conforme | CB92: Roniel Figueiredo - 28/03/2026 07:30:47 | CC92: Conforme | CD92: Roniel Figueiredo - 28/03/2026 07:30:48 | CE92: Conforme | CF92: Roniel Figueiredo - 28/03/2026 07:30:57 | CG92: Conforme | CH92: Roniel Figueiredo - 28/03/2026 07:30:56 | CI92: Conforme | CJ92: Roniel Figueiredo - 28/03/2026 07:30:55 | CK92: Conforme | CL92: Roniel Figueiredo - 28/03/2026 07:30:54 | DE92: Não | DF92: Sim | DG92: 46109.313 | DH92: Sim | DI92: 46109.313 | DJ92: Sim | DK92: 46109.313 | DL92: Dinâmico Frio | EI92: Não | EJ92: Não | EL92: Dinâmico Quente | FI92: Não | FJ92: Não | FN92: Pendente | FP92: Roniel Figueiredo - 28/03/2026 07:30:57 | FQ92: Base de Dados_Images/03-ES-240-M01.Imagem do Equipamento-.180232.jpg | FR92: Gabriel Ribeiro Nunes Filho - 23/01/2026 15:03:21 | FS92: Base de Dados_Images/03-ES-240-M01.Imagem da Plaqueta do Motor-.180232.jpg | FT92: Gabriel Ribeiro Nunes Filho - 23/01/2026 15:03:21 | FU92: =FQ92 -> Base de Dados_Images/03-ES-240-M01.Imagem do Equipamento-.180232.jpg
A93: 10&20 - R.P.E | B93: DIFUSOR | C93: Motor E Bomba | D93: 03-ES-250-M01 | E93: Bomba De Recirculação De Caldo | F93: Pré-Comissionamento | G93: Conforme | H93: Roniel Figueiredo - 14/03/2026 14:26:08 | I93: Conforme | J93: Roniel Figueiredo - 14/03/2026 14:26:13 | K93: Conforme | L93: Roniel Figueiredo - 14/03/2026 14:26:15 | M93: Conforme | N93: Roniel Figueiredo - 14/03/2026 14:26:21 | O93: Conforme | P93: Roniel Figueiredo - 14/03/2026 14:26:26 | Q93: Conforme | R93: Roniel Figueiredo - 14/03/2026 14:26:29 | S93: Conforme | T93: Roniel Figueiredo - 14/03/2026 14:26:37 | U93: Conforme | V93: Roniel Figueiredo - 14/03/2026 14:26:45 | W93: Conforme | X93: Roniel Figueiredo - 14/03/2026 14:27:39 | Y93: Conforme | Z93: Roniel Figueiredo - 14/03/2026 14:27:47 | AA93: Conforme | AB93: Roniel Figueiredo - 14/03/2026 14:27:56 | AC93: Conforme | AD93: Roniel Figueiredo - 14/03/2026 14:27:53 | AE93: Conforme | AF93: Roniel Figueiredo - 14/03/2026 14:28:01 | AG93: Conforme | AH93: Roniel Figueiredo - 14/03/2026 14:28:06 | AI93: Conforme | AJ93: Roniel Figueiredo - 14/03/2026 14:28:10 | AK93: Conforme | AL93: Roniel Figueiredo - 14/03/2026 14:28:20 | AM93: Conforme | AN93: Roniel Figueiredo - 14/03/2026 14:28:31 | AO93: Conforme | AP93: Roniel Figueiredo - 14/03/2026 14:28:34 | BS93: Não | BT93: Sim | BU93: 46095.603 | BV93: Sim | BW93: 46095.603 | BX93: Sim | BY93: 46095.603 | BZ93: Comissionamento Estático | CA93: Conforme | CB93: Roniel Figueiredo - 28/03/2026 07:35:12 | CC93: Conforme | CD93: Roniel Figueiredo - 28/03/2026 07:35:12 | CE93: Conforme | CF93: Roniel Figueiredo - 28/03/2026 07:35:15 | CG93: Conforme | CH93: Roniel Figueiredo - 28/03/2026 07:35:16 | CI93: Conforme | CJ93: Roniel Figueiredo - 28/03/2026 07:35:19 | CK93: Conforme | CL93: Roniel Figueiredo - 28/03/2026 07:35:20 | DE93: Não | DF93: Sim | DG93: 46109.316 | DH93: Sim | DI93: 46109.316 | DJ93: Sim | DK93: 46109.316 | DL93: Dinâmico Frio | EI93: Não | EJ93: Não | EL93: Dinâmico Quente | FI93: Não | FJ93: Não | FN93: Pendente | FP93: Roniel Figueiredo - 28/03/2026 07:35:20 | FQ93: Base de Dados_Images/03-ES-250-M01.Imagem do Equipamento-.172836.jpg | FR93: Roniel Figueiredo - 14/03/2026 14:28:34 | FS93: Base de Dados_Images/03-ES-250-M01.Imagem da Plaqueta do Motor-.172836.jpg | FT93: Roniel Figueiredo - 14/03/2026 14:28:34 | FU93: =FQ93 -> Base de Dados_Images/03-ES-250-M01.Imagem do Equipamento-.172836.jpg
A94: 10&20 - R.P.E | B94: DIFUSOR | C94: Motor E Bomba | D94: 03-ES-260-M01 | E94: Bomba De Recirculação De Caldo | F94: Pré-Comissionamento | G94: Conforme | H94: Gabriel Ribeiro Nunes Filho - 23/01/2026 15:04:49 | I94: Conforme | J94: Gabriel Ribeiro Nunes Filho - 23/01/2026 15:04:51 | K94: Conforme | L94: Gabriel Ribeiro Nunes Filho - 23/01/2026 15:04:52 | M94: Conforme | N94: Gabriel Ribeiro Nunes Filho - 23/01/2026 15:04:54 | O94: Conforme | P94: Gabriel Ribeiro Nunes Filho - 23/01/2026 15:05:00 | Q94: Conforme | R94: Gabriel Ribeiro Nunes Filho - 23/01/2026 15:05:02 | S94: Conforme | T94: Gabriel Ribeiro Nunes Filho - 23/01/2026 15:05:03 | U94: Conforme | V94: Gabriel Ribeiro Nunes Filho - 23/01/2026 15:05:11 | W94: Conforme | X94: Gabriel Ribeiro Nunes Filho - 23/01/2026 15:05:09 | Y94: Conforme | Z94: Gabriel Ribeiro Nunes Filho - 07/02/2026 08:38:52 | AA94: Conforme | AB94: Gabriel Ribeiro Nunes Filho - 23/01/2026 15:05:18 | AC94: Conforme | AD94: Gabriel Ribeiro Nunes Filho - 23/01/2026 15:05:20 | AE94: Conforme | AF94: Gabriel Ribeiro Nunes Filho - 23/01/2026 15:05:26 | AG94: Conforme | AH94: Gabriel Ribeiro Nunes Filho - 23/01/2026 15:05:24 | AI94: Conforme | AJ94: Gabriel Ribeiro Nunes Filho - 23/01/2026 15:05:27 | AK94: Conforme | AL94: Gilmar de Sousa - 07/02/2026 08:08:37 | AM94: Não Aplicável | AN94: Gabriel Ribeiro Nunes Filho - 23/01/2026 15:22:39 | AO94: Não Aplicável | AP94: Gabriel Ribeiro Nunes Filho - 23/01/2026 15:22:40 | BS94: Não | BT94: Sim | BU94: 46060.36 | BV94: Sim | BW94: 46060.339 | BX94: Sim | BY94: 46060.36 | BZ94: Comissionamento Estático | CA94: Conforme | CB94: Roniel Figueiredo - 28/03/2026 08:40:03 | CC94: Conforme | CD94: Roniel Figueiredo - 28/03/2026 08:40:05 | CE94: Conforme | CF94: Roniel Figueiredo - 28/03/2026 08:40:07 | CG94: Conforme | CH94: Roniel Figueiredo - 28/03/2026 08:40:10 | CI94: Conforme | CJ94: Roniel Figueiredo - 28/03/2026 08:40:15 | CK94: Conforme | CL94: Roniel Figueiredo - 28/03/2026 08:40:16 | DE94: Não | DF94: Sim | DG94: 46109.361 | DH94: Sim | DI94: 46109.361 | DJ94: Sim | DK94: 46109.361 | DL94: Dinâmico Frio | EI94: Não | EJ94: Não | EL94: Dinâmico Quente | FI94: Não | FJ94: Não | FN94: Pendente | FP94: Roniel Figueiredo - 28/03/2026 08:40:16 | FQ94: Base de Dados_Images/03-ES-260-M01.Imagem do Equipamento-.180452.jpg | FR94: Gabriel Ribeiro Nunes Filho - 23/01/2026 15:05:27 | FS94: Base de Dados_Images/03-ES-260-M01.Imagem da Plaqueta do Motor-.180452.jpg | FT94: Gabriel Ribeiro Nunes Filho - 23/01/2026 15:05:27 | FU94: =FQ94 -> Base de Dados_Images/03-ES-260-M01.Imagem do Equipamento-.180452.jpg
A95: 10&20 - R.P.E | B95: DIFUSOR | C95: Motor E Bomba | D95: 03-ES-270-M01 | E95: Bomba De Recirculação De Caldo | F95: Pré-Comissionamento | G95: Conforme | H95: Gabriel Ribeiro Nunes Filho - 23/01/2026 15:06:59 | I95: Conforme | J95: Gabriel Ribeiro Nunes Filho - 23/01/2026 15:07:01 | K95: Conforme | L95: Gabriel Ribeiro Nunes Filho - 23/01/2026 15:07:03 | M95: Conforme | N95: Gabriel Ribeiro Nunes Filho - 23/01/2026 15:07:04 | O95: Conforme | P95: Gabriel Ribeiro Nunes Filho - 23/01/2026 15:07:05 | Q95: Conforme | R95: Gabriel Ribeiro Nunes Filho - 23/01/2026 15:07:21 | S95: Conforme | T95: Gabriel Ribeiro Nunes Filho - 23/01/2026 15:07:17 | U95: Conforme | V95: Gabriel Ribeiro Nunes Filho - 23/01/2026 15:07:16 | W95: Conforme | X95: Gabriel Ribeiro Nunes Filho - 23/01/2026 15:07:14 | Y95: Conforme | Z95: Gabriel Ribeiro Nunes Filho - 07/02/2026 08:39:10 | AA95: Conforme | AB95: Gabriel Ribeiro Nunes Filho - 23/01/2026 15:07:52 | AC95: Conforme | AD95: Gabriel Ribeiro Nunes Filho - 23/01/2026 15:07:53 | AE95: Conforme | AF95: Gabriel Ribeiro Nunes Filho - 23/01/2026 15:07:55 | AG95: Conforme | AH95: Gabriel Ribeiro Nunes Filho - 23/01/2026 15:08:17 | AI95: Conforme | AJ95: Gabriel Ribeiro Nunes Filho - 23/01/2026 15:08:19 | AK95: Conforme | AL95: Gilmar de Sousa - 07/02/2026 08:09:06 | AM95: Não Aplicável | AN95: Gabriel Ribeiro Nunes Filho - 23/01/2026 15:09:03 | AO95: Não Aplicável | AP95: Gabriel Ribeiro Nunes Filho - 23/01/2026 15:09:05 | BS95: Não | BT95: Sim | BU95: 46060.361 | BV95: Sim | BW95: 46060.34 | BX95: Sim | BY95: 46060.361 | BZ95: Comissionamento Estático | CA95: Conforme | CB95: Roniel Figueiredo - 28/03/2026 08:44:56 | CC95: Conforme | CD95: Roniel Figueiredo - 28/03/2026 08:45:00 | CE95: Conforme | CF95: Roniel Figueiredo - 28/03/2026 08:45:01 | CG95: Conforme | CH95: Roniel Figueiredo - 28/03/2026 08:45:02 | CI95: Conforme | CJ95: Roniel Figueiredo - 28/03/2026 08:45:06 | CK95: Conforme | CL95: Roniel Figueiredo - 28/03/2026 08:45:05 | DE95: Não | DF95: Sim | DG95: 46109.365 | DH95: Sim | DI95: 46109.365 | DJ95: Sim | DK95: 46109.365 | DL95: Dinâmico Frio | EI95: Não | EJ95: Não | EL95: Dinâmico Quente | FI95: Não | FJ95: Não | FN95: Pendente | FP95: Roniel Figueiredo - 28/03/2026 08:45:06 | FQ95: Base de Dados_Images/03-ES-270-M01.Imagem do Equipamento-.190429.jpg | FR95: Roniel Figueiredo - 03/02/2026 16:04:24 | FS95: Base de Dados_Images/03-ES-270-M01.Imagem da Plaqueta do Motor-.180700.jpg | FT95: Gabriel Ribeiro Nunes Filho - 23/01/2026 15:09:05 | FU95: =FQ95 -> Base de Dados_Images/03-ES-270-M01.Imagem do Equipamento-.190429.jpg
A96: 10&20 - R.P.E | B96: DIFUSOR | C96: Motor E Bomba | D96: 03-ES-280-M01 | E96: Bomba De Recirculação De Caldo | F96: Pré-Comissionamento | G96: Conforme | H96: Gabriel Ribeiro Nunes Filho - 23/01/2026 15:14:48 | I96: Conforme | J96: Gabriel Ribeiro Nunes Filho - 07/02/2026 08:26:21 | K96: Conforme | L96: Gabriel Ribeiro Nunes Filho - 23/01/2026 15:14:49 | M96: Conforme | N96: Gabriel Ribeiro Nunes Filho - 23/01/2026 15:14:51 | O96: Conforme | P96: Gabriel Ribeiro Nunes Filho - 23/01/2026 15:14:52 | Q96: Conforme | R96: Gabriel Ribeiro Nunes Filho - 23/01/2026 15:14:53 | S96: Conforme | T96: Gabriel Ribeiro Nunes Filho - 23/01/2026 15:14:55 | U96: Conforme | V96: Gabriel Ribeiro Nunes Filho - 23/01/2026 15:15:07 | W96: Conforme | X96: Gabriel Ribeiro Nunes Filho - 23/01/2026 15:15:08 | Y96: Conforme | Z96: Gabriel Ribeiro Nunes Filho - 07/02/2026 08:39:42 | AA96: Conforme | AB96: Gabriel Ribeiro Nunes Filho - 23/01/2026 15:15:11 | AC96: Conforme | AD96: Gabriel Ribeiro Nunes Filho - 23/01/2026 15:15:12 | AE96: Conforme | AF96: Gabriel Ribeiro Nunes Filho - 23/01/2026 15:15:19 | AG96: Conforme | AH96: Gabriel Ribeiro Nunes Filho - 23/01/2026 15:15:25 | AI96: Conforme | AJ96: Gabriel Ribeiro Nunes Filho - 23/01/2026 15:15:26 | AK96: Conforme | AL96: Gilmar de Sousa - 07/02/2026 08:09:41 | AM96: Não Aplicável | AN96: Gabriel Ribeiro Nunes Filho - 23/01/2026 15:23:21 | AO96: Não Aplicável | AP96: Gabriel Ribeiro Nunes Filho - 23/01/2026 15:23:23 | BS96: Não | BT96: Sim | BU96: 46060.361 | BV96: Sim | BW96: 46060.34 | BX96: Sim | BY96: 46060.361 | BZ96: Comissionamento Estático | CA96: Conforme | CB96: Roniel Figueiredo - 28/03/2026 08:46:46 | CC96: Conforme | CD96: Roniel Figueiredo - 28/03/2026 08:46:48 | CE96: Conforme | CF96: Roniel Figueiredo - 28/03/2026 08:46:49 | CG96: Conforme | CH96: Roniel Figueiredo - 28/03/2026 08:46:49 | CI96: Conforme | CJ96: Roniel Figueiredo - 28/03/2026 08:46:54 | CK96: Conforme | CL96: Roniel Figueiredo - 28/03/2026 08:46:53 | DE96: Não | DF96: Sim | DG96: 46109.366 | DH96: Sim | DI96: 46109.366 | DJ96: Sim | DK96: 46109.366 | DL96: Dinâmico Frio | EI96: Não | EJ96: Não | EL96: Dinâmico Quente | FI96: Não | FJ96: Não | FN96: Pendente | FP96: Roniel Figueiredo - 28/03/2026 08:46:54 | FQ96: Base de Dados_Images/03-ES-280-M01.Imagem do Equipamento-.190300.jpg | FR96: Roniel Figueiredo - 03/02/2026 16:02:43 | FS96: Base de Dados_Images/03-ES-280-M01.Imagem da Plaqueta do Motor-.181501.jpg | FT96: Gabriel Ribeiro Nunes Filho - 23/01/2026 15:14:43 | FU96: =FQ96 -> Base de Dados_Images/03-ES-280-M01.Imagem do Equipamento-.190300.jpg
A97: 10&20 - R.P.E | B97: DIFUSOR | C97: Motor E Bomba | D97: 03-ES-290-M01 | E97: Bomba De Recirculação De Caldo | F97: Pré-Comissionamento | G97: Conforme | H97: Gabriel Ribeiro Nunes Filho - 23/01/2026 15:16:31 | I97: Conforme | J97: Gabriel Ribeiro Nunes Filho - 23/01/2026 15:16:27 | K97: Conforme | L97: Gabriel Ribeiro Nunes Filho - 23/01/2026 15:16:26 | M97: Conforme | N97: Gabriel Ribeiro Nunes Filho - 23/01/2026 15:16:24 | O97: Conforme | P97: Gabriel Ribeiro Nunes Filho - 23/01/2026 15:16:23 | Q97: Conforme | R97: Gabriel Ribeiro Nunes Filho - 23/01/2026 15:16:22 | S97: Conforme | T97: Gabriel Ribeiro Nunes Filho - 23/01/2026 15:16:19 | U97: Conforme | V97: Gabriel Ribeiro Nunes Filho - 23/01/2026 15:16:18 | W97: Conforme | X97: Gabriel Ribeiro Nunes Filho - 23/01/2026 15:16:17 | Y97: Conforme | Z97: Gabriel Ribeiro Nunes Filho - 07/02/2026 08:40:19 | AA97: Conforme | AB97: Gabriel Ribeiro Nunes Filho - 23/01/2026 15:16:50 | AC97: Conforme | AD97: Gabriel Ribeiro Nunes Filho - 23/01/2026 15:16:45 | AE97: Conforme | AF97: Gabriel Ribeiro Nunes Filho - 23/01/2026 15:16:44 | AG97: Conforme | AH97: Gabriel Ribeiro Nunes Filho - 23/01/2026 15:16:43 | AI97: Conforme | AJ97: Gabriel Ribeiro Nunes Filho - 23/01/2026 15:16:40 | AK97: Conforme | AL97: Gilmar de Sousa - 07/02/2026 08:09:59 | AM97: Conforme | AN97: Gabriel Ribeiro Nunes Filho - 23/01/2026 15:16:36 | AO97: Conforme | AP97: Gabriel Ribeiro Nunes Filho - 23/01/2026 15:16:35 | BS97: Não | BT97: Sim | BU97: 46060.361 | BV97: Sim | BW97: 46060.34 | BX97: Sim | BY97: 46060.361 | BZ97: Comissionamento Estático | CA97: Conforme | CB97: Roniel Figueiredo - 28/03/2026 08:48:08 | CC97: Conforme | CD97: Roniel Figueiredo - 28/03/2026 08:48:09 | CE97: Conforme | CF97: Roniel Figueiredo - 28/03/2026 08:48:11 | CG97: Conforme | CH97: Roniel Figueiredo - 28/03/2026 08:48:15 | CI97: Conforme | CJ97: Roniel Figueiredo - 28/03/2026 08:48:16 | CK97: Conforme | CL97: Roniel Figueiredo - 28/03/2026 08:48:17 | DE97: Não | DF97: Sim | DG97: 46109.367 | DH97: Sim | DI97: 46109.367 | DJ97: Sim | DK97: 46109.367 | DL97: Dinâmico Frio | EI97: Não | EJ97: Não | EL97: Dinâmico Quente | FI97: Não | FJ97: Não | FN97: Pendente | FP97: Roniel Figueiredo - 28/03/2026 08:48:17 | FQ97: Base de Dados_Images/03-ES-290-M01.Imagem do Equipamento-.190102.jpg | FR97: Roniel Figueiredo - 03/02/2026 16:00:57 | FS97: Base de Dados_Images/03-ES-290-M01.Imagem da Plaqueta do Motor-.181642.jpg | FT97: Gabriel Ribeiro Nunes Filho - 23/01/2026 15:16:07 | FU97: =FQ97 -> Base de Dados_Images/03-ES-290-M01.Imagem do Equipamento-.190102.jpg
A98: 10&20 - R.P.E | B98: DIFUSOR | C98: Motor E Bomba | D98: 03-ES-300-M01 | E98: Bomba De Recirculação De Caldo | F98: Pré-Comissionamento | G98: Conforme | H98: Gabriel Ribeiro Nunes Filho - 23/01/2026 15:17:33 | I98: Conforme | J98: Gabriel Ribeiro Nunes Filho - 23/01/2026 15:17:34 | K98: Conforme | L98: Gabriel Ribeiro Nunes Filho - 23/01/2026 15:17:35 | M98: Conforme | N98: Gabriel Ribeiro Nunes Filho - 23/01/2026 15:17:36 | O98: Conforme | P98: Gabriel Ribeiro Nunes Filho - 23/01/2026 15:17:47 | Q98: Conforme | R98: Gabriel Ribeiro Nunes Filho - 23/01/2026 15:17:46 | S98: Conforme | T98: Gabriel Ribeiro Nunes Filho - 23/01/2026 15:17:45 | U98: Conforme | V98: Gabriel Ribeiro Nunes Filho - 23/01/2026 15:17:44 | W98: Conforme | X98: Gabriel Ribeiro Nunes Filho - 23/01/2026 15:17:43 | Y98: Conforme | Z98: Gabriel Ribeiro Nunes Filho - 07/02/2026 08:40:48 | AA98: Conforme | AB98: Gabriel Ribeiro Nunes Filho - 23/01/2026 15:18:01 | AC98: Conforme | AD98: Gabriel Ribeiro Nunes Filho - 23/01/2026 15:17:57 | AE98: Conforme | AF98: Gabriel Ribeiro Nunes Filho - 23/01/2026 15:17:56 | AG98: Conforme | AH98: Gabriel Ribeiro Nunes Filho - 23/01/2026 15:17:55 | AI98: Conforme | AJ98: Gabriel Ribeiro Nunes Filho - 23/01/2026 15:17:54 | AK98: Conforme | AL98: Gilmar de Sousa - 07/02/2026 08:10:26 | AM98: Conforme | AN98: Gabriel Ribeiro Nunes Filho - 23/01/2026 15:18:06 | AO98: Conforme | AP98: Gabriel Ribeiro Nunes Filho - 23/01/2026 15:18:08 | BS98: Não | BT98: Sim | BU98: 46060.362 | BV98: Sim | BW98: 46060.341 | BX98: Sim | BY98: 46060.362 | BZ98: Comissionamento Estático | CA98: Conforme | CB98: Roniel Figueiredo - 28/03/2026 08:48:43 | CC98: Conforme | CD98: Roniel Figueiredo - 28/03/2026 08:48:44 | CE98: Conforme | CF98: Roniel Figueiredo - 28/03/2026 08:48:45 | CG98: Conforme | CH98: Roniel Figueiredo - 28/03/2026 08:48:51 | CI98: Conforme | CJ98: Roniel Figueiredo - 28/03/2026 08:48:50 | CK98: Conforme | CL98: Roniel Figueiredo - 28/03/2026 08:48:49 | DE98: Não | DF98: Sim | DG98: 46109.367 | DH98: Sim | DI98: 46109.367 | DJ98: Sim | DK98: 46109.367 | DL98: Dinâmico Frio | EI98: Não | EJ98: Não | EL98: Dinâmico Quente | FI98: Não | FJ98: Não | FN98: Pendente | FP98: Roniel Figueiredo - 28/03/2026 08:48:51 | FQ98: Base de Dados_Images/03-ES-300-M01.Imagem do Equipamento-.181839.jpg | FR98: Gabriel Ribeiro Nunes Filho - 23/01/2026 15:17:15 | FS98: Base de Dados_Images/03-ES-300-M01.Imagem da Plaqueta do Motor-.185812.jpg | FT98: Roniel Figueiredo - 03/02/2026 15:58:01 | FU98: =FQ98 -> Base de Dados_Images/03-ES-300-M01.Imagem do Equipamento-.181839.jpg
A99: 10&20 - R.P.E | B99: DIFUSOR | C99: Motor E Bomba | D99: 03-ES-310-M01 | E99: Bomba De Recirculação De Caldo | F99: Pré-Comissionamento | G99: Conforme | H99: Roniel Figueiredo - 14/03/2026 12:13:27 | I99: Conforme | J99: Roniel Figueiredo - 14/03/2026 12:13:28 | K99: Conforme | L99: Roniel Figueiredo - 14/03/2026 12:13:31 | M99: Conforme | N99: Roniel Figueiredo - 14/03/2026 12:13:36 | O99: Conforme | P99: Roniel Figueiredo - 14/03/2026 12:13:37 | Q99: Conforme | R99: Roniel Figueiredo - 14/03/2026 12:13:41 | S99: Conforme | T99: Roniel Figueiredo - 14/03/2026 12:13:43 | U99: Conforme | V99: Roniel Figueiredo - 14/03/2026 12:13:44 | W99: Conforme | X99: Roniel Figueiredo - 14/03/2026 12:13:50 | Y99: Conforme | Z99: Roniel Figueiredo - 14/03/2026 12:14:03 | AA99: Conforme | AB99: Roniel Figueiredo - 14/03/2026 12:14:04 | AC99: Conforme | AD99: Roniel Figueiredo - 14/03/2026 12:14:08 | AE99: Conforme | AF99: Roniel Figueiredo - 14/03/2026 12:14:11 | AG99: Conforme | AH99: Roniel Figueiredo - 14/03/2026 12:14:25 | AI99: Conforme | AJ99: Roniel Figueiredo - 14/03/2026 12:14:23 | AK99: Conforme | AL99: Roniel Figueiredo - 14/03/2026 12:14:19 | AM99: Conforme | AN99: Roniel Figueiredo - 14/03/2026 12:14:17 | AO99: Conforme | AP99: Roniel Figueiredo - 14/03/2026 12:14:15 | BS99: Não | BT99: Sim | BU99: 46095.51 | BV99: Sim | BW99: 46095.51 | BX99: Sim | BY99: 46095.51 | BZ99: Comissionamento Estático | DE99: Não | DF99: Não | DH99: Não | DJ99: Não | DL99: Dinâmico Frio | EI99: Não | EJ99: Não | EL99: Dinâmico Quente | FI99: Não | FJ99: Não | FN99: Pendente | FP99: Roniel Figueiredo - 14/03/2026 12:14:25 | FQ99: Base de Dados_Images/03-ES-310-M01.Imagem do Equipamento-.151319.jpg | FR99: Roniel Figueiredo - 14/03/2026 12:14:25 | FS99: Base de Dados_Images/03-ES-310-M01.Imagem da Plaqueta do Motor-.151319.jpg | FT99: Roniel Figueiredo - 14/03/2026 12:14:25 | FU99: =FQ99 -> Base de Dados_Images/03-ES-310-M01.Imagem do Equipamento-.151319.jpg
A100: 10&20 - R.P.E | B100: DIFUSOR | C100: Motor E Bomba | D100: 03-ES-320-M01 | E100: Bomba De Recirculação De Caldo | F100: Pré-Comissionamento | G100: Conforme | H100: Roniel Figueiredo - 14/03/2026 12:16:17 | I100: Conforme | J100: Roniel Figueiredo - 14/03/2026 12:16:19 | K100: Conforme | L100: Roniel Figueiredo - 14/03/2026 12:16:22 | M100: Conforme | N100: Roniel Figueiredo - 14/03/2026 12:16:29 | O100: Conforme | P100: Roniel Figueiredo - 14/03/2026 12:16:32 | Q100: Conforme | R100: Roniel Figueiredo - 14/03/2026 12:16:36 | S100: Conforme | T100: Roniel Figueiredo - 14/03/2026 12:16:41 | U100: Conforme | V100: Roniel Figueiredo - 14/03/2026 12:16:46 | W100: Conforme | X100: Roniel Figueiredo - 14/03/2026 12:16:51 | Y100: Conforme | Z100: Roniel Figueiredo - 14/03/2026 12:16:54 | AA100: Conforme | AB100: Roniel Figueiredo - 14/03/2026 12:17:00 | AC100: Conforme | AD100: Roniel Figueiredo - 14/03/2026 12:17:03 | AE100: Conforme | AF100: Roniel Figueiredo - 14/03/2026 14:13:03 | AG100: Conforme | AH100: Roniel Figueiredo - 14/03/2026 12:17:07 | AI100: Conforme | AJ100: Roniel Figueiredo - 14/03/2026 12:17:09 | AK100: Conforme | AL100: Roniel Figueiredo - 14/03/2026 12:17:10 | AM100: Conforme | AN100: Roniel Figueiredo - 14/03/2026 12:17:20 | AO100: Conforme | AP100: Roniel Figueiredo - 14/03/2026 12:17:21 | BS100: Não | BT100: Sim | BU100: 46095.512 | BV100: Sim | BW100: 46095.592 | BX100: Sim | BY100: 46095.592 | BZ100: Comissionamento Estático | CA100: Conforme | CB100: Roniel Figueiredo - 07/04/2026 09:45:54 | CC100: Conforme | CD100: Roniel Figueiredo - 07/04/2026 09:45:57 | CE100: Conforme | CF100: Roniel Figueiredo - 07/04/2026 09:45:58 | CG100: Conforme | CH100: Roniel Figueiredo - 07/04/2026 09:46:00 | CI100: Conforme | CJ100: Roniel Figueiredo - 07/04/2026 09:46:02 | CK100: Conforme | CL100: Roniel Figueiredo - 07/04/2026 09:46:06 | DE100: Não | DF100: Sim | DG100: 46119.407 | DH100: Sim | DI100: 46119.407 | DJ100: Sim | DK100: 46119.407 | DL100: Dinâmico Frio | EI100: Não | EJ100: Não | EL100: Dinâmico Quente | FI100: Não | FJ100: Não | FN100: Pendente | FP100: Roniel Figueiredo - 07/04/2026 09:46:06 | FQ100: Base de Dados_Images/03-ES-320-M01.Imagem do Equipamento-.151609.jpg | FR100: Roniel Figueiredo - 14/03/2026 12:17:21 | FS100: Base de Dados_Images/03-ES-320-M01.Imagem da Plaqueta do Motor-.151609.jpg | FT100: Roniel Figueiredo - 14/03/2026 12:17:21 | FU100: =FQ100 -> Base de Dados_Images/03-ES-320-M01.Imagem do Equipamento-.151609.jpg
A101: 10&20 - R.P.E | B101: DIFUSOR | C101: Motor E Bomba | D101: 03-ES-340-M01 | E101: Bomba De Lavagem De Corrente Do Difusor | F101: Pré-Comissionamento | G101: Conforme | H101: Roniel Figueiredo - 19/03/2026 16:16:18 | I101: Conforme | J101: Roniel Figueiredo - 19/03/2026 16:16:25 | K101: Conforme | L101: Roniel Figueiredo - 19/03/2026 16:16:29 | M101: Conforme | N101: Roniel Figueiredo - 19/03/2026 16:16:32 | O101: Conforme | P101: Roniel Figueiredo - 19/03/2026 16:16:35 | Q101: Conforme | R101: Roniel Figueiredo - 19/03/2026 16:16:39 | S101: Conforme | T101: Roniel Figueiredo - 19/03/2026 16:16:44 | U101: Conforme | V101: Roniel Figueiredo - 19/03/2026 16:16:47 | W101: Conforme | X101: Roniel Figueiredo - 19/03/2026 16:16:50 | Y101: Conforme | Z101: Roniel Figueiredo - 19/03/2026 16:17:03 | AA101: Conforme | AB101: Roniel Figueiredo - 19/03/2026 16:16:59 | AC101: Conforme | AD101: Roniel Figueiredo - 19/03/2026 16:17:06 | AE101: Conforme | AF101: Roniel Figueiredo - 19/03/2026 16:17:16 | AG101: Conforme | AH101: Roniel Figueiredo - 19/03/2026 16:17:19 | AI101: Conforme | AJ101: Roniel Figueiredo - 19/03/2026 16:17:13 | AK101: Conforme | AL101: Roniel Figueiredo - 19/03/2026 16:17:11 | AM101: Conforme | AN101: Roniel Figueiredo - 19/03/2026 16:17:23 | AO101: Conforme | AP101: Roniel Figueiredo - 19/03/2026 16:17:25 | BS101: Não | BT101: Sim | BU101: 46100.679 | BV101: Sim | BW101: 46100.679 | BX101: Sim | BY101: 46100.679 | BZ101: Comissionamento Estático | DE101: Não | DF101: Não | DH101: Não | DJ101: Não | DL101: Dinâmico Frio | EI101: Não | EJ101: Não | EL101: Dinâmico Quente | FI101: Não | FJ101: Não | FN101: Pendente | FP101: Roniel Figueiredo - 19/03/2026 16:17:25 | FQ101: Base de Dados_Images/03-ES-340-M01.Imagem do Equipamento-.191613.jpg | FR101: Roniel Figueiredo - 19/03/2026 16:17:25 | FS101: Base de Dados_Images/03-ES-340-M01.Imagem da Plaqueta do Motor-.191613.jpg | FT101: Roniel Figueiredo - 19/03/2026 16:17:25 | FU101: =FQ101 -> Base de Dados_Images/03-ES-340-M01.Imagem do Equipamento-.191613.jpg
A102: 10&20 - R.P.E | B102: DIFUSOR | C102: Motoredutor | D102: 03-ES-050-M20 | E102: Acionamento Principal Esteira Do Difusor | F102: Pré-Comissionamento | G102: Conforme | H102: Roniel Figueiredo - 25/03/2026 08:21:32 | I102: Conforme | J102: Roniel Figueiredo - 25/03/2026 08:21:34 | K102: Conforme | L102: Roniel Figueiredo - 25/03/2026 08:21:42 | M102: Conforme | N102: Roniel Figueiredo - 25/03/2026 08:21:56 | O102: Conforme | P102: Roniel Figueiredo - 25/03/2026 08:22:00 | Q102: Conforme | R102: Roniel Figueiredo - 25/03/2026 08:22:03 | S102: Conforme | T102: Roniel Figueiredo - 25/03/2026 08:22:07 | U102: Conforme | V102: Roniel Figueiredo - 25/03/2026 08:22:08 | W102: Conforme | X102: Roniel Figueiredo - 25/03/2026 08:22:16 | Y102: Conforme | Z102: Roniel Figueiredo - 25/03/2026 08:22:14 | AA102: Conforme | AB102: Roniel Figueiredo - 25/03/2026 08:22:26 | AC102: Conforme | AD102: Roniel Figueiredo - 25/03/2026 08:22:27 | AE102: Conforme | AF102: Roniel Figueiredo - 25/03/2026 08:22:28 | BS102: Não | BT102: Sim | BU102: 46106.349 | BV102: Sim | BW102: 46106.349 | BX102: Sim | BY102: 46106.349 | BZ102: Comissionamento Estático | DE102: Não | DF102: Não | DH102: Não | DJ102: Não | DL102: Dinâmico Frio | EI102: Não | EJ102: Não | EL102: Dinâmico Quente | FI102: Não | FJ102: Não | FN102: Pendente | FP102: Roniel Figueiredo - 25/03/2026 08:22:28 | FQ102: Base de Dados_Images/03-ES-050-M20.Imagem do Equipamento-.112139.jpg | FR102: Roniel Figueiredo - 25/03/2026 08:22:28 | FS102: Base de Dados_Images/03-ES-050-M20.Imagem da Plaqueta do Motor-.112139.jpg | FT102: Roniel Figueiredo - 25/03/2026 08:22:28 | FU102: =FQ102 -> Base de Dados_Images/03-ES-050-M20.Imagem do Equipamento-.112139.jpg
A103: 10&20 - R.P.E | B103: DIFUSOR | C103: Motoredutor | D103: 03-ES-050-M22 | E103: Descarregador Rotativo | F103: Pré-Comissionamento | G103: Conforme | H103: Roniel Figueiredo - 27/03/2026 11:54:35 | I103: Conforme | J103: Roniel Figueiredo - 27/03/2026 11:54:37 | K103: Conforme | L103: Roniel Figueiredo - 27/03/2026 11:54:39 | M103: Conforme | N103: Roniel Figueiredo - 27/03/2026 11:54:44 | O103: Conforme | P103: Roniel Figueiredo - 27/03/2026 11:54:50 | Q103: Conforme | R103: Roniel Figueiredo - 27/03/2026 11:54:56 | S103: Conforme | T103: Roniel Figueiredo - 27/03/2026 11:55:03 | U103: Conforme | V103: Roniel Figueiredo - 27/03/2026 11:55:06 | W103: Conforme | X103: Roniel Figueiredo - 27/03/2026 11:55:10 | Y103: Conforme | Z103: Roniel Figueiredo - 27/03/2026 11:55:12 | AA103: Conforme | AB103: Roniel Figueiredo - 27/03/2026 11:55:13 | AC103: Conforme | AD103: Roniel Figueiredo - 27/03/2026 11:55:14 | AE103: Conforme | AF103: Roniel Figueiredo - 27/03/2026 11:55:20 | BS103: Não | BT103: Sim | BU103: 46108.496 | BV103: Sim | BW103: 46108.497 | BX103: Sim | BY103: 46108.497 | BZ103: Comissionamento Estático | DE103: Não | DF103: Não | DH103: Não | DJ103: Não | DL103: Dinâmico Frio | EI103: Não | EJ103: Não | EL103: Dinâmico Quente | FI103: Não | FJ103: Não | FN103: Pendente | FP103: Roniel Figueiredo - 27/03/2026 11:55:20 | FQ103: Base de Dados_Images/03-ES-050-M22.Imagem do Equipamento-.145421.jpg | FR103: Roniel Figueiredo - 27/03/2026 11:55:20 | FS103: Base de Dados_Images/03-ES-050-M22.Imagem da Plaqueta do Motor-.145433.jpg | FT103: Roniel Figueiredo - 27/03/2026 11:55:20 | FU103: =FQ103 -> Base de Dados_Images/03-ES-050-M22.Imagem do Equipamento-.145421.jpg
A104: 10&20 - R.P.E | B104: DIFUSOR | C104: Rosca Afofadora | D104: 03-ES-050-M02 | E104: Acionamento Rosca Afofadora 1 | F104: Pré-Comissionamento | G104: Conforme | H104: Roniel Figueiredo - 21/03/2026 09:03:59 | I104: Conforme | J104: Roniel Figueiredo - 21/03/2026 09:04:01 | K104: Conforme | L104: Roniel Figueiredo - 21/03/2026 09:04:02 | M104: Conforme | N104: Roniel Figueiredo - 21/03/2026 09:04:05 | O104: Conforme | P104: Roniel Figueiredo - 21/03/2026 09:04:07 | Q104: Conforme | R104: Roniel Figueiredo - 21/03/2026 09:04:09 | S104: Conforme | T104: Roniel Figueiredo - 21/03/2026 09:04:11 | U104: Conforme | V104: Roniel Figueiredo - 21/03/2026 09:04:13 | W104: Conforme | X104: Roniel Figueiredo - 21/03/2026 09:04:15 | Y104: Conforme | Z104: Roniel Figueiredo - 21/03/2026 09:04:19 | AA104: Conforme | AB104: Roniel Figueiredo - 21/03/2026 09:04:23 | AC104: Conforme | AD104: Roniel Figueiredo - 21/03/2026 09:04:25 | AE104: Conforme | AF104: Roniel Figueiredo - 21/03/2026 09:04:27 | AG104: Conforme | AH104: Roniel Figueiredo - 21/03/2026 09:04:28 | BS104: Não | BT104: Sim | BU104: 46102.378 | BV104: Sim | BW104: 46102.378 | BX104: Sim | BY104: 46102.378 | BZ104: Comissionamento Estático | DE104: Não | DF104: Não | DH104: Não | DJ104: Não | DL104: Dinâmico Frio | EI104: Não | EJ104: Não | EL104: Dinâmico Quente | FI104: Não | FJ104: Não Aplica | FN104: Pendente | FP104: Roniel Figueiredo - 21/03/2026 09:04:28 | FQ104: Base de Dados_Images/03-ES-050-M02.Imagem do Equipamento-.120430.jpg | FR104: Roniel Figueiredo - 21/03/2026 09:03:50 | FU104: =FQ104 -> Base de Dados_Images/03-ES-050-M02.Imagem do Equipamento-.120430.jpg
A105: 10&20 - R.P.E | B105: DIFUSOR | C105: Rosca Afofadora | D105: 03-ES-050-M03 | E105: Acionamento Rosca Afofadora 2 | F105: Pré-Comissionamento | G105: Conforme | H105: Roniel Figueiredo - 21/03/2026 09:54:17 | I105: Conforme | J105: Roniel Figueiredo - 21/03/2026 09:54:27 | K105: Conforme | L105: Roniel Figueiredo - 21/03/2026 09:54:36 | M105: Conforme | N105: Roniel Figueiredo - 21/03/2026 09:54:39 | O105: Conforme | P105: Roniel Figueiredo - 21/03/2026 09:54:40 | Q105: Conforme | R105: Roniel Figueiredo - 21/03/2026 09:54:43 | S105: Conforme | T105: Roniel Figueiredo - 21/03/2026 09:54:46 | U105: Conforme | V105: Roniel Figueiredo - 21/03/2026 09:54:48 | W105: Conforme | X105: Roniel Figueiredo - 21/03/2026 09:54:51 | Y105: Conforme | Z105: Roniel Figueiredo - 21/03/2026 09:54:54 | AA105: Conforme | AB105: Roniel Figueiredo - 21/03/2026 09:54:56 | AC105: Conforme | AD105: Roniel Figueiredo - 21/03/2026 09:54:59 | AE105: Conforme | AF105: Roniel Figueiredo - 21/03/2026 09:55:02 | AG105: Conforme | AH105: Roniel Figueiredo - 21/03/2026 09:55:04 | BS105: Não | BT105: Sim | BU105: 46102.413 | BV105: Sim | BW105: 46102.413 | BX105: Sim | BY105: 46102.413 | BZ105: Comissionamento Estático | DE105: Não | DF105: Não | DH105: Não | DJ105: Não | DL105: Dinâmico Frio | EI105: Não | EJ105: Não | EL105: Dinâmico Quente | FI105: Não | FJ105: Não Aplica | FN105: Pendente | FP105: Roniel Figueiredo - 21/03/2026 09:55:04 | FQ105: Base de Dados_Images/03-ES-050-M03.Imagem do Equipamento-.120617.jpg | FR105: Roniel Figueiredo - 21/03/2026 09:05:12 | FU105: =FQ105 -> Base de Dados_Images/03-ES-050-M03.Imagem do Equipamento-.120617.jpg
A106: 10&20 - R.P.E | B106: DIFUSOR | C106: Rosca Afofadora | D106: 03-ES-050-M04 | E106: Acionamento Rosca Afofadora 3 | F106: Pré-Comissionamento | G106: Conforme | H106: Roniel Figueiredo - 21/03/2026 09:55:15 | I106: Conforme | J106: Roniel Figueiredo - 21/03/2026 09:55:17 | K106: Conforme | L106: Roniel Figueiredo - 21/03/2026 09:55:19 | M106: Conforme | N106: Roniel Figueiredo - 21/03/2026 09:55:22 | O106: Conforme | P106: Roniel Figueiredo - 21/03/2026 09:55:24 | Q106: Conforme | R106: Roniel Figueiredo - 21/03/2026 09:55:26 | S106: Conforme | T106: Roniel Figueiredo - 21/03/2026 09:55:29 | U106: Conforme | V106: Roniel Figueiredo - 21/03/2026 09:55:30 | W106: Conforme | X106: Roniel Figueiredo - 21/03/2026 09:55:34 | Y106: Conforme | Z106: Roniel Figueiredo - 21/03/2026 09:55:36 | AA106: Conforme | AB106: Roniel Figueiredo - 21/03/2026 09:55:38 | AC106: Conforme | AD106: Roniel Figueiredo - 21/03/2026 09:55:40 | AE106: Conforme | AF106: Roniel Figueiredo - 21/03/2026 09:55:45 | AG106: Conforme | AH106: Roniel Figueiredo - 21/03/2026 09:55:43 | BS106: Não | BT106: Sim | BU106: 46102.414 | BV106: Sim | BW106: 46102.414 | BX106: Sim | BY106: 46102.414 | BZ106: Comissionamento Estático | DE106: Não | DF106: Não | DH106: Não | DJ106: Não | DL106: Dinâmico Frio | EI106: Não | EJ106: Não | EL106: Dinâmico Quente | FI106: Não | FJ106: Não Aplica | FN106: Pendente | FP106: Roniel Figueiredo - 21/03/2026 09:55:45 | FQ106: Base de Dados_Images/03-ES-050-M04.Imagem do Equipamento-.120625.jpg | FR106: Roniel Figueiredo - 21/03/2026 09:05:54 | FU106: =FQ106 -> Base de Dados_Images/03-ES-050-M04.Imagem do Equipamento-.120625.jpg
A107: 10&20 - R.P.E | B107: DIFUSOR | C107: Rosca Afofadora | D107: 03-ES-050-M05 | E107: Acionamento Rosca Afofadora 4 | F107: Pré-Comissionamento | G107: Conforme | H107: Roniel Figueiredo - 06/04/2026 08:19:00 | I107: Conforme | J107: Roniel Figueiredo - 06/04/2026 08:19:02 | K107: Conforme | L107: Roniel Figueiredo - 06/04/2026 08:19:04 | M107: Conforme | N107: Roniel Figueiredo - 06/04/2026 08:19:07 | O107: Conforme | P107: Roniel Figueiredo - 06/04/2026 08:19:09 | Q107: Conforme | R107: Roniel Figueiredo - 06/04/2026 08:19:10 | S107: Conforme | T107: Roniel Figueiredo - 06/04/2026 08:19:13 | U107: Conforme | V107: Roniel Figueiredo - 06/04/2026 08:19:15 | W107: Conforme | X107: Roniel Figueiredo - 06/04/2026 08:19:16 | Y107: Conforme | Z107: Roniel Figueiredo - 06/04/2026 08:19:25 | AA107: Conforme | AB107: Roniel Figueiredo - 06/04/2026 08:19:24 | AC107: Conforme | AD107: Roniel Figueiredo - 06/04/2026 08:19:23 | AE107: Conforme | AF107: Roniel Figueiredo - 06/04/2026 08:19:22 | AG107: Conforme | AH107: Roniel Figueiredo - 06/04/2026 08:19:20 | BS107: Não | BT107: Sim | BU107: 46118.347 | BV107: Sim | BW107: 46118.347 | BX107: Sim | BY107: 46118.347 | BZ107: Comissionamento Estático | DE107: Não | DF107: Não | DH107: Não | DJ107: Não | DL107: Dinâmico Frio | EI107: Não | EJ107: Não | EL107: Dinâmico Quente | FI107: Não | FJ107: Não Aplica | FN107: Pendente | FP107: Roniel Figueiredo - 06/04/2026 08:19:25 | FQ107: Base de Dados_Images/03-ES-050-M05.Imagem do Equipamento-.111911.jpg | FR107: Roniel Figueiredo - 06/04/2026 08:19:25 | FU107: =FQ107 -> Base de Dados_Images/03-ES-050-M05.Imagem do Equipamento-.111911.jpg
A108: 10&20 - R.P.E | B108: DIFUSOR | C108: Rosca Afofadora | D108: 03-ES-050-M06 | E108: Acionamento Rosca Afofadora 5 | F108: Pré-Comissionamento | G108: Conforme | H108: Roniel Figueiredo - 21/03/2026 09:55:58 | I108: Conforme | J108: Roniel Figueiredo - 21/03/2026 09:56:00 | K108: Conforme | L108: Roniel Figueiredo - 21/03/2026 09:56:06 | M108: Conforme | N108: Roniel Figueiredo - 21/03/2026 09:56:05 | O108: Conforme | P108: Roniel Figueiredo - 21/03/2026 09:56:10 | Q108: Conforme | R108: Roniel Figueiredo - 21/03/2026 09:56:12 | S108: Conforme | T108: Roniel Figueiredo - 21/03/2026 09:56:14 | U108: Conforme | V108: Roniel Figueiredo - 21/03/2026 09:56:16 | W108: Conforme | X108: Roniel Figueiredo - 21/03/2026 09:56:21 | Y108: Conforme | Z108: Roniel Figueiredo - 21/03/2026 09:56:22 | AA108: Conforme | AB108: Roniel Figueiredo - 21/03/2026 09:56:24 | AC108: Conforme | AD108: Roniel Figueiredo - 21/03/2026 09:56:26 | AE108: Conforme | AF108: Roniel Figueiredo - 21/03/2026 09:56:28 | AG108: Conforme | AH108: Roniel Figueiredo - 21/03/2026 09:56:29 | BS108: Não | BT108: Sim | BU108: 46102.414 | BV108: Sim | BW108: 46102.414 | BX108: Sim | BY108: 46102.414 | BZ108: Comissionamento Estático | DE108: Não | DF108: Não | DH108: Não | DJ108: Não | DL108: Dinâmico Frio | EI108: Não | EJ108: Não | EL108: Dinâmico Quente | FI108: Não | FJ108: Não Aplica | FN108: Pendente | FP108: Roniel Figueiredo - 21/03/2026 09:56:29 | FQ108: Base de Dados_Images/03-ES-050-M06.Imagem do Equipamento-.120632.jpg | FR108: Roniel Figueiredo - 21/03/2026 09:06:15 | FU108: =FQ108 -> Base de Dados_Images/03-ES-050-M06.Imagem do Equipamento-.120632.jpg
A109: 10&20 - R.P.E | B109: DIFUSOR | C109: Rosca Afofadora | D109: 03-ES-050-M07 | E109: Acionamento Rosca Afofadora 6 | F109: Pré-Comissionamento | G109: Conforme | H109: Roniel Figueiredo - 21/03/2026 09:56:42 | I109: Conforme | J109: Roniel Figueiredo - 21/03/2026 09:56:44 | K109: Conforme | L109: Roniel Figueiredo - 21/03/2026 09:56:47 | M109: Conforme | N109: Roniel Figueiredo - 21/03/2026 09:56:48 | O109: Conforme | P109: Roniel Figueiredo - 21/03/2026 09:56:51 | Q109: Conforme | R109: Roniel Figueiredo - 21/03/2026 09:56:53 | S109: Conforme | T109: Roniel Figueiredo - 21/03/2026 09:56:54 | U109: Conforme | V109: Roniel Figueiredo - 21/03/2026 09:56:57 | W109: Conforme | X109: Roniel Figueiredo - 21/03/2026 09:56:59 | Y109: Conforme | Z109: Roniel Figueiredo - 21/03/2026 09:57:01 | AA109: Conforme | AB109: Roniel Figueiredo - 21/03/2026 09:57:02 | AC109: Conforme | AD109: Roniel Figueiredo - 21/03/2026 09:57:05 | AE109: Conforme | AF109: Roniel Figueiredo - 21/03/2026 09:57:10 | AG109: Conforme | AH109: Roniel Figueiredo - 21/03/2026 09:57:12 | BS109: Não | BT109: Sim | BU109: 46102.415 | BV109: Sim | BW109: 46102.415 | BX109: Sim | BY109: 46102.415 | BZ109: Comissionamento Estático | DE109: Não | DF109: Não | DH109: Não | DJ109: Não | DL109: Dinâmico Frio | EI109: Não | EJ109: Não | EL109: Dinâmico Quente | FI109: Não | FJ109: Não Aplica | FN109: Pendente | FP109: Roniel Figueiredo - 21/03/2026 09:57:12 | FQ109: Base de Dados_Images/03-ES-050-M07.Imagem do Equipamento-.120647.jpg | FR109: Roniel Figueiredo - 21/03/2026 09:06:37 | FU109: =FQ109 -> Base de Dados_Images/03-ES-050-M07.Imagem do Equipamento-.120647.jpg
A110: 10&20 - R.P.E | B110: DIFUSOR | C110: Rosca Afofadora | D110: 03-ES-050-M08 | E110: Acionamento Rosca Afofadora 7 | F110: Pré-Comissionamento | G110: Conforme | H110: Roniel Figueiredo - 21/03/2026 09:57:36 | I110: Conforme | J110: Roniel Figueiredo - 21/03/2026 09:57:37 | K110: Conforme | L110: Roniel Figueiredo - 21/03/2026 09:57:40 | M110: Conforme | N110: Roniel Figueiredo - 21/03/2026 09:57:42 | O110: Conforme | P110: Roniel Figueiredo - 21/03/2026 09:57:44 | Q110: Conforme | R110: Roniel Figueiredo - 21/03/2026 09:57:47 | S110: Conforme | T110: Roniel Figueiredo - 21/03/2026 09:57:50 | U110: Conforme | V110: Roniel Figueiredo - 21/03/2026 09:57:51 | W110: Conforme | X110: Roniel Figueiredo - 21/03/2026 09:57:59 | Y110: Conforme | Z110: Roniel Figueiredo - 21/03/2026 09:57:58 | AA110: Conforme | AB110: Roniel Figueiredo - 21/03/2026 09:58:01 | AC110: Conforme | AD110: Roniel Figueiredo - 21/03/2026 09:58:04 | AE110: Conforme | AF110: Roniel Figueiredo - 21/03/2026 09:58:05 | AG110: Conforme | AH110: Roniel Figueiredo - 21/03/2026 09:58:07 | BS110: Não | BT110: Sim | BU110: 46102.415 | BV110: Sim | BW110: 46102.415 | BX110: Sim | BY110: 46102.415 | BZ110: Comissionamento Estático | DE110: Não | DF110: Não | DH110: Não | DJ110: Não | DL110: Dinâmico Frio | EI110: Não | EJ110: Não | EL110: Dinâmico Quente | FI110: Não | FJ110: Não Aplica | FN110: Pendente | FP110: Roniel Figueiredo - 21/03/2026 10:06:55 | FQ110: Base de Dados_Images/03-ES-050-M08.Imagem do Equipamento-.131109.jpg | FR110: Roniel Figueiredo - 21/03/2026 10:06:55 | FU110: =FQ110 -> Base de Dados_Images/03-ES-050-M08.Imagem do Equipamento-.131109.jpg
A111: 10&20 - R.P.E | B111: DIFUSOR | C111: Rosca Afofadora | D111: 03-ES-050-M09 | E111: Acionamento Rosca Afofadora 8 | F111: Pré-Comissionamento | G111: Conforme | H111: Roniel Figueiredo - 21/03/2026 10:14:27 | I111: Conforme | J111: Roniel Figueiredo - 21/03/2026 10:14:29 | K111: Conforme | L111: Roniel Figueiredo - 21/03/2026 10:14:33 | M111: Conforme | N111: Roniel Figueiredo - 21/03/2026 10:14:36 | O111: Conforme | P111: Roniel Figueiredo - 21/03/2026 10:14:40 | Q111: Conforme | R111: Roniel Figueiredo - 21/03/2026 10:14:42 | S111: Conforme | T111: Roniel Figueiredo - 21/03/2026 10:14:46 | U111: Conforme | V111: Roniel Figueiredo - 21/03/2026 10:14:48 | W111: Conforme | X111: Roniel Figueiredo - 21/03/2026 10:14:51 | Y111: Conforme | Z111: Roniel Figueiredo - 21/03/2026 10:14:55 | AA111: Conforme | AB111: Roniel Figueiredo - 21/03/2026 10:14:58 | AC111: Conforme | AD111: Roniel Figueiredo - 21/03/2026 10:15:09 | AE111: Conforme | AF111: Roniel Figueiredo - 21/03/2026 10:15:11 | AG111: Conforme | AH111: Roniel Figueiredo - 21/03/2026 10:15:14 | BS111: Não | BT111: Sim | BU111: 46102.427 | BV111: Sim | BW111: 46102.427 | BX111: Sim | BY111: 46102.427 | BZ111: Comissionamento Estático | DE111: Não | DF111: Não | DH111: Não | DJ111: Não | DL111: Dinâmico Frio | EI111: Não | EJ111: Não | EL111: Dinâmico Quente | FI111: Não | FJ111: Não Aplica | FN111: Pendente | FP111: Roniel Figueiredo - 21/03/2026 10:15:14 | FQ111: Base de Dados_Images/03-ES-050-M09.Imagem do Equipamento-.131404.jpg | FR111: Roniel Figueiredo - 21/03/2026 10:15:14 | FU111: =FQ111 -> Base de Dados_Images/03-ES-050-M09.Imagem do Equipamento-.131404.jpg
...

Sheet Aprovações
A1: Área | B1: Sistema | C1: Pré-Comissionamento | D1: (PC) Aprovador | E1: (PC) Cargo Aprovador | F1: (PC) Aprovador [Monitoramento] | G1: (PC) Aprovador [Assinatura] | H1: (PC) Gate Keeper | I1: (PC) Cargo Gate Keeper | J1: (PC) Gate Keeper [Monitoramento] | K1: (PC) Gate Keeper [Assinatura] | L1: (PC) Itens C/ Pendência na Liberação | M1: Pré-Comissionamento Reprovado | N1: (PC) Motivo de Reprova: | O1: Pré-Comissionamento Liberado ? | P1: Pré-Comissionamento Liberado ? [Monitoramento] | Q1: Comissionamento Estático | R1: (CE) Aprovador | S1: (CE) Cargo Aprovador | T1: (CE) Aprovador [Monitoramento] | U1: (CE) Aprovador [Assinatura] | V1: (CE) Aprovador 2 | W1: (CE) Cargo Aprovador 2 | X1: (CE) Aprovador 2 [Monitoramento] | Y1: (CE) Aprovador 2 [Assinatura] | Z1: (CE) Gate Keeper | AA1: (CE) Cargo Gate Keeper | AB1: (CE) Gate Keeper [Monitoramento] | AC1: (CE) Gate Keeper [Assinatura] | AD1: (CE) Itens C/ Pendência na Liberação | AE1: Comissionamento Estático Reprovado | AF1: (CE) Motivo de Reprova: | AG1: Comissionamento Estático Liberado ? | AH1: Comissionamento Estático Liberado ? [Monitoramento] | AI1: Dinâmico Frio | AJ1: (DF) Aprovador | AK1: (DF) Cargo Aprovador | AL1: (DF) Aprovador [Monitoramento] | AM1: (DF) Aprovador [Assinatura] | AN1: (DF) Gate Keeper | AO1: (DF) Cargo Gate Keeper | AP1: (DF) Gate Keeper [Monitoramento] | AQ1: (DF) Gate Keeper [Assinatura] | AR1: (DF) Itens C/ Pendência na Liberação | AS1: Dinâmico Frio Reprovado | AT1: (DF) Motivo de Reprova: | AU1: Dinâmico Frio Liberado ? | AV1: Dinâmico Frio Liberado ? [Monitoramento] | AW1: PSSR | AX1: (PSSR) Aprovador | AY1: (PSSR) Cargo Aprovador | AZ1: (PSSR) Aprovador [Monitoramento] | BA1: (PSSR) Aprovador [Assinatura] | BB1: (PSSR) Aprovador 2 | BC1: (PSSR) Cargo Aprovador 2 | BD1: (PSSR) Aprovador 2 [Monitoramento] | BE1: (PSSR) Aprovador 2 [Assinatura] | BF1: (PSSR) Gate Keeper | BG1: (PSSR) Cargo Gate Keeper | BH1: (PSSR) Gate Keeper [Monitoramento] | BI1: (PSSR) Gate Keeper [Assinatura] | BJ1: (PSSR) Gate Keeper 2 | BK1: (PSSR) Cargo Gate Keeper 2 | BL1: (PSSR) Gate Keeper 2 [Monitoramento] | BM1: (PSSR) Gate Keeper 2 [Assinatura] | BN1: (PSSR) Itens C/ Pendência na Liberação | BO1: PSSR Reprovado | BP1: (PSSR) Motivo de Reprova: | BQ1: PSSR Liberado ? | BR1: (Monitoramento) PSSR Liberado ? | BS1: Dinâmico Quente | BT1: (DQ) Aprovador | BU1: (DQ) Cargo Aprovador | BV1: (DQ) Aprovador [Monitoramento] | BW1: (DQ) Aprovador [Assinatura] | BX1: (DQ) Aprovador 2 | BY1: (DQ) Cargo Aprovador 2 | BZ1: (DQ) Aprovador 2 [Monitoramento] | CA1: (DQ) Aprovador 2 [Assinatura] | CB1: (DQ) Gate Keeper | CC1: (DQ) Cargo Gate Keeper | CD1: (DQ) Gate Keeper [Monitoramento] | CE1: (DQ) Gate Keeper [Assinatura] | CF1: (DQ) Gate Keeper 2 | CG1: (DQ) Cargo Gate Keeper 2 | CH1: (DQ) Gate Keeper 2 [Monitoramento] | CI1: (DQ) Gate Keeper 2 [Assinatura] | CJ1: (DQ) Itens C/ Pendência na Liberação | CK1: Dinâmico Quente Reprovado | CL1: (DQ) Motivo de Reprova: | CM1: Dinâmico Quente Liberado ? | CN1: Dinâmico Quente Liberado ? [Monitoramento] | CO1: Moagem Teste | CP1: (MT) Aprovador | CQ1: (MT) Cargo Aprovador | CR1: (MT) Aprovador [Monitoramento] | CS1: (MT) Aprovador [Assinatura] | CT1: (MT) Aprovador 2 | CU1: (MT) Cargo Aprovador 2 | CV1: (MT) Aprovador 2 [Monitoramento] | CW1: (MT) Aprovador 2 [Assinatura] | CX1: (MT) Gate Keeper | CY1: (MT) Cargo Gate Keeper | CZ1: (MT) Gate Keeper [Monitoramento] | DA1: (MT) Gate Keeper [Assinatura] | DB1: (MT) Gate Keeper 2 | DC1: (MT) Cargo Gate Keeper 2 | DD1: (MT) Gate Keeper 2 [Monitoramento] | DE1: (MT) Gate Keeper 2 [Assinatura] | DF1: (MT) Itens C/ Pendência na Liberação | DG1: Moagem Teste Reprovada | DH1: (MT) Motivo de Reprova: | DI1: Moagem Teste Liberada ? | DJ1: Moagem Teste Liberada ? [Monitoramento]
A2: 10&20 - R.P.E | B2: 03A670 - Moenda Desaguadora | C2: =IFERROR((COUNTIFS('Base de Dados'!BX:BX,"Sim",'Base de Dados'!A:A,A2,'Base de Dados'!B:B,B2)/(COUNTIFS('Base de Dados'!BX:BX,"Sim",'Base de Dados'!A:A,A2,'Base de Dados'!B:B,B2)+(COUNTIFS('Base de Dados'!BX:BX,"Não",'Base de Dados'!A:A,A2,'Base de Dados'!B:B,B2)))),"Não Aplica") -> Não Aplica | D2: Não Aplica | E2: Coordenador de Manutenção | F2: Gabriel Silva Pimenta - 05/02/2026 11:48:08 | G2: Usuários_Images/Gabriel Silva Pimenta.Assinatura.121739.png | O2: Liberado | P2: 46058.492 | Q2: =IFERROR((COUNTIFS('Base de Dados'!DJ:DJ,"Sim",'Base de Dados'!A:A,A2,'Base de Dados'!B:B,B2)/(COUNTIFS('Base de Dados'!DJ:DJ,"Sim",'Base de Dados'!A:A,A2,'Base de Dados'!B:B,B2)+(COUNTIFS('Base de Dados'!DJ:DJ,"Não",'Base de Dados'!A:A,A2,'Base de Dados'!B:B,B2)))),"Não Aplica") -> Não Aplica | R2: Não Aplica | S2: Coordenador de Produção | T2: Carlos Antonio Alves De Oliveira - 11/02/2026 11:26:32 | U2: Usuários_Images/Carlos Antonio Alves De Oliveira.Assinatura.182754.png | AG2: Liberado | AH2: 46064.477 | AI2: =IFERROR((COUNTIFS('Base de Dados'!EJ:EJ,"Sim",'Base de Dados'!A:A,A2,'Base de Dados'!B:B,B2)/(COUNTIFS('Base de Dados'!EJ:EJ,"Sim",'Base de Dados'!A:A,A2,'Base de Dados'!B:B,B2)+(COUNTIFS('Base de Dados'!EJ:EJ,"Não",'Base de Dados'!A:A,A2,'Base de Dados'!B:B,B2)))),"Não Aplica") -> Não Aplica | AJ2: Não Aplica | AK2: Coordenador de Produção | AL2: Carlos Antonio Alves De Oliveira - 11/02/2026 11:37:49 | AM2: Usuários_Images/Carlos Antonio Alves De Oliveira.Assinatura.182754.png | AU2: Liberado | AV2: 46064.485 | AW2: - | BQ2: Não Liberado | BS2: =IFERROR((COUNTIFS('Base de Dados'!FJ:FJ,"Sim",'Base de Dados'!A:A,A2,'Base de Dados'!B:B,B2)/(COUNTIFS('Base de Dados'!FJ:FJ,"Sim",'Base de Dados'!A:A,A2,'Base de Dados'!B:B,B2)+(COUNTIFS('Base de Dados'!FJ:FJ,"Não",'Base de Dados'!A:A,A2,'Base de Dados'!B:B,B2)))),"Não Aplica") -> Não Aplica | CM2: Não Liberado | CO2: - | DI2: Não Liberada
A3: 10&20 - R.P.E | B3: 03A690 - Moenda de Secagem | C3: =IFERROR((COUNTIFS('Base de Dados'!BX:BX,"Sim",'Base de Dados'!A:A,A3,'Base de Dados'!B:B,B3)/(COUNTIFS('Base de Dados'!BX:BX,"Sim",'Base de Dados'!A:A,A3,'Base de Dados'!B:B,B3)+(COUNTIFS('Base de Dados'!BX:BX,"Não",'Base de Dados'!A:A,A3,'Base de Dados'!B:B,B3)))),"Não Aplica") -> Não Aplica | D3: Não Aplica | E3: Coordenador de Manutenção | F3: Gabriel Silva Pimenta - 05/02/2026 11:48:12 | G3: Usuários_Images/Gabriel Silva Pimenta.Assinatura.121739.png | O3: Liberado | P3: 46058.492 | Q3: =IFERROR((COUNTIFS('Base de Dados'!DJ:DJ,"Sim",'Base de Dados'!A:A,A3,'Base de Dados'!B:B,B3)/(COUNTIFS('Base de Dados'!DJ:DJ,"Sim",'Base de Dados'!A:A,A3,'Base de Dados'!B:B,B3)+(COUNTIFS('Base de Dados'!DJ:DJ,"Não",'Base de Dados'!A:A,A3,'Base de Dados'!B:B,B3)))),"Não Aplica") -> Não Aplica | R3: Não Aplica | S3: Coordenador de Produção | T3: Carlos Antonio Alves De Oliveira - 11/02/2026 11:26:35 | U3: Usuários_Images/Carlos Antonio Alves De Oliveira.Assinatura.182754.png | AG3: Liberado | AH3: 46064.477 | AI3: =IFERROR((COUNTIFS('Base de Dados'!EJ:EJ,"Sim",'Base de Dados'!A:A,A3,'Base de Dados'!B:B,B3)/(COUNTIFS('Base de Dados'!EJ:EJ,"Sim",'Base de Dados'!A:A,A3,'Base de Dados'!B:B,B3)+(COUNTIFS('Base de Dados'!EJ:EJ,"Não",'Base de Dados'!A:A,A3,'Base de Dados'!B:B,B3)))),"Não Aplica") -> Não Aplica | AJ3: Não Aplica | AK3: Coordenador de Produção | AL3: Carlos Antonio Alves De Oliveira - 11/02/2026 11:37:58 | AM3: Usuários_Images/Carlos Antonio Alves De Oliveira.Assinatura.182754.png | AU3: Liberado | AV3: 46064.485 | AW3: - | BQ3: Não Liberado | BS3: =IFERROR((COUNTIFS('Base de Dados'!FJ:FJ,"Sim",'Base de Dados'!A:A,A3,'Base de Dados'!B:B,B3)/(COUNTIFS('Base de Dados'!FJ:FJ,"Sim",'Base de Dados'!A:A,A3,'Base de Dados'!B:B,B3)+(COUNTIFS('Base de Dados'!FJ:FJ,"Não",'Base de Dados'!A:A,A3,'Base de Dados'!B:B,B3)))),"Não Aplica") -> Não Aplica | CM3: Não Liberado | CO3: - | DI3: Não Liberada
A4: 10&20 - R.P.E | B4: 03C650 - Esteira de Saída do Difusor | C4: =IFERROR((COUNTIFS('Base de Dados'!BX:BX,"Sim",'Base de Dados'!A:A,A4,'Base de Dados'!B:B,B4)/(COUNTIFS('Base de Dados'!BX:BX,"Sim",'Base de Dados'!A:A,A4,'Base de Dados'!B:B,B4)+(COUNTIFS('Base de Dados'!BX:BX,"Não",'Base de Dados'!A:A,A4,'Base de Dados'!B:B,B4)))),"Não Aplica") -> 1 | D4: Aprovado | E4: Coordenador de Manutenção | F4: Gabriel Silva Pimenta - 20/03/2026 21:25:29 | G4: Usuários_Images/Gabriel Silva Pimenta.Assinatura.121739.png | H4: Aprovado | I4: Coordenador de Processos | J4: Suélen Da Silva Rezende E Sousa - 20/03/2026 21:26:21 | K4: Usuários_Images/Suélen Da Silva Rezende E Sousa.Assinatura.131112.png | O4: Liberado | P4: 46101.893 | Q4: =IFERROR((COUNTIFS('Base de Dados'!DJ:DJ,"Sim",'Base de Dados'!A:A,A4,'Base de Dados'!B:B,B4)/(COUNTIFS('Base de Dados'!DJ:DJ,"Sim",'Base de Dados'!A:A,A4,'Base de Dados'!B:B,B4)+(COUNTIFS('Base de Dados'!DJ:DJ,"Não",'Base de Dados'!A:A,A4,'Base de Dados'!B:B,B4)))),"Não Aplica") -> 1 | R4: Aprovado | S4: Coordenador de Manutenção | T4: Gabriel Silva Pimenta - 23/03/2026 08:58:09 | U4: Usuários_Images/Gabriel Silva Pimenta.Assinatura.121739.png | V4: Aprovado | W4: Coordenador de Produção | X4: Ivan Ferreira Santos - 23/03/2026 09:10:24 | Y4: Usuários_Images/Ivan Ferreira Santos.Assinatura.162425.png | Z4: Aprovado | AA4: Coordenador de Processos | AB4: Suélen Da Silva Rezende E Sousa - 24/03/2026 11:52:13 | AC4: Usuários_Images/Suélen Da Silva Rezende E Sousa.Assinatura.131112.png | AG4: Liberado | AH4: 46105.495 | AI4: =IFERROR((COUNTIFS('Base de Dados'!EJ:EJ,"Sim",'Base de Dados'!A:A,A4,'Base de Dados'!B:B,B4)/(COUNTIFS('Base de Dados'!EJ:EJ,"Sim",'Base de Dados'!A:A,A4,'Base de Dados'!B:B,B4)+(COUNTIFS('Base de Dados'!EJ:EJ,"Não",'Base de Dados'!A:A,A4,'Base de Dados'!B:B,B4)))),"Não Aplica") -> 1 | AU4: Não Liberado | AW4: - | BQ4: Não Liberado | BS4: =IFERROR((COUNTIFS('Base de Dados'!FJ:FJ,"Sim",'Base de Dados'!A:A,A4,'Base de Dados'!B:B,B4)/(COUNTIFS('Base de Dados'!FJ:FJ,"Sim",'Base de Dados'!A:A,A4,'Base de Dados'!B:B,B4)+(COUNTIFS('Base de Dados'!FJ:FJ,"Não",'Base de Dados'!A:A,A4,'Base de Dados'!B:B,B4)))),"Não Aplica") -> 0 | CM4: Não Liberado | CO4: - | DI4: Não Liberada
A5: 10&20 - R.P.E | B5: 03C660 - Esteira Transportadora de Bagaço | C5: =IFERROR((COUNTIFS('Base de Dados'!BX:BX,"Sim",'Base de Dados'!A:A,A5,'Base de Dados'!B:B,B5)/(COUNTIFS('Base de Dados'!BX:BX,"Sim",'Base de Dados'!A:A,A5,'Base de Dados'!B:B,B5)+(COUNTIFS('Base de Dados'!BX:BX,"Não",'Base de Dados'!A:A,A5,'Base de Dados'!B:B,B5)))),"Não Aplica") -> Não Aplica | D5: Não Aplica | E5: Coordenador de Processos | F5: Suélen Da Silva Rezende E Sousa - 02/04/2026 10:52:35 | G5: Usuários_Images/Suélen Da Silva Rezende E Sousa.Assinatura.131112.png | O5: Liberado | P5: 46114.453 | Q5: =IFERROR((COUNTIFS('Base de Dados'!DJ:DJ,"Sim",'Base de Dados'!A:A,A5,'Base de Dados'!B:B,B5)/(COUNTIFS('Base de Dados'!DJ:DJ,"Sim",'Base de Dados'!A:A,A5,'Base de Dados'!B:B,B5)+(COUNTIFS('Base de Dados'!DJ:DJ,"Não",'Base de Dados'!A:A,A5,'Base de Dados'!B:B,B5)))),"Não Aplica") -> Não Aplica | R5: Não Aplica | S5: Coordenador de Processos | T5: Suélen Da Silva Rezende E Sousa - 02/04/2026 10:52:42 | U5: Usuários_Images/Suélen Da Silva Rezende E Sousa.Assinatura.131112.png | AG5: Liberado | AH5: 46114.453 | AI5: =IFERROR((COUNTIFS('Base de Dados'!EJ:EJ,"Sim",'Base de Dados'!A:A,A5,'Base de Dados'!B:B,B5)/(COUNTIFS('Base de Dados'!EJ:EJ,"Sim",'Base de Dados'!A:A,A5,'Base de Dados'!B:B,B5)+(COUNTIFS('Base de Dados'!EJ:EJ,"Não",'Base de Dados'!A:A,A5,'Base de Dados'!B:B,B5)))),"Não Aplica") -> Não Aplica | AJ5: Não Aplica | AK5: Coordenador de Processos | AL5: Suélen Da Silva Rezende E Sousa - 02/04/2026 10:52:48 | AM5: Usuários_Images/Suélen Da Silva Rezende E Sousa.Assinatura.131112.png | AU5: Liberado | AV5: 46114.453 | AW5: - | BQ5: Não Liberado | BS5: =IFERROR((COUNTIFS('Base de Dados'!FJ:FJ,"Sim",'Base de Dados'!A:A,A5,'Base de Dados'!B:B,B5)/(COUNTIFS('Base de Dados'!FJ:FJ,"Sim",'Base de Dados'!A:A,A5,'Base de Dados'!B:B,B5)+(COUNTIFS('Base de Dados'!FJ:FJ,"Não",'Base de Dados'!A:A,A5,'Base de Dados'!B:B,B5)))),"Não Aplica") -> Não Aplica | CM5: Não Liberado | CO5: - | DI5: Não Liberada
A6: 10&20 - R.P.E | B6: 03C680 - Esteira Transportadora de Bagaço | C6: =IFERROR((COUNTIFS('Base de Dados'!BX:BX,"Sim",'Base de Dados'!A:A,A6,'Base de Dados'!B:B,B6)/(COUNTIFS('Base de Dados'!BX:BX,"Sim",'Base de Dados'!A:A,A6,'Base de Dados'!B:B,B6)+(COUNTIFS('Base de Dados'!BX:BX,"Não",'Base de Dados'!A:A,A6,'Base de Dados'!B:B,B6)))),"Não Aplica") -> Não Aplica | D6: Não Aplica | E6: Coordenador de Manutenção | F6: Gabriel Silva Pimenta - 05/02/2026 11:48:15 | G6: Usuários_Images/Gabriel Silva Pimenta.Assinatura.121739.png | O6: Liberado | P6: 46058.492 | Q6: =IFERROR((COUNTIFS('Base de Dados'!DJ:DJ,"Sim",'Base de Dados'!A:A,A6,'Base de Dados'!B:B,B6)/(COUNTIFS('Base de Dados'!DJ:DJ,"Sim",'Base de Dados'!A:A,A6,'Base de Dados'!B:B,B6)+(COUNTIFS('Base de Dados'!DJ:DJ,"Não",'Base de Dados'!A:A,A6,'Base de Dados'!B:B,B6)))),"Não Aplica") -> Não Aplica | R6: Não Aplica | S6: Coordenador de Produção | T6: Carlos Antonio Alves De Oliveira - 11/02/2026 11:26:38 | U6: Usuários_Images/Carlos Antonio Alves De Oliveira.Assinatura.182754.png | AG6: Liberado | AH6: 46064.477 | AI6: =IFERROR((COUNTIFS('Base de Dados'!EJ:EJ,"Sim",'Base de Dados'!A:A,A6,'Base de Dados'!B:B,B6)/(COUNTIFS('Base de Dados'!EJ:EJ,"Sim",'Base de Dados'!A:A,A6,'Base de Dados'!B:B,B6)+(COUNTIFS('Base de Dados'!EJ:EJ,"Não",'Base de Dados'!A:A,A6,'Base de Dados'!B:B,B6)))),"Não Aplica") -> Não Aplica | AJ6: Não Aplica | AK6: Coordenador de Produção | AL6: Carlos Antonio Alves De Oliveira - 11/02/2026 11:38:01 | AM6: Usuários_Images/Carlos Antonio Alves De Oliveira.Assinatura.182754.png | AU6: Liberado | AV6: 46064.485 | AW6: - | BQ6: Não Liberado | BS6: =IFERROR((COUNTIFS('Base de Dados'!FJ:FJ,"Sim",'Base de Dados'!A:A,A6,'Base de Dados'!B:B,B6)/(COUNTIFS('Base de Dados'!FJ:FJ,"Sim",'Base de Dados'!A:A,A6,'Base de Dados'!B:B,B6)+(COUNTIFS('Base de Dados'!FJ:FJ,"Não",'Base de Dados'!A:A,A6,'Base de Dados'!B:B,B6)))),"Não Aplica") -> Não Aplica | CM6: Não Liberado | CO6: - | DI6: Não Liberada
A7: 10&20 - R.P.E | B7: 03H070 - Aquecedor 01 | C7: =IFERROR((COUNTIFS('Base de Dados'!BX:BX,"Sim",'Base de Dados'!A:A,A7,'Base de Dados'!B:B,B7)/(COUNTIFS('Base de Dados'!BX:BX,"Sim",'Base de Dados'!A:A,A7,'Base de Dados'!B:B,B7)+(COUNTIFS('Base de Dados'!BX:BX,"Não",'Base de Dados'!A:A,A7,'Base de Dados'!B:B,B7)))),"Não Aplica") -> 1 | D7: Aprovado | E7: Coordenador de Manutenção | F7: Gabriel Silva Pimenta - 10/03/2026 09:39:33 | G7: Usuários_Images/Gabriel Silva Pimenta.Assinatura.121739.png | H7: Aprovado | I7: Coordenador de Processos | J7: Suélen Da Silva Rezende E Sousa - 10/03/2026 09:41:47 | K7: Usuários_Images/Suélen Da Silva Rezende E Sousa.Assinatura.131112.png | O7: Liberado | P7: 46091.404 | Q7: =IFERROR((COUNTIFS('Base de Dados'!DJ:DJ,"Sim",'Base de Dados'!A:A,A7,'Base de Dados'!B:B,B7)/(COUNTIFS('Base de Dados'!DJ:DJ,"Sim",'Base de Dados'!A:A,A7,'Base de Dados'!B:B,B7)+(COUNTIFS('Base de Dados'!DJ:DJ,"Não",'Base de Dados'!A:A,A7,'Base de Dados'!B:B,B7)))),"Não Aplica") -> 0.5 | AG7: Não Liberado | AI7: =IFERROR((COUNTIFS('Base de Dados'!EJ:EJ,"Sim",'Base de Dados'!A:A,A7,'Base de Dados'!B:B,B7)/(COUNTIFS('Base de Dados'!EJ:EJ,"Sim",'Base de Dados'!A:A,A7,'Base de Dados'!B:B,B7)+(COUNTIFS('Base de Dados'!EJ:EJ,"Não",'Base de Dados'!A:A,A7,'Base de Dados'!B:B,B7)))),"Não Aplica") -> 0 | AU7: Não Liberado | AW7: - | BQ7: Não Liberado | BS7: =IFERROR((COUNTIFS('Base de Dados'!FJ:FJ,"Sim",'Base de Dados'!A:A,A7,'Base de Dados'!B:B,B7)/(COUNTIFS('Base de Dados'!FJ:FJ,"Sim",'Base de Dados'!A:A,A7,'Base de Dados'!B:B,B7)+(COUNTIFS('Base de Dados'!FJ:FJ,"Não",'Base de Dados'!A:A,A7,'Base de Dados'!B:B,B7)))),"Não Aplica") -> 0 | CM7: Não Liberado | CO7: - | DI7: Não Liberada
A8: 10&20 - R.P.E | B8: 03H080 - Aquecedor 02 | C8: =IFERROR((COUNTIFS('Base de Dados'!BX:BX,"Sim",'Base de Dados'!A:A,A8,'Base de Dados'!B:B,B8)/(COUNTIFS('Base de Dados'!BX:BX,"Sim",'Base de Dados'!A:A,A8,'Base de Dados'!B:B,B8)+(COUNTIFS('Base de Dados'!BX:BX,"Não",'Base de Dados'!A:A,A8,'Base de Dados'!B:B,B8)))),"Não Aplica") -> 1 | D8: Aprovado | E8: Coordenador de Manutenção | F8: Gabriel Silva Pimenta - 10/03/2026 09:39:35 | G8: Usuários_Images/Gabriel Silva Pimenta.Assinatura.121739.png | H8: Aprovado | I8: Coordenador de Processos | J8: Suélen Da Silva Rezende E Sousa - 10/03/2026 09:41:49 | K8: Usuários_Images/Suélen Da Silva Rezende E Sousa.Assinatura.131112.png | O8: Liberado | P8: 46091.404 | Q8: =IFERROR((COUNTIFS('Base de Dados'!DJ:DJ,"Sim",'Base de Dados'!A:A,A8,'Base de Dados'!B:B,B8)/(COUNTIFS('Base de Dados'!DJ:DJ,"Sim",'Base de Dados'!A:A,A8,'Base de Dados'!B:B,B8)+(COUNTIFS('Base de Dados'!DJ:DJ,"Não",'Base de Dados'!A:A,A8,'Base de Dados'!B:B,B8)))),"Não Aplica") -> 0.5 | AG8: Não Liberado | AI8: =IFERROR((COUNTIFS('Base de Dados'!EJ:EJ,"Sim",'Base de Dados'!A:A,A8,'Base de Dados'!B:B,B8)/(COUNTIFS('Base de Dados'!EJ:EJ,"Sim",'Base de Dados'!A:A,A8,'Base de Dados'!B:B,B8)+(COUNTIFS('Base de Dados'!EJ:EJ,"Não",'Base de Dados'!A:A,A8,'Base de Dados'!B:B,B8)))),"Não Aplica") -> 0 | AU8: Não Liberado | AW8: - | BQ8: Não Liberado | BS8: =IFERROR((COUNTIFS('Base de Dados'!FJ:FJ,"Sim",'Base de Dados'!A:A,A8,'Base de Dados'!B:B,B8)/(COUNTIFS('Base de Dados'!FJ:FJ,"Sim",'Base de Dados'!A:A,A8,'Base de Dados'!B:B,B8)+(COUNTIFS('Base de Dados'!FJ:FJ,"Não",'Base de Dados'!A:A,A8,'Base de Dados'!B:B,B8)))),"Não Aplica") -> 0 | CM8: Não Liberado | CO8: - | DI8: Não Liberada
A9: 10&20 - R.P.E | B9: 03H090 - Aquecedor 03 | C9: =IFERROR((COUNTIFS('Base de Dados'!BX:BX,"Sim",'Base de Dados'!A:A,A9,'Base de Dados'!B:B,B9)/(COUNTIFS('Base de Dados'!BX:BX,"Sim",'Base de Dados'!A:A,A9,'Base de Dados'!B:B,B9)+(COUNTIFS('Base de Dados'!BX:BX,"Não",'Base de Dados'!A:A,A9,'Base de Dados'!B:B,B9)))),"Não Aplica") -> 1 | D9: Aprovado | E9: Coordenador de Manutenção | F9: Gabriel Silva Pimenta - 10/03/2026 09:39:38 | G9: Usuários_Images/Gabriel Silva Pimenta.Assinatura.121739.png | H9: Aprovado | I9: Coordenador de Processos | J9: Suélen Da Silva Rezende E Sousa - 10/03/2026 09:41:53 | K9: Usuários_Images/Suélen Da Silva Rezende E Sousa.Assinatura.131112.png | O9: Liberado | P9: 46091.404 | Q9: =IFERROR((COUNTIFS('Base de Dados'!DJ:DJ,"Sim",'Base de Dados'!A:A,A9,'Base de Dados'!B:B,B9)/(COUNTIFS('Base de Dados'!DJ:DJ,"Sim",'Base de Dados'!A:A,A9,'Base de Dados'!B:B,B9)+(COUNTIFS('Base de Dados'!DJ:DJ,"Não",'Base de Dados'!A:A,A9,'Base de Dados'!B:B,B9)))),"Não Aplica") -> 1 | R9: Aprovado | S9: Coordenador de Manutenção | T9: Gabriel Silva Pimenta - 13/03/2026 14:17:44 | U9: Usuários_Images/Gabriel Silva Pimenta.Assinatura.121739.png | V9: Aprovado | W9: Coordenador de Produção | X9: Ivan Ferreira Santos - 13/03/2026 14:18:18 | Y9: Usuários_Images/Ivan Ferreira Santos.Assinatura.162425.png | Z9: Aprovado | AA9: Coordenador de Processos | AB9: Suélen Da Silva Rezende E Sousa - 13/03/2026 14:19:27 | AC9: Usuários_Images/Suélen Da Silva Rezende E Sousa.Assinatura.131112.png | AG9: Liberado | AH9: 46094.597 | AI9: =IFERROR((COUNTIFS('Base de Dados'!EJ:EJ,"Sim",'Base de Dados'!A:A,A9,'Base de Dados'!B:B,B9)/(COUNTIFS('Base de Dados'!EJ:EJ,"Sim",'Base de Dados'!A:A,A9,'Base de Dados'!B:B,B9)+(COUNTIFS('Base de Dados'!EJ:EJ,"Não",'Base de Dados'!A:A,A9,'Base de Dados'!B:B,B9)))),"Não Aplica") -> 1 | AJ9: Aprovado | AK9: Coordenador de Produção | AL9: Ivan Ferreira Santos - 24/03/2026 14:01:19 | AM9: Usuários_Images/Ivan Ferreira Santos.Assinatura.162425.png | AN9: Aprovado | AO9: Coordenador de Processos | AP9: Suélen Da Silva Rezende E Sousa - 24/03/2026 14:02:29 | AQ9: Usuários_Images/Suélen Da Silva Rezende E Sousa.Assinatura.131112.png | AU9: Liberado | AV9: 46105.585 | AW9: - | BQ9: Não Liberado | BS9: =IFERROR((COUNTIFS('Base de Dados'!FJ:FJ,"Sim",'Base de Dados'!A:A,A9,'Base de Dados'!B:B,B9)/(COUNTIFS('Base de Dados'!FJ:FJ,"Sim",'Base de Dados'!A:A,A9,'Base de Dados'!B:B,B9)+(COUNTIFS('Base de Dados'!FJ:FJ,"Não",'Base de Dados'!A:A,A9,'Base de Dados'!B:B,B9)))),"Não Aplica") -> 0 | CM9: Não Liberado | CO9: - | DI9: Não Liberada
A10: 10&20 - R.P.E | B10: 03H130 - DCH de caldo prensado | C10: =IFERROR((COUNTIFS('Base de Dados'!BX:BX,"Sim",'Base de Dados'!A:A,A10,'Base de Dados'!B:B,B10)/(COUNTIFS('Base de Dados'!BX:BX,"Sim",'Base de Dados'!A:A,A10,'Base de Dados'!B:B,B10)+(COUNTIFS('Base de Dados'!BX:BX,"Não",'Base de Dados'!A:A,A10,'Base de Dados'!B:B,B10)))),"Não Aplica") -> 1 | D10: Aprovado | E10: Coordenador de Manutenção | F10: Gabriel Silva Pimenta - 12/02/2026 11:08:08 | G10: Usuários_Images/Gabriel Silva Pimenta.Assinatura.121739.png | H10: Aprovado | I10: Coordenador de Processos | J10: Suélen Da Silva Rezende E Sousa - 12/02/2026 11:10:36 | K10: Usuários_Images/Suélen Da Silva Rezende E Sousa.Assinatura.131112.png | O10: Liberado | P10: 46065.466 | Q10: =IFERROR((COUNTIFS('Base de Dados'!DJ:DJ,"Sim",'Base de Dados'!A:A,A10,'Base de Dados'!B:B,B10)/(COUNTIFS('Base de Dados'!DJ:DJ,"Sim",'Base de Dados'!A:A,A10,'Base de Dados'!B:B,B10)+(COUNTIFS('Base de Dados'!DJ:DJ,"Não",'Base de Dados'!A:A,A10,'Base de Dados'!B:B,B10)))),"Não Aplica") -> 0.33333333 | AG10: Não Liberado | AI10: =IFERROR((COUNTIFS('Base de Dados'!EJ:EJ,"Sim",'Base de Dados'!A:A,A10,'Base de Dados'!B:B,B10)/(COUNTIFS('Base de Dados'!EJ:EJ,"Sim",'Base de Dados'!A:A,A10,'Base de Dados'!B:B,B10)+(COUNTIFS('Base de Dados'!EJ:EJ,"Não",'Base de Dados'!A:A,A10,'Base de Dados'!B:B,B10)))),"Não Aplica") -> 0 | AU10: Não Liberado | AW10: - | BQ10: Não Liberado | BS10: =IFERROR((COUNTIFS('Base de Dados'!FJ:FJ,"Sim",'Base de Dados'!A:A,A10,'Base de Dados'!B:B,B10)/(COUNTIFS('Base de Dados'!FJ:FJ,"Sim",'Base de Dados'!A:A,A10,'Base de Dados'!B:B,B10)+(COUNTIFS('Base de Dados'!FJ:FJ,"Não",'Base de Dados'!A:A,A10,'Base de Dados'!B:B,B10)))),"Não Aplica") -> 0 | CM10: Não Liberado | CO10: - | DI10: Não Liberada
A11: 10&20 - R.P.E | B11: 03H135 - Tanque de embebição | C11: =IFERROR((COUNTIFS('Base de Dados'!BX:BX,"Sim",'Base de Dados'!A:A,A11,'Base de Dados'!B:B,B11)/(COUNTIFS('Base de Dados'!BX:BX,"Sim",'Base de Dados'!A:A,A11,'Base de Dados'!B:B,B11)+(COUNTIFS('Base de Dados'!BX:BX,"Não",'Base de Dados'!A:A,A11,'Base de Dados'!B:B,B11)))),"Não Aplica") -> 1 | D11: Aprovado | E11: Coordenador de Manutenção | F11: Gabriel Silva Pimenta - 12/02/2026 11:08:11 | G11: Usuários_Images/Gabriel Silva Pimenta.Assinatura.121739.png | H11: Aprovado | I11: Coordenador de Processos | J11: Suélen Da Silva Rezende E Sousa - 12/02/2026 11:10:39 | K11: Usuários_Images/Suélen Da Silva Rezende E Sousa.Assinatura.131112.png | O11: Liberado | P11: 46065.466 | Q11: =IFERROR((COUNTIFS('Base de Dados'!DJ:DJ,"Sim",'Base de Dados'!A:A,A11,'Base de Dados'!B:B,B11)/(COUNTIFS('Base de Dados'!DJ:DJ,"Sim",'Base de Dados'!A:A,A11,'Base de Dados'!B:B,B11)+(COUNTIFS('Base de Dados'!DJ:DJ,"Não",'Base de Dados'!A:A,A11,'Base de Dados'!B:B,B11)))),"Não Aplica") -> 0.8 | AG11: Não Liberado | AI11: =IFERROR((COUNTIFS('Base de Dados'!EJ:EJ,"Sim",'Base de Dados'!A:A,A11,'Base de Dados'!B:B,B11)/(COUNTIFS('Base de Dados'!EJ:EJ,"Sim",'Base de Dados'!A:A,A11,'Base de Dados'!B:B,B11)+(COUNTIFS('Base de Dados'!EJ:EJ,"Não",'Base de Dados'!A:A,A11,'Base de Dados'!B:B,B11)))),"Não Aplica") -> 0 | AU11: Não Liberado | AW11: - | BQ11: Não Liberado | BS11: =IFERROR((COUNTIFS('Base de Dados'!FJ:FJ,"Sim",'Base de Dados'!A:A,A11,'Base de Dados'!B:B,B11)/(COUNTIFS('Base de Dados'!FJ:FJ,"Sim",'Base de Dados'!A:A,A11,'Base de Dados'!B:B,B11)+(COUNTIFS('Base de Dados'!FJ:FJ,"Não",'Base de Dados'!A:A,A11,'Base de Dados'!B:B,B11)))),"Não Aplica") -> 0 | CM11: Não Liberado | CO11: - | DI11: Não Liberada
A12: 10&20 - R.P.E | B12: 03S550 - Peneira | C12: =IFERROR((COUNTIFS('Base de Dados'!BX:BX,"Sim",'Base de Dados'!A:A,A12,'Base de Dados'!B:B,B12)/(COUNTIFS('Base de Dados'!BX:BX,"Sim",'Base de Dados'!A:A,A12,'Base de Dados'!B:B,B12)+(COUNTIFS('Base de Dados'!BX:BX,"Não",'Base de Dados'!A:A,A12,'Base de Dados'!B:B,B12)))),"Não Aplica") -> 1 | D12: Aprovado | E12: Coordenador de Manutenção | F12: Gabriel Silva Pimenta - 05/02/2026 11:47:32 | G12: Usuários_Images/Gabriel Silva Pimenta.Assinatura.121739.png | H12: Aprovado | I12: Coordenador de Processos | J12: Suélen Da Silva Rezende E Sousa - 05/02/2026 11:49:48 | K12: Usuários_Images/Suélen Da Silva Rezende E Sousa.Assinatura.131112.png | O12: Liberado | P12: 46058.493 | Q12: =IFERROR((COUNTIFS('Base de Dados'!DJ:DJ,"Sim",'Base de Dados'!A:A,A12,'Base de Dados'!B:B,B12)/(COUNTIFS('Base de Dados'!DJ:DJ,"Sim",'Base de Dados'!A:A,A12,'Base de Dados'!B:B,B12)+(COUNTIFS('Base de Dados'!DJ:DJ,"Não",'Base de Dados'!A:A,A12,'Base de Dados'!B:B,B12)))),"Não Aplica") -> 1 | R12: Aprovado | S12: Coordenador de Manutenção | T12: Gabriel Silva Pimenta - 05/03/2026 15:00:23 | U12: Usuários_Images/Gabriel Silva Pimenta.Assinatura.121739.png | V12: Aprovado | W12: Coordenador de Produção | X12: Ivan Ferreira Santos - 05/03/2026 15:02:41 | Y12: Usuários_Images/Ivan Ferreira Santos.Assinatura.162425.png | Z12: Aprovado | AA12: Coordenador de Processos | AB12: Suélen Da Silva Rezende E Sousa - 05/03/2026 15:04:38 | AC12: Usuários_Images/Suélen Da Silva Rezende E Sousa.Assinatura.131112.png | AG12: Liberado | AH12: 46086.628 | AI12: =IFERROR((COUNTIFS('Base de Dados'!EJ:EJ,"Sim",'Base de Dados'!A:A,A12,'Base de Dados'!B:B,B12)/(COUNTIFS('Base de Dados'!EJ:EJ,"Sim",'Base de Dados'!A:A,A12,'Base de Dados'!B:B,B12)+(COUNTIFS('Base de Dados'!EJ:EJ,"Não",'Base de Dados'!A:A,A12,'Base de Dados'!B:B,B12)))),"Não Aplica") -> 1 | AU12: Não Liberado | AW12: - | BQ12: Não Liberado | BS12: =IFERROR((COUNTIFS('Base de Dados'!FJ:FJ,"Sim",'Base de Dados'!A:A,A12,'Base de Dados'!B:B,B12)/(COUNTIFS('Base de Dados'!FJ:FJ,"Sim",'Base de Dados'!A:A,A12,'Base de Dados'!B:B,B12)+(COUNTIFS('Base de Dados'!FJ:FJ,"Não",'Base de Dados'!A:A,A12,'Base de Dados'!B:B,B12)))),"Não Aplica") -> 0 | CM12: Não Liberado | CO12: - | DI12: Não Liberada
A13: 10&20 - R.P.E | B13: 03T590 - Tanque de condensado dos aquecedores | C13: =IFERROR((COUNTIFS('Base de Dados'!BX:BX,"Sim",'Base de Dados'!A:A,A13,'Base de Dados'!B:B,B13)/(COUNTIFS('Base de Dados'!BX:BX,"Sim",'Base de Dados'!A:A,A13,'Base de Dados'!B:B,B13)+(COUNTIFS('Base de Dados'!BX:BX,"Não",'Base de Dados'!A:A,A13,'Base de Dados'!B:B,B13)))),"Não Aplica") -> 0.875 | D13: Aprovado C/ Pendências | E13: Coordenador de Manutenção | F13: Gabriel Silva Pimenta - 17/03/2026 12:08:43 | G13: Usuários_Images/Gabriel Silva Pimenta.Assinatura.121739.png | H13: Aprovado C/ Pendências | I13: Coordenador de Processos | J13: Suélen Da Silva Rezende E Sousa - 17/03/2026 12:10:53 | K13: Usuários_Images/Suélen Da Silva Rezende E Sousa.Assinatura.131112.png | L13: 03-FIT-170-B01 - (MM) Transmissor / indicador instalado na posição adequada ? = Não Conforme | 03-FIT-170-B01 - (ME) Cabos de rede do transmissor conectados ? = Não Conforme | 03-FIT-170-B01 - (ME) Prensa cabo do transmissor vedando adequadamente ? = Não Conforme | 03-FIT-170-B01 - (ME) Tomadas de impulso do transmissor conectadas e seladas ? = Não Conforme | O13: Liberado | P13: 46098.508 | Q13: =IFERROR((COUNTIFS('Base de Dados'!DJ:DJ,"Sim",'Base de Dados'!A:A,A13,'Base de Dados'!B:B,B13)/(COUNTIFS('Base de Dados'!DJ:DJ,"Sim",'Base de Dados'!A:A,A13,'Base de Dados'!B:B,B13)+(COUNTIFS('Base de Dados'!DJ:DJ,"Não",'Base de Dados'!A:A,A13,'Base de Dados'!B:B,B13)))),"Não Aplica") -> 0.85714286 | R13: Aprovado C/ Pendências | S13: Coordenador de Produção | T13: Ivan Ferreira Santos - 30/03/2026 09:46:03 | U13: Usuários_Images/Ivan Ferreira Santos.Assinatura.162425.png | Z13: Aprovado C/ Pendências | AA13: Coordenador de Processos | AB13: Suélen Da Silva Rezende E Sousa - 30/03/2026 09:46:31 | AC13: Usuários_Images/Suélen Da Silva Rezende E Sousa.Assinatura.131112.png | AD13: 03-FIT-170-B01 - (ME) Display do transmissor operando corretamente ? = Não Conforme | 03-FIT-170-B01 - (ME) Foi realizada análise de redes ? = Não Conforme | AG13: Liberado | AH13: 46111.407 | AI13: =IFERROR((COUNTIFS('Base de Dados'!EJ:EJ,"Sim",'Base de Dados'!A:A,A13,'Base de Dados'!B:B,B13)/(COUNTIFS('Base de Dados'!EJ:EJ,"Sim",'Base de Dados'!A:A,A13,'Base de Dados'!B:B,B13)+(COUNTIFS('Base de Dados'!EJ:EJ,"Não",'Base de Dados'!A:A,A13,'Base de Dados'!B:B,B13)))),"Não Aplica") -> 0.625 | AU13: Não Liberado | AW13: - | BQ13: Não Liberado | BS13: =IFERROR((COUNTIFS('Base de Dados'!FJ:FJ,"Sim",'Base de Dados'!A:A,A13,'Base de Dados'!B:B,B13)/(COUNTIFS('Base de Dados'!FJ:FJ,"Sim",'Base de Dados'!A:A,A13,'Base de Dados'!B:B,B13)+(COUNTIFS('Base de Dados'!FJ:FJ,"Não",'Base de Dados'!A:A,A13,'Base de Dados'!B:B,B13)))),"Não Aplica") -> 0 | CM13: Não Liberado | CO13: - | DI13: Não Liberada
A14: 10&20 - R.P.E | B14: 03T770 - Tanque de Caldo Prensado | C14: =IFERROR((COUNTIFS('Base de Dados'!BX:BX,"Sim",'Base de Dados'!A:A,A14,'Base de Dados'!B:B,B14)/(COUNTIFS('Base de Dados'!BX:BX,"Sim",'Base de Dados'!A:A,A14,'Base de Dados'!B:B,B14)+(COUNTIFS('Base de Dados'!BX:BX,"Não",'Base de Dados'!A:A,A14,'Base de Dados'!B:B,B14)))),"Não Aplica") -> 0.6 | O14: Não Liberado | Q14: =IFERROR((COUNTIFS('Base de Dados'!DJ:DJ,"Sim",'Base de Dados'!A:A,A14,'Base de Dados'!B:B,B14)/(COUNTIFS('Base de Dados'!DJ:DJ,"Sim",'Base de Dados'!A:A,A14,'Base de Dados'!B:B,B14)+(COUNTIFS('Base de Dados'!DJ:DJ,"Não",'Base de Dados'!A:A,A14,'Base de Dados'!B:B,B14)))),"Não Aplica") -> 0 | AG14: Não Liberado | AI14: =IFERROR((COUNTIFS('Base de Dados'!EJ:EJ,"Sim",'Base de Dados'!A:A,A14,'Base de Dados'!B:B,B14)/(COUNTIFS('Base de Dados'!EJ:EJ,"Sim",'Base de Dados'!A:A,A14,'Base de Dados'!B:B,B14)+(COUNTIFS('Base de Dados'!EJ:EJ,"Não",'Base de Dados'!A:A,A14,'Base de Dados'!B:B,B14)))),"Não Aplica") -> 0 | AU14: Não Liberado | AW14: - | BQ14: Não Liberado | BS14: =IFERROR((COUNTIFS('Base de Dados'!FJ:FJ,"Sim",'Base de Dados'!A:A,A14,'Base de Dados'!B:B,B14)/(COUNTIFS('Base de Dados'!FJ:FJ,"Sim",'Base de Dados'!A:A,A14,'Base de Dados'!B:B,B14)+(COUNTIFS('Base de Dados'!FJ:FJ,"Não",'Base de Dados'!A:A,A14,'Base de Dados'!B:B,B14)))),"Não Aplica") -> 0 | CM14: Não Liberado | CO14: - | DI14: Não Liberada
A15: 10&20 - R.P.E | B15: 03T910 - Tanque de Caldo Misto Etanol | C15: =IFERROR((COUNTIFS('Base de Dados'!BX:BX,"Sim",'Base de Dados'!A:A,A15,'Base de Dados'!B:B,B15)/(COUNTIFS('Base de Dados'!BX:BX,"Sim",'Base de Dados'!A:A,A15,'Base de Dados'!B:B,B15)+(COUNTIFS('Base de Dados'!BX:BX,"Não",'Base de Dados'!A:A,A15,'Base de Dados'!B:B,B15)))),"Não Aplica") -> 1 | D15: Aprovado | E15: Coordenador de Manutenção | F15: Gabriel Silva Pimenta - 23/03/2026 08:57:47 | G15: Usuários_Images/Gabriel Silva Pimenta.Assinatura.121739.png | H15: Aprovado | I15: Coordenador de Processos | J15: Suélen Da Silva Rezende E Sousa - 23/03/2026 14:03:02 | K15: Usuários_Images/Suélen Da Silva Rezende E Sousa.Assinatura.131112.png | O15: Liberado | P15: 46104.585 | Q15: =IFERROR((COUNTIFS('Base de Dados'!DJ:DJ,"Sim",'Base de Dados'!A:A,A15,'Base de Dados'!B:B,B15)/(COUNTIFS('Base de Dados'!DJ:DJ,"Sim",'Base de Dados'!A:A,A15,'Base de Dados'!B:B,B15)+(COUNTIFS('Base de Dados'!DJ:DJ,"Não",'Base de Dados'!A:A,A15,'Base de Dados'!B:B,B15)))),"Não Aplica") -> 1 | R15: Aprovado | S15: Coordenador de Manutenção | T15: Gabriel Silva Pimenta - 27/03/2026 15:26:38 | U15: Usuários_Images/Gabriel Silva Pimenta.Assinatura.121739.png | V15: Aprovado | W15: Coordenador de Produção | X15: Ivan Ferreira Santos - 27/03/2026 15:29:06 | Y15: Usuários_Images/Ivan Ferreira Santos.Assinatura.162425.png | Z15: Aprovado | AA15: Coordenador de Processos | AB15: Suélen Da Silva Rezende E Sousa - 27/03/2026 15:29:14 | AC15: Usuários_Images/Suélen Da Silva Rezende E Sousa.Assinatura.131112.png | AG15: Liberado | AH15: 46108.645 | AI15: =IFERROR((COUNTIFS('Base de Dados'!EJ:EJ,"Sim",'Base de Dados'!A:A,A15,'Base de Dados'!B:B,B15)/(COUNTIFS('Base de Dados'!EJ:EJ,"Sim",'Base de Dados'!A:A,A15,'Base de Dados'!B:B,B15)+(COUNTIFS('Base de Dados'!EJ:EJ,"Não",'Base de Dados'!A:A,A15,'Base de Dados'!B:B,B15)))),"Não Aplica") -> 0.8 | AU15: Não Liberado | AW15: - | BQ15: Não Liberado | BS15: =IFERROR((COUNTIFS('Base de Dados'!FJ:FJ,"Sim",'Base de Dados'!A:A,A15,'Base de Dados'!B:B,B15)/(COUNTIFS('Base de Dados'!FJ:FJ,"Sim",'Base de Dados'!A:A,A15,'Base de Dados'!B:B,B15)+(COUNTIFS('Base de Dados'!FJ:FJ,"Não",'Base de Dados'!A:A,A15,'Base de Dados'!B:B,B15)))),"Não Aplica") -> 0 | CM15: Não Liberado | CO15: - | DI15: Não Liberada
A16: 10&20 - R.P.E | B16: Amostrador de bagaço | C16: =IFERROR((COUNTIFS('Base de Dados'!BX:BX,"Sim",'Base de Dados'!A:A,A16,'Base de Dados'!B:B,B16)/(COUNTIFS('Base de Dados'!BX:BX,"Sim",'Base de Dados'!A:A,A16,'Base de Dados'!B:B,B16)+(COUNTIFS('Base de Dados'!BX:BX,"Não",'Base de Dados'!A:A,A16,'Base de Dados'!B:B,B16)))),"Não Aplica") -> 0 | O16: Não Liberado | Q16: =IFERROR((COUNTIFS('Base de Dados'!DJ:DJ,"Sim",'Base de Dados'!A:A,A16,'Base de Dados'!B:B,B16)/(COUNTIFS('Base de Dados'!DJ:DJ,"Sim",'Base de Dados'!A:A,A16,'Base de Dados'!B:B,B16)+(COUNTIFS('Base de Dados'!DJ:DJ,"Não",'Base de Dados'!A:A,A16,'Base de Dados'!B:B,B16)))),"Não Aplica") -> 0 | AG16: Não Liberado | AI16: =IFERROR((COUNTIFS('Base de Dados'!EJ:EJ,"Sim",'Base de Dados'!A:A,A16,'Base de Dados'!B:B,B16)/(COUNTIFS('Base de Dados'!EJ:EJ,"Sim",'Base de Dados'!A:A,A16,'Base de Dados'!B:B,B16)+(COUNTIFS('Base de Dados'!EJ:EJ,"Não",'Base de Dados'!A:A,A16,'Base de Dados'!B:B,B16)))),"Não Aplica") -> 0 | AU16: Não Liberado | AW16: - | BQ16: Não Liberado | BS16: =IFERROR((COUNTIFS('Base de Dados'!FJ:FJ,"Sim",'Base de Dados'!A:A,A16,'Base de Dados'!B:B,B16)/(COUNTIFS('Base de Dados'!FJ:FJ,"Sim",'Base de Dados'!A:A,A16,'Base de Dados'!B:B,B16)+(COUNTIFS('Base de Dados'!FJ:FJ,"Não",'Base de Dados'!A:A,A16,'Base de Dados'!B:B,B16)))),"Não Aplica") -> 0 | CM16: Não Liberado | CO16: - | DI16: Não Liberada
A17: 10&20 - R.P.E | B17: Amostrador de caldo misto | C17: =IFERROR((COUNTIFS('Base de Dados'!BX:BX,"Sim",'Base de Dados'!A:A,A17,'Base de Dados'!B:B,B17)/(COUNTIFS('Base de Dados'!BX:BX,"Sim",'Base de Dados'!A:A,A17,'Base de Dados'!B:B,B17)+(COUNTIFS('Base de Dados'!BX:BX,"Não",'Base de Dados'!A:A,A17,'Base de Dados'!B:B,B17)))),"Não Aplica") -> 0 | O17: Não Liberado | Q17: =IFERROR((COUNTIFS('Base de Dados'!DJ:DJ,"Sim",'Base de Dados'!A:A,A17,'Base de Dados'!B:B,B17)/(COUNTIFS('Base de Dados'!DJ:DJ,"Sim",'Base de Dados'!A:A,A17,'Base de Dados'!B:B,B17)+(COUNTIFS('Base de Dados'!DJ:DJ,"Não",'Base de Dados'!A:A,A17,'Base de Dados'!B:B,B17)))),"Não Aplica") -> 0 | AG17: Não Liberado | AI17: =IFERROR((COUNTIFS('Base de Dados'!EJ:EJ,"Sim",'Base de Dados'!A:A,A17,'Base de Dados'!B:B,B17)/(COUNTIFS('Base de Dados'!EJ:EJ,"Sim",'Base de Dados'!A:A,A17,'Base de Dados'!B:B,B17)+(COUNTIFS('Base de Dados'!EJ:EJ,"Não",'Base de Dados'!A:A,A17,'Base de Dados'!B:B,B17)))),"Não Aplica") -> 0 | AU17: Não Liberado | AW17: - | BQ17: Não Liberado | BS17: =IFERROR((COUNTIFS('Base de Dados'!FJ:FJ,"Sim",'Base de Dados'!A:A,A17,'Base de Dados'!B:B,B17)/(COUNTIFS('Base de Dados'!FJ:FJ,"Sim",'Base de Dados'!A:A,A17,'Base de Dados'!B:B,B17)+(COUNTIFS('Base de Dados'!FJ:FJ,"Não",'Base de Dados'!A:A,A17,'Base de Dados'!B:B,B17)))),"Não Aplica") -> 0 | CM17: Não Liberado | CO17: - | DI17: Não Liberada
